student_id,grade,section_anon,pred_label,proba_critical,confianza,n_bajo_acumulada,t3_confirma_riesgo,categoria,modelo,fecha_ejecucion,Science_T3_pred,I_and_S_T3_pred,Mathematics_T3_pred,English_T3_pred,Lengua_Castellana_T3_pred,Mandarin_T3_pred,Financial_Maths_T3_pred,ICT_STEM_T3_pred,Physical_Education_T3_pred,Research_Methodology_T3_pred,Science_T3_pred_confiable,I_and_S_T3_pred_confiable,Mathematics_T3_pred_confiable,English_T3_pred_confiable,Lengua_Castellana_T3_pred_confiable,Mandarin_T3_pred_confiable,Financial_Maths_T3_pred_confiable,ICT_STEM_T3_pred_confiable,Physical_Education_T3_pred_confiable,Research_Methodology_T3_pred_confiable,Science_T3_p10,I_and_S_T3_p10,Mathematics_T3_p10,English_T3_p10,Lengua_Castellana_T3_p10,Mandarin_T3_p10,Financial_Maths_T3_p10,ICT_STEM_T3_p10,Physical_Education_T3_p10,Research_Methodology_T3_p10,Science_T3_p90,I_and_S_T3_p90,Mathematics_T3_p90,English_T3_p90,Lengua_Castellana_T3_p90,Mandarin_T3_p90,Financial_Maths_T3_p90,ICT_STEM_T3_p90,Physical_Education_T3_p90,Research_Methodology_T3_p90,Science_T3_amp,I_and_S_T3_amp,Mathematics_T3_amp,English_T3_amp,Lengua_Castellana_T3_amp,Mandarin_T3_amp,Financial_Maths_T3_amp,ICT_STEM_T3_amp,Physical_Education_T3_amp,Research_Methodology_T3_amp,incertidumbre_promedio,cluster,perfil,avg_T1,avg_T2,tendencia_general,n_bajo_T1,n_bajo_T2,total_absences,n_f1,n_f2,indice_disciplinario,n_destacadas_T2,min_nota_T2,marcador_LSC,Science_T1,Science_T2,Science_T3,I_and_S_T1,I_and_S_T2,I_and_S_T3,Mathematics_T1,Mathematics_T2,Mathematics_T3,English_T1,English_T2,English_T3,Lengua_Castellana_T1,Lengua_Castellana_T2,Lengua_Castellana_T3,Mandarin_T1,Mandarin_T2,Mandarin_T3,Financial_Maths_T1,Financial_Maths_T2,Financial_Maths_T3,ICT_STEM_T1,ICT_STEM_T2,ICT_STEM_T3,Physical_Education_T1,Physical_Education_T2,Physical_Education_T3,Research_Methodology_T1,Research_Methodology_T2,Research_Methodology_T3,Science_min_T3,I_and_S_min_T3,Mathematics_min_T3,English_min_T3,Lengua_Castellana_min_T3,Mandarin_min_T3,Financial_Maths_min_T3,ICT_STEM_min_T3,Physical_Education_min_T3,Research_Methodology_min_T3,pct_asistencia,late,early_leave,absence_class,total_absences_desc,n_f1_desc,n_f2_desc,proba_recovery,proba_riesgo,fecha_corte,fecha_corte_tag
25-142,9,9A,no_risk,0.04145169303259867,0.6767827929784008,0,False,Sin Riesgo,Random Forest v2,2026-06-02,4.84,5.41,4.09,4.4,5.01,5.31,5.45,4.97,5.75,5.28,confiable,confiable,confiable,confiable,confiable,orientativo,confiable,confiable,orientativo,no_viable,4.544984946236559,4.849444444444444,3.2679545454545456,3.5831818181818185,4.294198402948403,4.846442307692308,5.015616883116882,4.106216216216216,5.283142857142857,5.03721568627451,5.175447960076142,5.901666666666667,4.882809587699895,5.573,5.687142857142857,5.775277777777777,6.038607142857143,6.3374999999999995,6.19437614678899,5.563834033613445,0.6304630138395835,1.0522222222222233,1.6148550422453494,1.989818181818182,1.3929444541944536,0.9288354700854695,1.0229902597402605,2.231283783783783,0.911233289646133,0.5266183473389354,1.23,0,Rendimiento sólido,5.455,5.555000000000001,0.1,0,0,26,2,0,2,3,4.6,0,4.75,5.05,4.9,4.4,4.6,3.9,5.7,4.9,4.2,5.0,4.9,5.7,5.3,6.1,4.9,4.7,5.4,3.8,6.3,6.3,5.0,5.6,7.0,5.3,6.3,5.7,3.7,6.5,5.6,4.9,2.65,3.25,2.05,2.58,1.45,2.42,1.0,1.0,1.0,1.0,53.8,1,1,12,26,2,0,0.28176551398900046,0.3232172070215991,02 de June de 2026,02_06_26
22-174,9,9A,no_risk,0.07523204097793959,0.6529862956783279,0,False,Sin Riesgo,Random Forest v2,2026-06-02,5.01,5.5,4.22,4.63,5.2,5.61,5.81,4.72,6.04,5.32,confiable,confiable,confiable,confiable,confiable,orientativo,confiable,confiable,orientativo,no_viable,4.644898282041774,5.087083333333334,3.4979999999999998,3.849,4.5218181818181815,5.107692307692307,5.035714285714286,3.5547619047619046,5.391111111111111,5.00611111111111,5.337849324510614,5.989749999999999,4.887830075787794,5.603999999999999,5.953,6.133333333333334,6.7725,6.166666666666667,6.9350000000000005,5.614857142857143,0.6929510424688399,0.902666666666665,1.3898300757877942,1.754999999999999,1.4311818181818188,1.0256410256410264,1.7367857142857144,2.6119047619047624,1.5438888888888895,0.6087460317460325,1.37,0,Rendimiento sólido,5.785,5.77,-0.015000000000000124,0,0,25,5,0,5,5,4.0,0,5.25,5.2,4.8,5.1,5.0,5.5,5.3,4.0,5.5,6.4,6.1,5.8,6.0,6.0,6.2,6.2,5.1,5.6,6.1,6.8,7.0,5.4,7.0,7.0,6.2,6.2,6.8,5.9,6.3,5.9,2.16,2.43,3.03,1.0,1.0,1.53,1.0,1.0,1.0,1.0,28.0,2,0,18,25,5,0,0.27178166334373255,0.3470137043216721,02 de June de 2026,02_06_26
18-154,9,9A,no_risk,0.046950182603303824,0.7234223088126612,0,False,Sin Riesgo,Random Forest v2,2026-06-02,4.78,5.38,4.16,4.27,5.15,5.45,5.67,4.88,5.73,5.28,confiable,confiable,confiable,confiable,confiable,orientativo,confiable,confiable,orientativo,no_viable,4.49767192353644,5.0,3.4905,3.581752305665349,4.631954545454546,5.055760073260073,5.113896103896104,4.150144787644788,5.232426095820591,5.099705882352942,5.032819969278033,5.785247035573122,4.841,4.909166666666667,5.7345075757575765,5.934,6.524702380952379,6.166666666666667,6.244081576989834,5.556299019607843,0.5351480457415931,0.7852470355731223,1.3505000000000003,1.3274143610013178,1.1025530303030306,0.8782399267399272,1.4108062770562757,2.0165218790218793,1.0116554811692433,0.4565931372549006,1.087,0,Rendimiento sólido,5.369999999999999,5.62,0.25,0,0,24,6,0,6,2,4.4,0,5.0,5.4,4.0,4.7,4.4,5.3,4.4,4.4,5.5,5.5,5.7,5.6,5.8,5.9,5.1,5.4,5.6,5.4,5.3,6.3,7.0,5.4,7.0,7.0,6.3,5.7,4.9,5.9,5.8,5.3,2.2,3.17,3.4,1.6,1.22,1.75,1.3,1.0,1.0,1.22,62.5,4,1,9,24,6,0,0.229627508584035,0.2765776911873388,02 de June de 2026,02_06_26
24-082,9,9A,recovery,0.06698770000422635,0.47743137256997964,0,False,Sin Riesgo,Random Forest v2,2026-06-02,4.82,5.48,4.18,4.35,5.16,5.26,5.4,5.21,5.58,5.19,confiable,confiable,confiable,confiable,confiable,orientativo,confiable,confiable,orientativo,no_viable,4.418041218637993,5.0807142857142855,3.4045,3.6179999999999994,4.453,4.7,4.960223214285714,4.106216216216216,4.8741666666666665,4.666666666666667,5.149619047619047,5.966666666666667,4.887241840493677,5.093439153439154,5.762,5.746071428571429,5.9835714285714285,6.645945945945946,6.11797247706422,5.507126696832579,0.7315778289810542,0.8859523809523813,1.4827418404936767,1.4754391534391544,1.3089999999999993,1.0460714285714285,1.0233482142857149,2.5397297297297294,1.2438058103975536,0.8404600301659118,1.258,0,Rendimiento sólido,5.3149999999999995,5.6450000000000005,0.3300000000000002,0,0,107,0,1,3,3,4.4,0,4.35,5.15,5.6,4.6,4.6,4.6,4.1,4.4,3.8,5.8,5.5,5.8,6.2,6.2,6.1,4.8,4.8,4.3,6.3,6.8,,5.4,7.0,5.3,5.6,6.0,5.8,6.0,6.0,5.9,2.88,3.1,3.63,1.52,1.0,2.8,1.0,1.0,1.3,1.0,47.7,16,5,56,107,0,1,0.47743137256997964,0.544419072574206,02 de June de 2026,02_06_26
18-093,9,9A,no_risk,0.0,0.9362352134768325,0,False,Sin Riesgo,Random Forest v2,2026-06-02,6.09,6.43,5.81,5.61,5.95,5.59,5.71,6.15,6.42,5.38,confiable,confiable,confiable,confiable,confiable,orientativo,confiable,confiable,orientativo,no_viable,5.017153225806452,5.635178571428571,4.460933069224353,4.7,4.8125,4.974294871794872,5.035714285714286,4.218214285714287,5.545714285714285,5.291176470588234,6.6447142857142865,7.0,6.5,6.546571428571428,6.768,6.25,6.318333333333333,7.0,6.9871428571428575,5.583319327731092,1.6275610599078343,1.364821428571429,2.039066930775647,1.846571428571428,1.9554999999999998,1.2757051282051277,1.2826190476190478,2.7817857142857134,1.4414285714285722,0.29214285714285815,1.591,0,Rendimiento sólido,6.26,6.49,0.2299999999999999,0,0,22,2,0,2,10,6.1,0,6.4,6.4,5.55,6.2,6.6,6.3,6.4,6.7,6.1,6.1,6.1,6.6,6.1,6.3,6.3,6.1,6.1,6.3,7.0,6.5,7.0,5.9,7.0,7.0,6.3,6.6,6.4,6.1,6.6,6.2,1.0,1.0,1.0,1.0,1.0,1.0,1.0,1.0,1.0,1.0,68.2,5,0,7,22,2,0,0.0637647865231678,0.0637647865231678,02 de June de 2026,02_06_26
15-011,9,9A,no_risk,0.030153890920003677,0.864081197308444,0,False,Sin Riesgo,Random Forest v2,2026-06-02,5.15,5.51,4.38,5.0,5.01,5.5,5.82,5.02,5.95,5.23,confiable,confiable,confiable,confiable,confiable,orientativo,confiable,confiable,orientativo,no_viable,4.649981611344865,4.738333333333334,3.4,4.015894736842105,3.9257142857142857,4.9972649572649575,5.160892857142857,4.018000000000001,5.237981651376146,4.7998039215686275,6.156524731182795,6.684307692307692,6.233333333333333,6.093,6.101666666666667,6.067252747252747,6.666666666666667,6.745833333333333,6.58532110091743,5.572731092436975,1.5065431198379304,1.9459743589743574,2.8333333333333335,2.077105263157895,2.175952380952381,1.0699877899877892,1.5057738095238102,2.727833333333332,1.347339449541284,0.7729271708683472,1.796,0,Rendimiento sólido,5.84,6.035,0.19500000000000012,0,0,42,7,0,7,7,4.4,0,5.1,6.45,5.15,5.8,5.0,5.4,5.4,4.4,3.9,6.0,6.2,6.4,5.2,6.1,4.6,5.6,6.0,5.7,6.5,6.8,7.0,6.1,7.0,7.0,6.1,6.1,5.9,6.6,6.3,5.5,1.34,1.9,2.65,1.0,1.52,1.3,1.0,1.0,1.0,1.0,40.5,0,2,25,42,7,0,0.10576491177155235,0.13591880269155604,02 de June de 2026,02_06_26
15-049,9,9A,no_risk,0.06434783114367365,0.6958478144264545,0,False,Sin Riesgo,Random Forest v2,2026-06-02,4.95,5.53,4.42,4.51,5.05,5.38,5.47,5.24,5.95,5.29,confiable,confiable,confiable,confiable,confiable,orientativo,confiable,confiable,orientativo,no_viable,4.520556643625192,4.748928571428571,3.2625,3.5545454545454542,4.0,4.95,5.035714285714286,4.067536855036855,5.332074413863404,5.089382352941176,5.3885494623655905,6.390357142857143,5.854285714285714,5.816999999999999,5.9,5.970307692307692,6.302714285714285,6.867142857142857,6.734285714285714,5.615602240896358,0.8679928187403982,1.6414285714285715,2.591785714285714,2.262454545454545,1.9000000000000004,1.020307692307692,1.2669999999999995,2.7996060021060023,1.4022113004223096,0.5262198879551816,1.628,0,Rendimiento sólido,5.485,5.775,0.2900000000000002,0,0,42,8,1,11,5,4.2,0,4.75,6.15,5.5,4.9,4.2,4.5,6.0,4.6,3.9,4.6,5.2,3.7,5.6,6.4,4.3,6.1,5.3,5.0,5.0,6.8,7.0,6.1,7.0,5.3,6.1,6.4,4.7,5.7,5.7,5.9,1.83,3.18,2.05,2.65,1.0,1.45,1.15,1.0,1.0,1.45,73.8,13,0,11,42,8,1,0.23980435442987164,0.3041521855735453,02 de June de 2026,02_06_26
21-052,9,9A,critical,0.33481902762965293,0.5854656135853666,2,False,Riesgo Teórico,Random Forest v2,2026-06-02,4.59,5.17,3.65,4.07,4.52,5.06,4.98,4.45,5.75,5.31,confiable,confiable,confiable,confiable,confiable,orientativo,confiable,confiable,orientativo,no_viable,3.9867999999999997,4.4875,2.955428571428571,3.065,3.6636742424242423,4.598999999999999,4.517857142857142,2.5675,5.024192660550459,5.066553921568627,5.023377419354839,5.80375,4.482215851172273,5.18,5.116918904958677,5.4552564102564105,5.547728571428571,5.857445945945945,6.502,5.64003803245436,1.0365774193548392,1.3162500000000001,1.526787279743702,2.1149999999999998,1.4532446625344346,0.8562564102564112,1.029871428571429,3.289945945945945,1.4778073394495408,0.5734841108857331,1.468,1,Riesgo multidimensional,4.705,5.11,0.4049999999999999,2,2,161,0,0,0,2,3.1,0,4.05,4.9,4.9,2.7,3.1,4.5,4.0,3.4,3.0,4.7,5.2,4.6,5.0,5.8,4.3,3.9,5.1,3.3,5.5,6.8,,5.1,7.0,7.0,6.2,5.6,4.9,5.9,4.2,5.3,3.29,5.65,4.45,2.57,1.9,3.25,1.0,1.0,1.15,2.42,40.4,4,10,96,161,0,0,0.5854656135853666,0.9202846412150196,02 de June de 2026,02_06_26
14-046,9,9A,recovery,0.17220621974710557,0.575681323484554,0,False,Sin Riesgo,Random Forest v2,2026-06-02,4.56,4.92,3.55,3.74,4.64,5.09,5.17,4.41,5.76,5.35,confiable,confiable,confiable,confiable,confiable,orientativo,confiable,confiable,orientativo,no_viable,4.059523809523809,3.5225,3.0,2.933333333333333,3.9725000000000006,4.600925390399074,4.8325,3.4625,5.025,5.083466386554622,4.913500597371565,5.612499999999999,4.334029640084686,4.5,5.154646464646465,5.543571428571429,5.65,5.165874999999999,6.5,5.681840336134453,0.8539767878477553,2.089999999999999,1.3340296400846858,1.5666666666666669,1.1821464646464643,0.9426460381723549,0.8175000000000008,1.703374999999999,1.4749999999999996,0.5983739495798313,1.256,0,Rendimiento sólido,4.819999999999999,5.37,0.5499999999999999,1,0,33,1,0,1,2,4.0,0,4.2,4.9,4.05,4.0,4.2,4.1,5.0,4.3,3.1,3.7,4.0,4.7,5.1,5.7,4.7,4.2,5.5,4.0,5.4,6.8,,4.8,7.0,5.3,6.4,6.0,3.1,5.4,5.3,5.3,3.18,3.85,3.03,4.22,1.9,2.73,1.0,1.15,1.0,1.98,72.7,2,0,9,33,1,0,0.575681323484554,0.7478875432316596,02 de June de 2026,02_06_26
15-032,9,9A,no_risk,0.0024865550006471448,0.9067632160303783,0,False,Sin Riesgo,Random Forest v2,2026-06-02,5.46,5.92,5.14,5.05,5.53,5.61,5.6,5.1,6.32,5.38,confiable,confiable,confiable,confiable,confiable,orientativo,confiable,confiable,orientativo,no_viable,4.778375,5.300701754385965,3.892171809841535,4.0568,4.544871794871795,5.077275641025641,5.035714285714286,3.53,5.703480504587157,5.21360294117647,6.469660522273425,6.721,6.279999999999999,6.050454545454546,6.300000000000001,6.25,6.221571428571427,7.0,7.0,5.602,1.691285522273425,1.4202982456140347,2.3878281901584644,1.9936545454545458,1.755128205128206,1.1727243589743592,1.1858571428571416,3.47,1.2965194954128432,0.3883970588235304,1.676,0,Rendimiento sólido,5.87,6.165,0.2949999999999998,0,0,74,3,0,3,6,5.5,0,5.6,5.75,4.65,5.4,5.5,5.5,6.0,6.1,5.8,5.6,5.5,6.1,5.9,6.8,6.1,6.4,6.1,5.3,5.6,6.8,,6.1,7.0,5.3,6.2,6.5,4.7,5.9,5.6,5.7,1.49,1.82,1.0,1.68,1.0,1.0,1.0,1.0,1.0,1.38,70.3,6,0,22,74,3,0,0.09075022896897447,0.09323678396962162,02 de June de 2026,02_06_26
25-154,9,9A,critical,0.3459479549474434,0.5454586211402472,1,False,Riesgo Teórico,Random Forest v2,2026-06-02,4.57,4.98,3.76,3.78,4.59,4.96,5.0,4.61,5.67,5.3,confiable,confiable,confiable,confiable,confiable,orientativo,confiable,confiable,orientativo,no_viable,4.093728571428571,3.786,3.0,2.8821428571428576,3.8625,4.347857142857142,4.497142857142857,3.697272727272727,4.95,4.9644012605042,5.002578690127077,5.682189440993788,4.85,4.669225806451612,5.083977272727274,5.452959866220735,5.539339285714286,5.580514800514799,6.338844036697247,5.601823529411765,0.9088501186985063,1.8961894409937883,1.8499999999999996,1.7870829493087546,1.2214772727272738,1.1051027233635926,1.0421964285714287,1.8832420732420725,1.3888440366972468,0.6374222689075646,1.372,1,Riesgo multidimensional,4.5600000000000005,5.17,0.6099999999999999,2,1,54,21,0,21,2,3.7,1,4.7,4.9,4.45,4.0,4.1,4.6,4.9,3.7,3.2,3.7,4.0,4.4,4.9,5.4,3.6,4.2,5.5,5.4,3.4,6.1,4.0,4.6,7.0,5.2,6.0,5.5,2.9,5.2,5.5,5.5,2.8,3.92,3.55,4.22,2.28,2.73,2.88,1.3,1.38,1.98,55.6,11,1,24,54,21,0,0.5454586211402472,0.8914065760876906,02 de June de 2026,02_06_26
22-195,9,9A,no_risk,0.16504404737337508,0.4238161232390504,0,False,Sin Riesgo,Random Forest v2,2026-06-02,4.67,5.04,3.72,3.83,4.71,5.24,5.28,4.62,5.66,5.38,confiable,confiable,confiable,confiable,confiable,orientativo,confiable,confiable,orientativo,no_viable,4.338047619047619,4.0874999999999995,3.0985714285714288,2.83,4.067637987012987,4.575058379120879,4.849151785714286,3.9809090909090905,4.98,5.0245798319327735,5.00160394265233,5.6499999999999995,4.5504514727184935,4.797142857142858,5.1910606060606055,5.933333333333334,5.876785714285714,5.230035135135134,6.212027170077629,5.725672268907562,0.6635563236047108,1.5625,1.4518800441470647,1.967142857142858,1.1234226190476182,1.3582749542124546,1.0276339285714284,1.2491260442260437,1.2320271700776289,0.7010924369747888,1.234,0,Rendimiento sólido,4.865,5.58,0.715,1,0,41,9,0,9,3,4.2,0,4.25,4.9,4.25,4.1,4.2,4.5,4.9,4.3,5.0,4.2,5.6,4.7,4.9,6.0,4.3,5.8,5.6,4.2,3.9,6.3,,5.1,7.0,5.3,6.0,5.8,6.1,5.5,6.1,6.8,3.14,3.78,3.1,2.65,1.83,1.45,2.35,1.0,1.15,1.3,61.0,9,1,16,41,9,0,0.41113982938757476,0.5761838767609498,02 de June de 2026,02_06_26
15-033,9,9A,critical,0.30930370175560873,0.5479264214539974,1,False,Riesgo Teórico,Random Forest v2,2026-06-02,4.66,5.02,3.59,3.77,4.63,5.11,5.02,4.59,5.69,5.3,confiable,confiable,confiable,confiable,confiable,orientativo,confiable,confiable,orientativo,no_viable,4.2885,3.9135416666666663,2.9657142857142857,2.7474999999999996,3.694,4.609,4.516071428571428,3.8793181818181814,4.945,4.775333333333333,5.029019354838709,5.6499999999999995,4.473126772310259,4.939999999999998,5.116918904958677,5.590000000000001,5.678571428571428,5.435595238095239,6.471428571428571,5.680411764705882,0.7405193548387095,1.7364583333333332,1.5074124865959733,2.192499999999998,1.422918904958677,0.9810000000000008,1.1624999999999996,1.5562770562770574,1.5264285714285704,0.9050784313725488,1.373,1,Riesgo multidimensional,4.65,5.339999999999999,0.6900000000000002,1,1,70,4,0,4,2,3.4,0,4.0,5.0,3.75,4.4,4.2,4.4,4.7,3.4,3.5,4.7,5.2,4.7,5.1,6.0,4.0,4.5,4.9,3.7,1.6,6.5,,5.9,7.0,3.6,6.3,5.3,6.2,5.3,5.9,5.7,3.25,3.55,3.92,2.57,1.68,2.95,3.92,1.0,1.3,1.6,77.1,5,3,16,70,4,0,0.5479264214539974,0.8572301232096061,02 de June de 2026,02_06_26
23-172,9,9A,critical,0.5511082716695058,0.5511082716695058,4,True,Riesgo Confirmado,Random Forest v2,2026-06-02,4.61,5.13,3.9,3.61,4.49,4.91,4.95,4.48,5.74,5.3,confiable,confiable,confiable,confiable,confiable,orientativo,confiable,confiable,orientativo,no_viable,3.9861666666666666,4.392916666666666,3.0,2.49875,3.595,4.347857142857142,4.477857142857143,2.7583333333333337,4.8662857142857145,5.012761904761904,5.076236559139785,5.860666666666667,4.97137614678899,4.416764705882353,5.028301985370952,5.416781674208144,5.435714285714286,5.766192714453584,6.527499999999999,5.566666666666666,1.0900698924731183,1.4677500000000006,1.97137614678899,1.9180147058823533,1.4333019853709517,1.0689245313510014,0.9578571428571427,3.00785938112025,1.6612142857142844,0.5539047619047626,1.513,1,Riesgo multidimensional,3.7399999999999998,4.62,0.8800000000000001,7,2,69,6,1,9,1,2.9,0,3.5,4.6,4.1,3.8,4.8,3.6,3.3,2.9,4.5,2.4,3.9,4.4,3.9,5.9,4.6,3.3,4.9,2.7,1.8,4.0,5.0,4.2,7.0,3.6,5.3,4.1,3.7,5.9,4.1,5.5,3.93,3.55,5.35,5.28,2.65,3.85,5.65,1.6,2.95,2.5,50.7,6,4,34,69,6,1,0.4173855645281881,0.9684938361976939,02 de June de 2026,02_06_26
22-125,9,9A,critical,0.4814109336114025,0.4814109336114025,2,False,Riesgo Teórico,Random Forest v2,2026-06-02,4.55,4.98,3.69,3.83,4.47,5.05,5.03,4.0,5.62,5.28,confiable,confiable,confiable,confiable,confiable,orientativo,confiable,confiable,orientativo,no_viable,3.93515,3.6525,2.9979999999999998,2.7483333333333335,3.5500000000000003,4.4,4.194642857142856,2.091666666666667,4.9,4.739635854341737,5.022217357910906,5.8,4.557555701179554,4.999714285714286,5.204000000000001,5.502637362637363,5.680928571428571,5.22683277027027,6.290126146788991,5.598014705882353,1.0870673579109056,2.1475,1.5595557011795544,2.2513809523809525,1.6540000000000004,1.1026373626373625,1.4862857142857147,3.135166103603603,1.3901261467889903,0.8583788515406159,1.667,1,Riesgo multidimensional,4.8,4.96,0.16000000000000014,2,2,101,12,0,12,2,3.1,0,3.9,4.9,4.15,4.2,4.0,5.2,5.1,3.1,3.5,3.3,4.4,5.4,5.0,5.0,4.4,4.0,3.8,3.9,5.6,6.3,6.0,5.1,7.0,1.9,6.5,6.0,2.9,5.3,5.1,5.7,3.4,3.85,3.85,4.23,2.5,4.15,1.08,1.0,1.0,2.2,62.4,16,3,38,101,12,0,0.4656332386841179,0.9470441722955204,02 de June de 2026,02_06_26
14-035,9,9A,recovery,0.14537608463886997,0.44707118279689884,0,False,Sin Riesgo,Random Forest v2,2026-06-02,4.81,5.33,3.99,4.17,4.89,5.23,5.2,4.9,5.73,5.23,confiable,confiable,confiable,confiable,confiable,orientativo,confiable,confiable,orientativo,no_viable,4.480166532258064,4.4875,3.049,3.0298701298701296,3.8903409090909093,4.788087912087911,4.640089285714286,3.88,5.195714285714286,4.921964285714286,5.179506093189964,5.988124999999999,4.872869405664139,5.361285714285713,5.730189393939393,5.68945701357466,5.918279220779221,6.284944144144145,6.268752293577982,5.52202614379085,0.6993395609319002,1.5006249999999994,1.8238694056641394,2.3314155844155833,1.839848484848484,0.9013691014867486,1.278189935064935,2.404944144144145,1.0730380078636959,0.6000618580765638,1.445,0,Rendimiento sólido,5.63,5.279999999999999,-0.35000000000000014,0,1,27,10,0,10,3,3.9,0,5.2,5.0,4.0,5.0,4.0,4.1,5.3,3.9,3.0,4.4,4.4,4.6,6.1,6.1,4.3,4.9,4.6,4.4,6.5,6.0,,5.9,7.0,6.9,6.9,6.3,5.2,6.1,5.5,5.3,2.35,3.25,3.1,3.4,1.0,2.88,1.0,1.0,1.0,1.3,70.4,4,0,8,27,10,0,0.44707118279689884,0.5924472674357688,02 de June de 2026,02_06_26
20-078,9,9A,no_risk,0.02042169399172186,0.7387720060246945,0,False,Sin Riesgo,Random Forest v2,2026-06-02,4.85,5.33,4.01,4.29,5.16,5.4,5.52,4.89,5.64,5.26,confiable,confiable,confiable,confiable,confiable,orientativo,confiable,confiable,orientativo,no_viable,4.570425310173697,4.853928571428571,3.2225,3.566071428571429,4.5900378787878795,5.0887692307692305,5.035714285714286,4.098716216216217,4.894,4.991176470588235,5.137479838709678,5.769249249249249,4.723792326939115,5.027321428571428,5.742863636363637,5.8,6.038607142857143,6.008992628992629,6.153073394495412,5.567142857142857,0.5670545285359809,0.9153206778206782,1.5012923269391152,1.4612499999999988,1.1528257575757577,0.7112307692307693,1.0028928571428573,1.9102764127764118,1.2590733944954122,0.5759663865546214,1.106,0,Rendimiento sólido,5.3549999999999995,5.735,0.38000000000000017,0,0,29,3,0,3,3,4.3,0,4.25,5.95,4.8,5.1,4.9,4.7,4.8,4.3,3.8,5.6,5.4,5.2,5.6,6.3,5.3,5.1,6.0,4.8,6.0,6.8,,5.7,7.0,7.0,5.5,4.9,5.3,5.9,5.8,5.9,2.35,2.5,3.18,1.75,1.08,1.68,1.0,1.0,2.2,1.22,51.7,4,0,14,29,3,0,0.2408062999835834,0.2612279939753053,02 de June de 2026,02_06_26
24-209,9,9A,no_risk,0.008879467778308357,0.9143773676414978,0,False,Sin Riesgo,Random Forest v2,2026-06-02,6.32,6.45,6.08,5.62,6.09,5.63,5.55,6.53,6.37,5.49,confiable,confiable,confiable,confiable,confiable,orientativo,confiable,confiable,orientativo,no_viable,5.717491039426523,5.8,5.596363636363636,5.049285714285714,5.570833333333334,4.963653846153846,5.035714285714286,5.5,5.2325,5.291176470588234,6.702,7.0,6.4525,6.36,6.575,6.333333333333333,6.0755,7.0,6.95,5.963725490196079,0.9845089605734767,1.2000000000000002,0.8561363636363639,1.310714285714286,1.0041666666666664,1.3696794871794866,1.0397857142857143,1.5,1.7175000000000002,0.6725490196078443,1.166,0,Rendimiento sólido,6.3100000000000005,6.375000000000001,0.06500000000000013,0,0,38,4,0,4,7,5.1,0,5.5,6.85,5.8,5.9,6.0,5.4,6.1,6.2,6.4,6.8,6.4,6.4,6.1,6.7,6.1,6.5,6.0,6.0,6.8,6.8,,6.6,7.0,7.0,6.1,5.1,6.8,6.7,6.7,6.2,1.0,1.08,1.0,1.0,1.0,1.0,1.0,1.0,1.6,1.0,68.4,4,2,12,38,4,0,0.07674316458019391,0.08562263235850226,02 de June de 2026,02_06_26
15-044,9,9B,critical,0.54042341846319,0.54042341846319,0,False,Riesgo Teórico,Random Forest v2,2026-06-02,4.68,4.66,3.41,4.89,3.86,5.01,3.94,4.74,5.36,4.95,confiable,confiable,confiable,confiable,confiable,orientativo,confiable,confiable,orientativo,no_viable,4.1000000000000005,3.486,2.481142857142857,3.2950000000000004,3.169285714285714,4.332857142857143,2.3333333333333335,3.6999999999999997,4.5,4.165161764705882,5.062513978494624,5.610833333333332,4.669764525993884,6.204,4.743402597402597,5.487884615384615,5.122619047619048,6.101828828828828,6.013005679335954,5.375978609625667,0.9625139784946235,2.124833333333332,2.188621668851027,2.9089999999999994,1.5741168831168832,1.1550274725274718,2.789285714285714,2.4018288288288283,1.5130056793359543,1.2108168449197851,1.883,1,Riesgo multidimensional,4.755000000000001,4.805,0.050000000000000086,1,2,109,11,0,11,1,3.4,0,4.65,4.95,5.0,4.0,3.8,4.6,4.8,3.4,4.7,4.3,4.7,5.6,4.7,4.2,3.7,4.6,4.4,5.7,3.6,4.8,6.5,5.1,6.6,4.7,6.6,5.8,4.5,5.2,5.4,4.9,2.8,4.15,3.85,3.25,3.32,3.25,3.7,1.23,1.0,2.05,54.1,34,2,50,109,11,0,0.39314804162439554,0.9335714600875855,02 de June de 2026,02_06_26
15-009,9,9B,critical,0.6536842943758961,0.6536842943758961,0,False,Riesgo Teórico,Random Forest v2,2026-06-02,4.89,4.97,3.46,5.39,3.68,5.05,3.74,5.05,5.62,5.23,confiable,confiable,confiable,confiable,confiable,orientativo,confiable,confiable,orientativo,no_viable,4.542657450076804,4.25,2.3325,3.9427179487179487,3.0657142857142854,4.631923076923076,2.15,4.166153846153846,5.003440366972477,4.65,5.19554435483871,5.6342307692307685,4.67143119266055,6.441,4.6119405594405585,5.427564102564102,5.051601708074535,6.8745681345681335,6.29631498470948,5.648014705882352,0.6528869047619059,1.3842307692307685,2.33893119266055,2.498282051282051,1.546226273726273,0.795641025641026,2.901601708074535,2.7084142884142874,1.2928746177370032,0.9980147058823521,1.712,1,Riesgo multidimensional,4.970000000000001,4.930000000000001,-0.040000000000000036,1,2,27,7,0,7,2,3.0,0,5.1,4.4,4.6,4.4,3.0,4.5,4.9,3.7,4.4,6.2,6.4,5.0,4.7,4.1,3.7,4.9,4.4,3.9,2.1,6.0,4.6,5.1,6.1,3.4,6.0,5.6,5.4,6.3,5.6,6.2,2.88,4.45,3.55,1.0,3.4,3.03,3.93,1.6,1.3,1.08,37.0,1,0,17,27,7,0,0.26660797604511377,0.9202922704210099,02 de June de 2026,02_06_26
14-002,9,9B,no_risk,0.027713940307750876,0.8081796784335215,0,False,Sin Riesgo,Random Forest v2,2026-06-02,5.15,5.29,3.79,6.11,4.18,5.38,5.57,6.06,5.75,5.36,confiable,confiable,confiable,confiable,confiable,orientativo,confiable,confiable,orientativo,no_viable,4.731954545454546,4.548333333333333,3.2158639143730894,5.287956989247311,3.5666666666666664,5.107692307692307,4.254553571428572,4.452937062937063,4.752000000000001,4.991037491919845,5.511217741935483,5.784,4.682833333333335,6.800000000000001,4.745714285714285,5.6466666666666665,7.0,7.0,6.418338794233289,5.82,0.7792631964809367,1.235666666666667,1.4669694189602454,1.5120430107526897,1.1790476190476182,0.5389743589743592,2.7454464285714284,2.547062937062937,1.6663387942332886,0.8289625080801555,1.45,0,Rendimiento sólido,5.795,5.46,-0.33500000000000024,0,0,13,1,0,1,3,4.1,0,5.45,5.6,5.2,5.0,5.3,4.7,6.0,4.3,5.4,5.3,5.8,6.4,4.7,4.1,4.8,6.0,5.8,5.9,6.8,6.3,6.4,6.2,6.1,5.2,6.6,6.1,5.0,5.9,5.2,5.9,1.71,2.28,2.28,1.68,3.4,1.15,1.0,1.0,1.0,1.67,46.2,0,1,7,13,1,0,0.16410638125872767,0.19182032156647855,02 de June de 2026,02_06_26
18-039,9,9B,no_risk,0.004128660301086743,0.9649759004435368,0,False,Sin Riesgo,Random Forest v2,2026-06-02,5.63,6.05,4.74,6.17,4.93,5.33,5.72,6.48,6.3,5.45,confiable,confiable,confiable,confiable,confiable,orientativo,confiable,confiable,orientativo,no_viable,5.076236559139785,5.294868421052632,3.5440384615384617,5.3,3.9921969696969692,5.0842307692307696,5.035714285714286,4.926813655761024,5.4687301587301596,5.291176470588234,6.45,6.95,6.236,6.8500000000000005,6.3,5.700769230769231,7.0,7.0,6.935,5.8999999999999995,1.3737634408602153,1.6551315789473682,2.691961538461538,1.5500000000000007,2.3078030303030306,0.616538461538461,1.9642857142857144,2.0731863442389757,1.46626984126984,0.6088235294117652,1.631,0,Rendimiento sólido,6.1450000000000005,6.005,-0.14000000000000004,0,0,38,0,0,0,5,4.5,0,6.45,5.65,5.75,6.2,6.0,6.4,6.2,5.7,5.4,6.1,6.1,6.7,5.0,4.5,4.8,5.5,5.5,5.4,7.0,6.8,6.4,5.9,7.0,6.6,6.2,6.4,6.6,6.9,6.4,6.5,1.0,1.0,1.08,1.0,2.88,1.75,1.0,1.0,1.0,1.0,42.1,6,0,22,38,0,0,0.03089543925537677,0.03502409955646351,02 de June de 2026,02_06_26
24-210,8,8A,recovery,0.08278307734030887,0.48086830890114574,1,False,Sin Riesgo,Random Forest v2,2026-06-02,4.48,5.34,4.54,4.42,4.8,5.06,5.17,4.75,5.52,5.27,confiable,confiable,confiable,confiable,confiable,orientativo,confiable,confiable,orientativo,no_viable,3.3821666666666665,4.6235,3.312064220183486,3.599848484848485,4.008,4.4,4.736250000000001,3.6977477477477474,4.574166666666667,5.154941176470589,5.150333333333331,5.987499999999999,5.451666666666666,5.60102564102564,5.508850267379678,5.6,5.879642857142858,6.643571428571429,6.375277777777778,5.476029411764706,1.7681666666666649,1.363999999999999,2.13960244648318,2.0011771561771545,1.5008502673796782,1.1999999999999993,1.1433928571428567,2.9458236808236813,1.801111111111111,0.3210882352941171,1.619,0,Rendimiento sólido,5.133333333333334,5.122222222222224,-0.011111111111110973,0,0,50,8,0,8,0,4.4,0,4.6,4.4,2.9,4.6,4.7,5.0,4.7,5.2,5.3,5.6,6.0,5.7,5.5,5.6,4.8,4.8,4.9,4.4,5.2,4.6,5.4,4.7,5.0,6.8,6.5,5.7,5.5,,,,3.25,3.03,2.57,1.3,1.68,2.72,2.65,2.72,1.0,,44.0,6,0,28,50,8,0,0.48086830890114574,0.5636513862414546,02 de June de 2026,02_06_26
25-207,8,8A,recovery,0.18722537559314828,0.42808692263219894,0,False,Sin Riesgo,Random Forest v2,2026-06-02,4.69,5.57,4.69,4.17,4.74,4.86,4.94,4.96,5.66,5.31,confiable,confiable,confiable,confiable,confiable,orientativo,confiable,confiable,orientativo,no_viable,3.9859305210918112,4.744642857142857,3.3478190158465395,3.0957142857142856,3.9925,4.29875,4.700000000000001,3.2966666666666664,4.93375,5.256836349924585,5.210428571428571,6.557499999999999,6.0275,5.551666666666667,5.358428571428573,5.433641025641026,5.507678571428572,6.626177606177606,6.457,5.443046218487395,1.2244980503367602,1.8128571428571423,2.6796809841534603,2.455952380952381,1.3659285714285727,1.1348910256410258,0.8076785714285712,3.3295109395109397,1.52325,0.18620986856280997,1.652,0,Rendimiento sólido,4.9,5.133333333333333,0.2333333333333332,2,0,12,6,0,6,1,4.1,0,5.1,4.1,5.4,6.4,5.8,6.4,3.6,4.1,4.5,2.9,5.3,5.4,5.0,5.4,5.9,4.6,5.1,5.0,4.8,5.3,6.2,5.7,5.0,5.0,6.0,6.1,5.8,,,,3.1,1.0,4.23,3.85,2.2,2.73,2.43,1.98,1.0,,50.0,4,0,6,12,6,0,0.42808692263219894,0.6153122982253472,02 de June de 2026,02_06_26
16-018,8,8A,no_risk,0.057044974984763984,0.7487465757947992,0,False,Sin Riesgo,Random Forest v2,2026-06-02,4.74,5.71,4.44,4.25,5.23,5.2,5.28,5.58,5.78,5.25,confiable,confiable,confiable,confiable,confiable,orientativo,confiable,confiable,orientativo,no_viable,4.422942100909842,5.1957051282051285,3.6146666666666665,3.689206349206349,4.499517045454546,4.647419871794872,5.003258928571429,4.387558247903076,5.332468723936613,5.10672268907563,5.082890322580646,6.3999999999999995,5.245,4.8741666666666665,5.8999999999999995,5.666666666666667,5.67595238095238,6.8,6.244081576989834,5.398667820069203,0.6599482216708035,1.204294871794871,1.6303333333333336,1.1849603174603174,1.4004829545454536,1.019246794871795,0.6726934523809511,2.4124417520969237,0.9116128530532208,0.29194513099357344,1.139,0,Rendimiento sólido,5.233333333333333,5.388888888888888,0.1555555555555557,0,0,11,2,0,2,0,4.4,0,5.7,4.7,4.1,5.5,5.3,6.1,4.0,4.4,3.9,4.3,4.9,3.8,5.6,6.0,6.9,5.0,5.7,4.6,5.7,5.6,5.7,5.1,6.0,6.9,6.2,5.9,5.1,,,,2.2,1.9,3.7,3.1,1.3,1.98,1.52,1.68,1.0,,81.8,5,0,2,11,2,0,0.19420844922043676,0.25125342420520075,02 de June de 2026,02_06_26
16-010,8,8A,recovery,0.24369854071843638,0.5327802546817662,1,False,Sin Riesgo,Random Forest v2,2026-06-02,4.84,5.45,4.33,4.52,4.86,5.22,5.09,5.54,5.76,5.25,confiable,confiable,confiable,confiable,confiable,orientativo,confiable,confiable,orientativo,no_viable,4.462679435483871,4.993333333333333,3.312064220183486,3.4966666666666666,3.82375,4.847884615384616,4.665,4.3580130327956415,5.248684210526315,5.0721533613445375,5.234024532597113,6.106425,5.116091743119266,6.020010683760683,5.742666666666667,5.568333333333333,5.540761904761905,6.889300069300069,6.284128440366972,5.452007352941176,0.7713450971132421,1.1130916666666666,1.8040275229357796,2.5233440170940162,1.9189166666666666,0.7204487179487176,0.8757619047619052,2.5312870365044278,1.0354442298406568,0.37985399159663835,1.367,1,Riesgo multidimensional,5.211111111111112,4.71111111111111,-0.5,1,2,44,1,0,1,1,3.6,1,4.3,4.4,5.1,5.7,3.9,3.9,5.4,4.4,5.4,3.4,3.6,3.7,5.7,4.9,5.8,4.9,5.3,5.8,5.2,4.1,5.7,5.6,7.0,6.9,6.7,4.8,5.7,,,,3.47,2.8,2.65,4.75,2.05,2.35,3.03,1.0,1.38,,36.4,3,1,28,44,1,0,0.5327802546817662,0.7764787954002026,02 de June de 2026,02_06_26
25-262,8,8A,critical,0.47117794318926315,0.47117794318926315,0,False,Riesgo Teórico,Random Forest v2,2026-06-02,4.58,5.43,4.15,3.81,4.41,4.96,4.86,4.05,5.9,5.33,confiable,confiable,confiable,confiable,confiable,orientativo,confiable,confiable,orientativo,no_viable,3.8913709677419352,4.83375,3.0324999999999998,2.5285714285714285,3.2163333333333335,4.4,4.004464285714286,1.794,5.3,5.2065231092436965,5.076236559139785,6.125416666666666,5.3105548274355625,4.8999999999999995,5.186477272727272,5.444945054945054,5.522785714285715,5.61376811594203,6.604220183486238,5.567287581699346,1.1848655913978496,1.291666666666666,2.2780548274355628,2.371428571428571,1.9701439393939384,1.044945054945054,1.5183214285714293,3.8197681159420296,1.3042201834862386,0.36076447245564935,1.714,1,Riesgo multidimensional,,5.066666666666666,,0,2,24,1,0,1,2,2.7,0,,4.3,5.4,,4.5,5.0,,2.7,4.3,,3.9,4.6,,5.5,5.6,,5.8,5.5,,5.4,5.9,,7.0,7.0,,6.5,6.9,,,,,,,,,,,,,,70.8,2,2,7,24,1,0,0.40844733341192796,0.8796252766011912,02 de June de 2026,02_06_26
16-082,8,8A,no_risk,0.17098404525721475,0.49705131447635076,0,False,Sin Riesgo,Random Forest v2,2026-06-02,4.73,5.48,4.57,4.12,4.76,4.88,5.02,4.89,5.63,5.29,confiable,confiable,confiable,confiable,confiable,orientativo,confiable,confiable,orientativo,no_viable,4.248120967741936,4.681785714285714,3.3351223241590215,3.1708333333333334,4.136477272727273,4.242857142857143,4.773392857142857,3.809695945945946,4.998510938602681,5.192584033613444,5.168,6.371749999999999,6.0024999999999995,5.306666666666666,5.3004040404040405,5.455128205128205,5.49897142857143,6.322285714285714,6.421360091743119,5.443046218487395,0.9198790322580646,1.689964285714285,2.667377675840978,2.1358333333333324,1.1639267676767675,1.2122710622710624,0.7255785714285725,2.512589768339768,1.4228491531404375,0.25046218487395144,1.47,1,Riesgo multidimensional,4.711111111111112,5.466666666666665,0.7555555555555554,2,0,59,18,1,21,1,4.7,0,4.8,5.5,4.7,6.1,5.6,6.7,4.5,4.7,5.8,3.0,5.0,6.0,3.9,6.1,5.3,4.4,5.3,5.2,4.4,5.2,5.0,5.6,6.0,5.3,5.7,5.8,4.9,,,,2.28,1.22,3.1,4.0,2.5,2.72,2.8,1.3,1.38,,59.3,21,0,24,59,18,1,0.3319646402664345,0.5029486855236492,02 de June de 2026,02_06_26
16-077,8,8A,recovery,0.12086731820611461,0.625426045962043,1,False,Sin Riesgo,Random Forest v2,2026-06-02,4.59,5.41,4.41,3.81,4.5,4.76,4.9,4.67,5.5,5.3,confiable,confiable,confiable,confiable,confiable,orientativo,confiable,confiable,orientativo,no_viable,3.9172078853046597,4.81125,3.308064220183486,3.2155,3.9415714285714287,4.15,4.648357142857143,3.570922350922351,4.777142857142857,5.2254527863777085,5.113500597371565,6.107625,5.29,4.488333333333333,5.068888888888889,5.351961538461538,5.355160098522169,5.780319069069068,6.215517693315858,5.477727272727273,1.1962927120669051,1.2963749999999994,1.981935779816514,1.2728333333333333,1.1273174603174603,1.2019615384615374,0.7068029556650259,2.209396718146717,1.4383748361730015,0.25227448634956406,1.268,1,Riesgo multidimensional,4.733333333333333,4.966666666666667,0.23333333333333334,0,1,61,12,0,12,1,3.9,0,4.3,4.6,5.0,5.3,5.3,4.6,4.2,4.9,4.6,4.3,3.9,3.5,4.9,5.2,3.2,4.4,4.2,4.8,4.8,4.3,5.2,4.8,7.0,5.3,5.6,5.3,4.3,,,,3.32,2.05,3.18,3.85,2.43,3.55,3.18,1.15,1.83,,60.7,20,2,24,61,12,0,0.625426045962043,0.7462933641681576,02 de June de 2026,02_06_26
16-011,8,8A,recovery,0.16063944603329952,0.6628987616473629,1,False,Sin Riesgo,Random Forest v2,2026-06-02,4.52,5.13,4.27,3.85,4.65,4.79,4.97,4.7,5.55,5.27,confiable,confiable,confiable,confiable,confiable,orientativo,confiable,confiable,orientativo,no_viable,3.8909677419354836,3.854761904761905,3.3172349643221204,3.0957142857142856,4.166477272727273,4.175000000000001,4.648357142857143,3.6977477477477474,4.95,5.083466386554622,5.031256989247312,5.816764705882353,5.216972477064219,4.4551333333333325,5.060666666666666,5.400598290598291,5.4255,5.752466216216216,6.166666666666666,5.480948169477581,1.140289247311828,1.9620028011204478,1.899737512742099,1.3594190476190469,0.894189393939393,1.22559829059829,0.7771428571428576,2.0547184684684683,1.216666666666666,0.3974817829229593,1.293,1,Riesgo multidimensional,4.422222222222222,5.155555555555555,0.7333333333333334,1,0,36,16,1,19,1,4.4,1,5.1,5.1,4.0,4.2,4.8,3.6,4.2,4.9,4.3,3.4,4.4,3.3,5.0,5.0,4.8,4.1,4.6,4.1,4.3,5.0,4.9,4.2,7.0,3.5,5.3,5.6,5.5,,,,2.35,3.25,3.18,4.15,2.5,3.48,3.02,1.6,1.83,,58.3,10,2,15,36,16,1,0.6628987616473629,0.8235382076806624,02 de June de 2026,02_06_26
25-239,8,8A,no_risk,0.06780058364978703,0.729476643537709,0,False,Sin Riesgo,Random Forest v2,2026-06-02,5.11,5.91,4.78,4.59,5.16,5.17,5.37,5.52,6.0,5.31,confiable,confiable,confiable,confiable,confiable,orientativo,confiable,confiable,orientativo,no_viable,4.573624423963134,5.180833333333333,3.606009174311927,3.5831159420289858,4.257049407114623,4.515,5.035,4.0925714285714285,5.418049400141143,5.213897058823529,6.251666666666667,6.857428571428571,6.03,5.762769230769231,5.837142857142856,5.71452380952381,5.961428571428572,6.963999999999999,6.724693013408609,5.486513009049773,1.6780422427035333,1.6765952380952376,2.4239908256880733,2.179653288740245,1.580093450028233,1.1995238095238099,0.9264285714285716,2.87142857142857,1.3066436132674655,0.2726159502262435,1.612,0,Rendimiento sólido,5.366666666666667,5.844444444444444,0.47777777777777797,1,0,55,3,0,3,2,4.8,0,5.7,5.4,6.0,6.7,5.9,7.0,4.8,4.8,5.5,2.8,5.4,6.0,6.0,5.9,6.1,5.2,5.9,5.9,5.2,6.0,6.2,5.8,7.0,6.9,6.1,6.3,6.6,,,,1.67,1.0,2.8,3.85,1.08,1.67,1.6,1.0,1.0,,58.2,4,1,23,55,3,0,0.20272277281250356,0.2705233564622906,02 de June de 2026,02_06_26
15-023,8,8A,no_risk,0.008509277190326143,0.9274476858629315,0,False,Sin Riesgo,Random Forest v2,2026-06-02,5.27,6.1,5.2,4.71,5.42,5.43,5.39,5.72,6.17,5.33,confiable,confiable,confiable,confiable,confiable,orientativo,confiable,confiable,orientativo,no_viable,4.742164968873797,5.278125,3.915960888459681,3.8376666666666663,4.533333333333334,4.7725,5.035714285714286,4.319538461538462,5.575940366972477,5.226582480818415,6.2075,7.0,6.3,5.705641025641025,6.252,6.3,5.900873015873016,7.0,6.85,5.495882352941176,1.4653350311262026,1.7218749999999998,2.384039111540319,1.867974358974359,1.7186666666666657,1.5274999999999999,0.86515873015873,2.680461538461538,1.2740596330275222,0.26929987212276085,1.577,0,Rendimiento sólido,5.644444444444445,5.833333333333333,0.1888888888888891,0,0,35,8,0,8,2,5.0,0,5.1,5.0,5.3,6.0,5.4,7.0,5.9,5.5,6.3,4.7,5.5,4.9,5.5,5.9,5.8,6.2,6.4,5.7,4.5,5.9,5.3,6.3,7.0,7.0,6.6,5.9,6.1,,,,2.43,1.45,1.45,2.35,1.45,1.0,2.2,1.0,1.0,,62.9,9,4,13,35,8,0,0.0640430369467422,0.07255231413706834,02 de June de 2026,02_06_26
25-195,8,8A,no_risk,0.16943278855269037,0.45753391770418167,0,False,Sin Riesgo,Random Forest v2,2026-06-02,4.68,5.41,4.27,4.15,4.97,5.15,5.18,5.14,5.74,5.25,confiable,confiable,confiable,confiable,confiable,orientativo,confiable,confiable,orientativo,no_viable,4.135989919354839,4.697166666666666,3.098181818181818,3.3676190476190473,4.039333333333334,4.548509615384615,4.866315789473685,4.109814189189189,5.192,5.105021008403361,5.109974910394266,6.160666666666667,5.0424574049803415,5.022083333333333,5.730189393939393,5.617846153846153,5.7068095238095236,6.492999999999999,6.247177370030581,5.48072192513369,0.9739849910394272,1.4635000000000007,1.9442755867985233,1.6544642857142855,1.690856060606059,1.0693365384615374,0.8404937343358387,2.3831858108108106,1.0551773700305809,0.37570091673032824,1.345,0,Rendimiento sólido,5.188888888888888,5.044444444444444,-0.14444444444444451,0,0,43,7,0,7,1,4.1,0,5.3,4.6,5.6,4.9,4.3,6.4,4.6,4.3,4.6,4.1,4.1,4.8,5.3,6.4,5.2,4.9,4.5,4.8,5.4,5.2,5.4,5.9,6.0,5.1,6.3,6.0,5.5,,,,2.58,3.1,3.33,3.85,1.23,2.95,2.05,1.08,1.0,,60.5,6,1,17,43,7,0,0.37303329374312794,0.5424660822958183,02 de June de 2026,02_06_26
20-178,8,8A,no_risk,0.013203049960645334,0.8447007196787272,0,False,Sin Riesgo,Random Forest v2,2026-06-02,4.96,5.93,4.78,4.47,5.19,5.26,5.32,5.62,5.93,5.27,confiable,confiable,confiable,confiable,confiable,orientativo,confiable,confiable,orientativo,no_viable,4.528691244239631,5.279553571428571,3.7958333333333334,3.7104761904761907,4.548333333333333,4.631931818181818,4.999545454545455,4.215714285714286,5.477963302752293,5.178218360071301,5.351149958643508,6.720000000000001,5.809738884968242,5.541,5.832,5.8003846153846155,5.748928571428571,6.92,6.4525723359209595,5.393732698961937,0.8224587144038766,1.4404464285714296,2.0139055516349087,1.8305238095238097,1.283666666666667,1.1684527972027974,0.7493831168831164,2.7042857142857137,0.9746090331686661,0.2155143388906362,1.32,0,Rendimiento sólido,5.466666666666667,5.4111111111111105,-0.05555555555555555,0,0,61,4,0,4,1,4.9,0,4.9,4.9,5.3,6.6,5.5,4.9,4.6,5.1,4.7,4.4,4.9,5.1,4.9,5.4,5.7,5.9,6.1,5.5,5.5,5.2,5.2,5.8,6.0,6.9,6.6,5.6,5.4,,,,2.65,1.0,2.73,3.02,2.28,1.0,1.98,1.15,1.0,,52.5,8,1,29,61,4,0,0.14209623036062752,0.15529928032127285,02 de June de 2026,02_06_26
17-190,8,8A,critical,0.34326471006684206,0.35688025116103206,0,False,Riesgo Teórico,Random Forest v2,2026-06-02,4.42,4.99,4.23,3.94,4.64,4.9,4.94,4.59,5.46,5.27,confiable,confiable,confiable,confiable,confiable,orientativo,confiable,confiable,orientativo,no_viable,3.515,3.8514285714285714,3.1900000000000004,3.0666666666666664,4.015,4.378974358974359,4.5182142857142855,3.4786666666666664,4.564,5.074779411764706,5.008811827956989,5.677806324110671,5.2225,4.817456140350877,5.135000000000001,5.424397202797204,5.517857142857142,5.6559700772200765,6.106642201834862,5.497169117647058,1.4938118279569887,1.8263777526820997,2.0324999999999998,1.7507894736842102,1.120000000000001,1.0454228438228448,0.9996428571428568,2.17730341055341,1.5426422018348616,0.4223897058823516,1.441,1,Riesgo multidimensional,4.855555555555556,4.622222222222223,-0.2333333333333332,0,1,39,15,0,15,0,3.2,1,5.1,5.3,2.6,5.0,3.2,6.1,4.5,4.3,5.4,4.0,4.2,4.5,5.6,5.2,5.3,4.1,4.5,3.8,4.6,5.3,4.4,4.6,5.0,3.3,6.2,4.6,4.9,,,,2.2,3.85,3.4,3.85,1.9,3.55,2.58,2.8,1.9,,69.2,13,2,12,39,15,0,0.35688025116103206,0.7001449612278741,02 de June de 2026,02_06_26
22-163,8,8A,recovery,0.21716383311937662,0.6155940826904291,2,False,Sin Riesgo,Random Forest v2,2026-06-02,4.71,5.19,3.99,4.19,4.31,4.95,4.64,4.64,5.77,5.22,confiable,confiable,confiable,confiable,confiable,orientativo,confiable,confiable,orientativo,no_viable,4.2,4.379499999999999,2.985142857142857,3.0180000000000002,3.5725000000000002,4.3999999999999995,3.6673809523809524,3.05,4.8325000000000005,4.8953492647058825,5.078612903225806,5.802727272727273,5.036467889908257,5.752499999999999,4.929313055365687,5.359483516483517,5.184292207792208,6.141737451737452,6.8,5.430134453781512,0.8786129032258057,1.4232272727272735,2.0513250327654005,2.7344999999999984,1.3568130553656865,0.9594835164835178,1.5169112554112552,3.091737451737452,1.9674999999999994,0.5347851890756292,1.651,1,Riesgo multidimensional,4.633333333333333,4.655555555555556,0.02222222222222224,2,0,74,16,1,19,0,4.1,0,5.6,5.4,5.0,5.3,4.6,5.6,3.7,4.1,3.7,4.2,4.8,4.6,4.3,4.3,4.1,3.5,4.7,2.9,5.8,4.3,4.6,4.8,5.0,3.3,4.5,4.7,5.6,,,,1.75,2.58,4.15,3.25,3.55,3.85,2.42,2.65,3.1,,45.9,7,4,40,74,16,1,0.6155940826904291,0.8327579158098057,02 de June de 2026,02_06_26
15-037,8,8A,recovery,0.18183729422161699,0.6420939883355953,1,False,Sin Riesgo,Random Forest v2,2026-06-02,4.61,5.39,4.31,3.91,4.63,4.8,4.96,4.79,5.58,5.29,confiable,confiable,confiable,confiable,confiable,orientativo,confiable,confiable,orientativo,no_viable,3.992166666666667,4.845,3.258477064220184,3.048636363636364,4.0838068181818175,4.238571428571428,4.722040816326531,3.834972358722359,4.895170975813177,5.18126050420168,5.076236559139785,5.983749999999999,5.31524186822352,4.757428571428571,5.1014898989898985,5.362102564102563,5.428714285714286,5.952065637065637,6.210955741506201,5.480948169477581,1.084069892473118,1.138749999999999,2.056764804003336,1.7087922077922073,1.017683080808081,1.1235311355311346,0.7066734693877557,2.117093278343278,1.3157847656930235,0.2996876652759006,1.257,1,Riesgo multidimensional,4.211111111111111,5.0777777777777775,0.8666666666666667,2,0,44,15,1,18,0,4.3,0,4.3,5.0,4.2,5.2,4.8,3.5,4.0,4.3,4.4,2.8,4.6,4.0,4.1,5.8,4.7,4.1,5.0,4.1,3.9,4.6,4.4,4.4,6.0,5.3,5.1,5.6,4.5,,,,3.02,2.5,3.78,4.45,2.58,3.18,3.63,2.2,1.98,,50.0,8,2,22,44,15,1,0.6420939883355953,0.8239312825572123,02 de June de 2026,02_06_26
25-193,8,8A,no_risk,0.06844564287892588,0.729459927983721,0,False,Sin Riesgo,Random Forest v2,2026-06-02,5.19,5.84,4.72,4.8,5.1,5.26,5.42,5.5,6.03,5.27,confiable,confiable,confiable,confiable,confiable,orientativo,confiable,confiable,orientativo,no_viable,4.612559907834101,4.8462499999999995,3.398888888888889,3.6,3.936607142857143,4.562692307692307,5.0306015037593985,3.959090909090909,5.2625,5.027875816993463,6.319999999999999,6.9662500000000005,6.199999999999999,6.335,6.0794999999999995,5.9375,6.101111111111112,7.0,6.8583333333333325,5.545343137254902,1.707440092165898,2.120000000000001,2.80111111111111,2.735,2.1428928571428565,1.3748076923076926,1.0705096073517133,3.040909090909091,1.5958333333333323,0.5174673202614386,1.911,0,Rendimiento sólido,5.888888888888888,5.944444444444445,0.05555555555555555,1,0,37,8,0,8,5,4.6,0,5.8,5.6,5.5,6.7,6.3,6.9,5.4,4.6,4.9,3.8,4.7,3.6,5.8,6.4,5.7,6.8,6.7,6.3,5.8,5.8,5.8,6.0,7.0,7.0,6.9,6.4,6.4,,,,1.45,1.0,2.5,3.63,1.0,1.0,1.3,1.0,1.0,,54.1,2,3,17,37,8,0,0.202094429137353,0.2705400720162789,02 de June de 2026,02_06_26
17-048,7,7B,no_risk,0.035514276536060235,0.8450735102612948,0,False,Sin Riesgo,Random Forest v2,2026-06-02,5.58,6.07,5.28,5.01,5.42,5.45,5.42,5.39,6.34,5.34,confiable,confiable,confiable,confiable,confiable,orientativo,confiable,confiable,orientativo,no_viable,4.808687683284458,5.196666666666665,3.7098678462210573,3.8715,4.189025974025974,4.897142857142857,5.035714285714286,3.3333333333333335,5.743906727828747,5.154411764705881,6.6251,6.801666666666667,6.3,5.976923076923076,6.2755,6.2410000000000005,6.019464285714285,7.0,6.933333333333334,5.563725490196078,1.8164123167155415,1.6050000000000013,2.5901321537789426,2.105423076923076,2.0864740259740264,1.3438571428571437,0.9837499999999997,3.6666666666666665,1.189426605504587,0.40931372549019684,1.78,0,Rendimiento sólido,5.811111111111112,6.166666666666666,0.35555555555555557,0,0,34,6,0,6,5,5.3,0,4.6,5.3,2.9,6.7,5.6,6.0,5.3,6.5,6.0,4.2,5.5,4.9,6.4,6.9,6.4,6.1,5.8,6.3,5.9,7.0,7.0,6.5,6.5,6.6,6.6,6.4,6.0,,,,2.58,1.0,1.15,2.73,1.0,1.07,1.0,1.0,1.0,,76.5,8,1,8,34,6,0,0.11941221320264479,0.15492648973870504,02 de June de 2026,02_06_26
22-103,9,9A,critical,0.5268049033511875,0.5268049033511875,1,False,Riesgo Teórico,Random Forest v2,2026-06-02,4.59,4.63,3.53,3.58,4.6,5.16,5.3,4.53,5.43,5.18,confiable,confiable,confiable,confiable,confiable,orientativo,confiable,confiable,orientativo,no_viable,4.1692857142857145,2.92,3.0107692307692306,2.7199999999999998,3.8975,4.612857142857143,4.85702380952381,3.8537500000000007,4.25,4.636365546218486,4.969831397849462,5.6499999999999995,4.278239472172414,4.523333333333333,5.135764462809917,5.6894570135746605,5.768872180451128,5.2193412162162165,6.286285714285714,5.64003803245436,0.8005456835637474,2.7299999999999995,1.2674702414031835,1.8033333333333337,1.2382644628099166,1.0765998707175175,0.9118483709273182,1.3655912162162158,2.0362857142857136,1.0036724862358737,1.423,1,Riesgo multidimensional,4.82,5.470000000000001,0.6500000000000001,1,2,61,8,1,11,3,3.7,0,5.1,5.5,5.45,4.3,3.8,4.4,4.0,3.7,3.6,2.8,5.8,4.2,4.9,6.1,4.8,5.3,4.9,4.4,4.3,6.8,6.0,6.0,7.0,5.6,5.9,5.2,3.1,5.6,5.9,6.0,2.05,3.92,4.22,3.55,1.75,2.35,1.67,1.0,1.67,1.38,65.6,8,1,21,61,8,1,0.3610151725373795,0.887820075888567,02 de June de 2026,02_06_26
14-075,9,9B,no_risk,0.015801797286854803,0.8977329831617893,0,False,Sin Riesgo,Random Forest v2,2026-06-02,5.1,5.2,3.96,5.4,4.5,5.29,5.41,4.88,6.09,5.15,confiable,confiable,confiable,confiable,confiable,orientativo,confiable,confiable,orientativo,no_viable,4.716409370199693,4.485142857142857,3.3660000000000005,4.02594074074074,3.7966666666666664,5.0,4.862380952380953,4.0,5.5528211009174315,4.666666666666667,5.482,5.685075187969924,4.704961773700305,6.551666666666667,5.319220779220778,5.625506072874494,6.17,6.424424991793413,6.680571428571429,5.44433088235294,0.7655906298003075,1.1999323308270675,1.3389617737003041,2.5257259259259266,1.5225541125541118,0.6255060728744937,1.3076190476190472,2.424424991793413,1.127750327653997,0.777664215686273,1.362,0,Rendimiento sólido,5.874999999999999,5.64,-0.23499999999999996,0,0,39,3,0,3,3,4.7,1,5.75,5.7,5.1,5.7,5.3,5.1,5.2,4.7,4.2,5.6,5.0,6.2,5.8,4.9,4.7,5.4,4.8,4.6,6.5,6.8,5.0,5.6,6.6,6.9,6.9,6.9,7.0,6.3,5.7,5.3,1.41,1.75,2.58,2.05,1.97,2.35,1.0,1.0,1.0,1.0,43.6,1,4,22,39,3,0,0.0864652195513557,0.10226701683821049,02 de June de 2026,02_06_26
14-025,9,9B,no_risk,0.0815578754220264,0.6808152485469392,0,False,Sin Riesgo,Random Forest v2,2026-06-02,5.22,5.45,3.94,6.11,4.46,5.43,5.74,6.13,5.87,5.42,confiable,confiable,confiable,confiable,confiable,orientativo,confiable,confiable,orientativo,no_viable,4.744173648931713,4.836666666666667,3.25,4.645,3.81,5.107692307692307,5.002472527472527,4.495454545454545,5.157333333333334,5.138539215686274,5.625012442396314,6.029166666666667,4.821185700727618,6.82,5.0825309917355375,5.699999999999999,7.0,7.0,6.466666666666666,5.82,0.8808387934646014,1.1925,1.571185700727618,2.1750000000000007,1.2725309917355374,0.592307692307692,1.997527472527473,2.504545454545455,1.3093333333333321,0.6814607843137264,1.418,0,Rendimiento sólido,5.53,5.8149999999999995,0.28500000000000003,1,0,41,0,0,0,4,4.2,0,5.7,5.95,4.75,4.9,5.1,5.7,5.9,5.2,5.1,3.3,6.5,6.9,5.2,4.2,4.3,5.8,6.0,6.1,6.8,6.3,5.8,5.1,6.4,6.8,6.6,6.5,6.2,6.0,6.0,5.7,1.26,2.5,1.67,2.65,2.95,1.15,1.0,1.38,1.0,1.0,41.5,4,1,24,41,0,0,0.23762687603103436,0.31918475145306074,02 de June de 2026,02_06_26
14-059,9,9B,recovery,0.1581052189949822,0.632462976978697,0,False,Sin Riesgo,Random Forest v2,2026-06-02,4.77,5.06,3.42,5.34,3.87,5.14,3.85,4.78,5.58,5.22,confiable,confiable,confiable,confiable,confiable,orientativo,confiable,confiable,orientativo,no_viable,4.368197132616487,4.404326923076923,2.2199999999999998,3.5414381270903004,3.2,4.661923076923077,2.0,4.1077646396396394,4.95,4.8,5.07034707287933,5.663076923076923,4.793651376146789,6.8,4.781085777126098,5.6000000000000005,5.364732142857142,6.166666666666667,6.2,5.571029411764705,0.702149940262843,1.25875,2.573651376146789,3.2585618729096995,1.5810857771260975,0.9380769230769239,3.364732142857142,2.0589020270270275,1.25,0.7710294117647054,1.776,0,Rendimiento sólido,4.99,5.15,0.15999999999999992,2,0,11,4,0,4,1,4.0,0,5.3,5.4,4.25,3.6,4.5,5.7,5.9,4.0,3.9,5.3,6.0,6.8,4.4,4.4,4.2,4.7,5.1,5.1,3.5,4.1,4.9,4.4,6.6,3.6,6.7,5.7,5.4,6.1,5.7,5.5,1.98,3.92,2.58,1.53,3.4,2.65,4.3,1.75,1.0,1.15,45.5,2,0,6,11,4,0,0.632462976978697,0.7905681959736792,02 de June de 2026,02_06_26
25-196,9,9B,no_risk,0.05527874756823572,0.5340384597150406,0,False,Sin Riesgo,Random Forest v2,2026-06-02,4.92,5.31,4.07,5.18,4.28,5.18,4.86,5.26,5.66,5.25,confiable,confiable,confiable,confiable,confiable,orientativo,confiable,confiable,orientativo,no_viable,4.340333333333334,4.5489999999999995,3.02,3.5469999999999997,3.1725,4.760000000000001,2.966666666666667,3.819428571428572,4.8966666666666665,4.975823529411765,5.5263,6.042142857142856,5.31,6.6659999999999995,5.415,5.602857142857143,6.052499999999999,7.0,6.624666666666666,5.504,1.1859666666666664,1.4931428571428569,2.2899999999999996,3.1189999999999998,2.2425,0.8428571428571425,3.0858333333333325,3.180571428571428,1.7279999999999998,0.5281764705882344,1.97,0,Rendimiento sólido,5.04,5.645,0.6050000000000001,0,0,46,0,0,0,4,4.1,0,4.5,5.35,5.8,4.3,5.8,5.5,4.3,4.8,4.6,5.1,6.2,6.9,4.1,4.1,4.7,4.6,5.1,6.5,6.1,6.8,6.0,5.0,6.4,7.0,6.9,6.4,6.8,5.5,5.5,6.0,2.61,2.42,3.18,1.53,3.85,2.73,1.0,1.45,1.0,1.75,47.8,3,3,24,46,0,0,0.4106827927167233,0.465961540284959,02 de June de 2026,02_06_26
25-203,9,9B,critical,0.6510657276339286,0.6510657276339286,7,True,Riesgo Confirmado,Random Forest v2,2026-06-02,4.54,5.31,3.91,3.98,3.65,4.95,4.19,3.6,6.05,5.23,confiable,confiable,confiable,confiable,confiable,orientativo,confiable,confiable,orientativo,no_viable,3.9587455197132613,4.34175,2.6980428134556576,2.0,1.6966666666666665,4.432,2.612857142857143,1.55,5.232637614678899,5.006050420168067,5.076236559139785,6.242666666666667,5.136666666666666,6.121333333333333,4.927499999999999,5.324846153846154,5.134,5.713123123123123,6.734220183486238,5.393382352941176,1.1174910394265236,1.9009166666666664,2.4386238532110083,4.121333333333333,3.230833333333333,0.8928461538461532,2.5211428571428574,4.163123123123123,1.501582568807339,0.38733193277310907,2.228,1,Riesgo multidimensional,4.32,3.761111111111111,-0.4833333333333334,3,6,126,19,0,19,0,2.3,0,4.2,3.85,2.15,3.1,3.7,2.4,4.0,2.4,3.1,4.0,5.0,1.6,3.5,2.3,1.2,2.5,2.6,1.4,5.4,3.0,2.9,5.0,,3.4,6.0,5.8,4.0,5.5,5.2,4.9,3.96,4.9,5.2,3.25,5.65,6.17,3.7,,1.15,1.98,65.1,52,5,44,126,19,0,0.3068427347732081,0.9579084624071367,02 de June de 2026,02_06_26
25-182,9,9B,critical,0.32555518114558896,0.5219913217320394,2,False,Riesgo Teórico,Random Forest v2,2026-06-02,4.66,5.08,3.87,4.23,3.92,5.0,4.37,4.25,5.78,5.17,confiable,confiable,confiable,confiable,confiable,orientativo,confiable,confiable,orientativo,no_viable,4.035935483870968,3.8408333333333333,2.7,2.41125,2.692,4.381666666666666,3.0160714285714287,1.9166666666666667,4.7802408256880735,4.658558823529411,5.107042504743833,5.901,5.087014178482068,6.1033333333333335,4.942190082644628,5.434395604395604,5.188178571428571,6.142666666666666,6.657308868501529,5.454882352941176,1.0711070208728657,2.0601666666666665,2.387014178482068,3.6920833333333336,2.250190082644628,1.0527289377289382,2.172107142857142,4.225999999999999,1.8770680428134554,0.7963235294117652,2.158,1,Riesgo multidimensional,4.68,4.74,0.05999999999999996,2,1,97,23,0,23,1,3.2,0,4.0,5.1,4.65,3.2,4.3,4.8,5.5,4.8,3.1,4.1,4.0,6.7,4.2,3.2,2.9,3.3,4.1,4.2,5.6,4.8,5.3,5.2,7.0,3.6,6.3,5.4,5.0,5.4,4.7,5.1,3.18,4.38,2.28,3.93,4.45,4.45,2.2,1.0,1.23,2.42,63.9,50,2,35,97,23,0,0.5219913217320394,0.8475465028776283,02 de June de 2026,02_06_26
14-054,9,9B,no_risk,0.022531463384338257,0.8335763568871386,0,False,Sin Riesgo,Random Forest v2,2026-06-02,4.96,5.2,4.02,5.17,4.44,5.3,5.59,4.65,6.15,5.01,confiable,confiable,confiable,confiable,confiable,orientativo,confiable,confiable,orientativo,no_viable,4.49920788530466,4.29,3.1966666666666668,4.074861111111111,3.6639999999999997,5.0,5.015841638981174,3.4659999999999997,5.6559966638865715,4.5,5.476119047619047,6.204999999999999,5.1049999999999995,6.234999999999999,5.527435897435898,5.747920540997463,6.37829365079365,7.0,6.8,5.319999999999999,0.9769111623143871,1.9149999999999991,1.9083333333333328,2.1601388888888886,1.863435897435898,0.7479205409974634,1.3624520118124765,3.5340000000000003,1.1440033361134283,0.8199999999999994,1.643,0,Rendimiento sólido,5.955,5.316666666666666,-0.6666666666666665,0,0,65,2,0,2,1,4.6,0,5.95,5.45,3.75,5.3,5.7,4.9,5.8,4.8,3.7,5.7,6.4,5.1,5.1,4.9,4.2,6.1,5.0,3.9,7.0,4.6,5.4,5.7,,3.1,6.8,5.3,6.6,6.1,5.7,4.7,1.45,1.75,2.05,1.0,2.5,1.67,1.3,,1.0,1.15,49.2,4,0,33,65,2,0,0.14389217972852297,0.16642364311286123,02 de June de 2026,02_06_26
14-020,9,9B,no_risk,0.007056754812031557,0.8370742406153237,0,False,Sin Riesgo,Random Forest v2,2026-06-02,5.13,5.23,3.74,5.83,4.39,5.44,5.67,5.28,5.86,5.28,confiable,confiable,confiable,confiable,confiable,orientativo,confiable,confiable,orientativo,no_viable,4.74607450076805,4.745467032967033,3.269285714285714,4.3735,3.9276190476190473,5.138846153846154,4.996837606837606,4.246337837837837,5.196000000000001,4.980966386554622,5.500519524617998,5.692916666666666,4.4012117737003065,6.785000000000001,4.968939393939393,5.767777777777777,6.513591269841269,7.0,6.502,5.634523326572007,0.7544450238499474,0.947449633699633,1.1319260594145923,2.411500000000001,1.0413203463203455,0.6289316239316234,1.516753663003663,2.753662162162163,1.3059999999999992,0.6535569400173857,1.315,0,Rendimiento sólido,5.66,5.745,0.08500000000000005,0,0,27,2,0,2,4,4.7,0,5.4,5.55,5.2,5.4,5.2,5.6,5.8,4.9,4.2,5.1,6.7,6.9,6.1,4.7,5.3,5.5,5.3,5.1,6.3,6.8,6.6,4.8,7.0,5.1,6.2,6.3,6.2,6.0,5.0,5.7,1.79,2.05,1.97,1.15,1.9,1.9,1.0,1.15,1.0,1.75,37.0,1,2,17,27,2,0,0.15586900457264474,0.1629257593846763,02 de June de 2026,02_06_26
21-082,9,9B,no_risk,0.04675090120556988,0.6742935638827255,0,False,Sin Riesgo,Random Forest v2,2026-06-02,5.17,4.76,3.58,4.88,4.09,5.28,4.53,5.36,5.33,4.92,confiable,confiable,confiable,confiable,confiable,orientativo,confiable,confiable,orientativo,no_viable,4.6485,3.834166666666667,2.9000000000000004,2.7600000000000002,3.545,4.866153846153846,2.5,4.092,4.266666666666667,4.097794117647059,5.7025,5.676071428571428,4.551666666666667,6.611,4.744999999999999,5.6351538461538455,6.148571428571429,7.0,6.274658511722731,5.569999999999999,1.0539999999999994,1.8419047619047615,1.6516666666666664,3.8509999999999995,1.1999999999999993,0.7689999999999992,3.6485714285714286,2.9080000000000004,2.0079918450560648,1.4722058823529407,2.04,0,Rendimiento sólido,5.624999999999999,5.325,-0.29999999999999993,0,0,99,8,0,8,3,4.0,0,5.25,5.75,4.65,5.6,4.7,5.0,5.2,4.6,3.9,5.1,6.7,2.4,5.4,4.0,4.3,4.8,4.5,4.9,6.8,6.1,5.3,5.3,6.1,4.9,6.8,5.9,5.0,6.0,4.9,4.3,1.75,2.28,2.65,1.15,2.95,3.03,1.0,1.45,1.0,1.83,37.4,10,1,62,99,8,0,0.27895553491170444,0.32570643611727434,02 de June de 2026,02_06_26
15-005,9,9B,no_risk,0.03872634782957742,0.6486116212981521,0,False,Sin Riesgo,Random Forest v2,2026-06-02,5.19,5.2,3.79,5.73,4.32,5.33,5.43,6.14,5.46,5.31,confiable,confiable,confiable,confiable,confiable,orientativo,confiable,confiable,orientativo,no_viable,4.735529325513196,4.4991666666666665,3.1,3.859583333333333,3.7644330400782002,4.9934965034965035,4.4586734693877546,4.62745945945946,4.6,5.00735294117647,5.5653749999999995,5.789357142857144,4.772080305016085,6.768,4.98202479338843,5.68,6.574285714285714,7.0,6.2,5.6018235294117655,0.8298456744868039,1.2901904761904772,1.672080305016085,2.9084166666666667,1.2175917533102294,0.6865034965034962,2.1156122448979593,2.37254054054054,1.6000000000000005,0.5944705882352954,1.529,0,Rendimiento sólido,5.26,5.425,0.16500000000000004,0,0,82,7,1,10,3,4.4,1,4.6,5.35,4.55,4.6,4.7,5.0,5.1,4.8,3.5,4.9,4.7,6.7,5.1,4.4,4.7,4.4,5.4,5.0,5.8,6.8,6.0,5.9,6.1,5.3,5.9,5.9,5.4,6.3,6.1,5.5,2.54,3.03,2.58,2.8,2.88,2.65,1.0,1.0,1.15,1.0,36.6,6,1,52,82,7,1,0.3126620308722704,0.3513883787018478,02 de June de 2026,02_06_26
14-001,9,9B,no_risk,0.055727924315717416,0.5218573290283375,1,False,Sin Riesgo,Random Forest v2,2026-06-02,5.7,4.72,3.79,6.17,4.16,5.47,3.53,6.26,6.14,5.49,confiable,confiable,confiable,confiable,confiable,orientativo,confiable,confiable,orientativo,no_viable,5.076236559139785,3.7,3.03,4.7925,3.6599999999999997,5.066666666666667,1.0,4.5,5.0,5.0475,6.422583333333334,5.866666666666666,5.001111111111111,6.760666666666666,4.7,5.933333333333334,6.333333333333333,7.0,6.9,6.030392156862745,1.3463467741935489,2.166666666666666,1.9711111111111115,1.968166666666666,1.0400000000000005,0.8666666666666663,5.333333333333333,2.5,1.9000000000000004,0.9828921568627447,2.008,0,Rendimiento sólido,6.105,5.338888888888889,-0.7111111111111112,0,0,154,8,0,8,1,4.0,0,6.05,5.75,5.25,6.4,5.2,4.2,4.0,4.0,3.2,6.8,5.3,6.8,6.0,4.3,4.6,5.9,5.7,6.3,6.4,6.8,4.8,6.6,,6.9,6.7,5.6,7.0,6.2,5.4,6.5,1.15,1.3,4.0,1.0,2.28,1.3,1.0,,1.0,1.3,39.6,4,15,93,154,8,0,0.4224147466559451,0.4781426709716625,02 de June de 2026,02_06_26
20-128,9,9B,no_risk,0.012050136065730513,0.8961371031547691,0,False,Sin Riesgo,Random Forest v2,2026-06-02,5.14,5.45,4.16,5.62,4.51,5.3,5.55,5.07,6.11,5.19,confiable,confiable,confiable,confiable,confiable,orientativo,confiable,confiable,orientativo,no_viable,4.731504007820138,4.874722222222222,3.431428571428572,4.348478260869565,3.7966666666666664,5.066666666666666,5.035714285714286,4.018000000000001,5.597499999999999,4.842731092436974,5.507818578704826,6.233423076923078,5.1459090909090905,6.740285714285714,5.419978146853146,5.652692307692307,6.285892857142857,7.0,6.686233766233766,5.449191176470587,0.7763145708846881,1.3587008547008557,1.7144805194805186,2.391807453416149,1.6233114801864796,0.5860256410256408,1.2501785714285711,2.9819999999999993,1.0887337662337666,0.6064600840336132,1.438,0,Rendimiento sólido,5.805,5.665,-0.14000000000000012,0,0,53,3,0,3,3,4.9,0,5.85,5.95,4.7,5.5,5.2,4.8,5.7,5.2,4.6,6.2,6.7,6.7,6.0,5.1,3.8,4.7,4.9,6.0,5.4,5.6,6.6,5.4,6.1,5.2,6.8,6.1,5.6,6.5,5.8,5.1,1.15,1.98,1.82,1.0,1.68,2.8,1.75,1.38,1.0,1.0,35.8,6,2,34,53,3,0,0.0918127607795007,0.1038628968452312,02 de June de 2026,02_06_26
15-061,9,9B,recovery,0.2929695133580861,0.5925073045630207,0,False,Sin Riesgo,Random Forest v2,2026-06-02,4.87,4.99,3.82,5.46,3.79,5.19,4.23,5.58,5.72,5.15,confiable,confiable,confiable,confiable,confiable,orientativo,confiable,confiable,orientativo,no_viable,4.422499999999999,4.343,2.7,3.638571428571429,3.1,4.722884615384615,2.6629464285714284,3.9152727272727277,5.196000000000001,4.746386554621849,5.216836559139785,5.610833333333334,4.90125,6.5024999999999995,4.520222222222222,5.6269230769230765,5.035714285714286,7.0,6.379999999999999,5.419311497326202,0.7943365591397855,1.2678333333333338,2.20125,2.8639285714285707,1.4202222222222223,0.9040384615384616,2.372767857142857,3.0847272727272723,1.1839999999999984,0.6729249427043529,1.677,1,Riesgo multidimensional,4.615,5.069999999999999,0.4549999999999999,2,3,133,7,0,7,3,3.8,0,4.65,5.0,4.2,4.0,3.8,4.4,3.2,3.9,4.8,5.5,6.5,6.2,4.7,3.9,4.4,4.2,4.4,4.5,2.1,4.6,5.3,5.6,7.0,5.3,6.6,6.3,5.8,5.6,5.3,5.1,2.76,4.15,4.68,1.0,3.55,3.55,4.98,1.0,1.0,1.83,48.1,31,2,69,133,7,0,0.5925073045630207,0.8854768179211068,02 de June de 2026,02_06_26
23-201,9,9B,critical,0.5534175126975818,0.5534175126975818,1,False,Riesgo Teórico,Random Forest v2,2026-06-02,5.26,4.55,3.6,5.84,3.88,5.18,3.12,5.88,5.85,5.2,confiable,confiable,confiable,confiable,confiable,orientativo,confiable,confiable,orientativo,no_viable,4.583642857142857,3.7,2.6325,4.256,3.3333333333333335,4.796666666666667,1.0,4.390000000000001,4.914666666666666,4.5295588235294115,6.0,5.776428571428572,4.844375,6.6775,4.55,5.61,5.051214285714286,7.0,6.702,5.7,1.4163571428571426,2.076428571428572,2.2118750000000005,2.4215,1.2166666666666663,0.8133333333333335,4.051214285714286,2.6099999999999994,1.7873333333333337,1.1704411764705887,1.978,1,Riesgo multidimensional,5.285,4.525,-0.7600000000000001,0,2,65,9,0,9,1,2.7,0,5.25,4.55,4.5,4.4,4.0,5.4,4.6,2.7,4.2,5.3,4.9,6.4,4.2,3.5,4.2,4.4,4.6,4.8,6.1,4.1,4.8,6.5,6.1,5.0,6.7,5.5,5.4,5.4,5.3,5.3,2.65,3.7,4.52,2.35,4.23,3.25,2.35,1.0,1.0,1.98,50.8,14,6,32,65,9,0,0.28497875616120466,0.8383962688587865,02 de June de 2026,02_06_26
19-077,9,9B,critical,0.46979852955480905,0.46979852955480905,2,False,Riesgo Teórico,Random Forest v2,2026-06-02,4.86,5.01,3.24,5.41,3.78,5.21,3.5,4.74,5.68,5.17,confiable,confiable,confiable,confiable,confiable,orientativo,confiable,confiable,orientativo,no_viable,4.456541218637993,4.3469999999999995,2.1980000000000004,3.485,3.1999999999999997,4.766,1.6666666666666667,3.0399324324324324,5.015,4.65,5.207559139784947,5.633333333333333,4.4366666666666665,6.642666666666667,4.569768518518518,5.666666666666667,5.035714285714286,6.448814968814969,6.408440366972477,5.577279411764706,0.7510179211469543,1.2863333333333333,2.238666666666666,3.157666666666667,1.369768518518518,0.900666666666667,3.3690476190476186,3.408882536382537,1.3934403669724773,0.9272794117647054,1.88,1,Riesgo multidimensional,4.76,4.62,-0.13999999999999999,3,3,110,5,0,5,1,3.2,0,4.6,4.7,3.9,3.9,3.6,4.0,3.9,3.2,3.6,4.9,5.7,6.8,4.9,3.2,3.9,5.5,4.8,5.2,2.5,5.6,4.1,5.6,6.1,3.0,6.0,5.0,5.8,5.8,4.3,5.5,3.03,4.38,4.68,2.05,3.93,2.28,3.92,1.23,1.75,2.42,40.9,7,4,65,110,5,0,0.45579836007789337,0.9255968896327025,02 de June de 2026,02_06_26
15-001,9,9B,critical,0.41571849471539385,0.41571849471539385,0,False,Riesgo Teórico,Random Forest v2,2026-06-02,5.05,4.72,3.88,5.74,3.82,5.1,3.68,5.44,5.87,5.19,confiable,confiable,confiable,confiable,confiable,orientativo,confiable,confiable,orientativo,no_viable,4.5657499999999995,3.815,2.8975000000000004,4.18952380952381,3.222857142857143,4.748333333333333,1.7950000000000002,4.25,5.107142857142857,4.6975,5.535874551971327,5.753947368421053,4.868343857976886,6.675833333333334,4.4472809917355365,5.5,5.364285714285714,7.0,6.4905,5.598014705882353,0.9701245519713275,1.938947368421053,1.9708438579768859,2.486309523809524,1.2244238488783936,0.7516666666666669,3.569285714285714,2.75,1.3833571428571432,0.9005147058823528,1.795,1,Riesgo multidimensional,5.340000000000001,4.583333333333332,-0.6833333333333332,0,3,49,13,0,13,1,2.8,0,5.6,5.15,4.9,4.5,3.5,4.4,6.1,2.8,5.3,5.3,4.7,6.7,4.9,3.7,3.5,4.3,4.5,3.8,5.4,6.1,4.3,6.0,,5.3,5.2,5.5,6.5,6.1,5.3,5.3,1.94,4.0,3.32,2.5,3.55,3.4,1.38,,1.98,1.45,30.6,4,0,34,49,13,0,0.2940827215239588,0.7098012162393527,02 de June de 2026,02_06_26
22-219,8,8A,no_risk,0.0,0.9593657825525175,0,False,Sin Riesgo,Random Forest v2,2026-06-02,6.43,6.72,6.21,5.57,6.32,5.71,5.88,6.46,6.54,5.37,confiable,confiable,confiable,confiable,confiable,orientativo,confiable,confiable,orientativo,no_viable,5.798811827956989,6.3225,5.7838095238095235,5.0275,5.7589999999999995,4.97465976331361,5.329753246753247,5.147,5.6160000000000005,5.291176470588234,6.8,7.0,6.55,6.101666666666667,6.833333333333333,6.3,6.335,7.0,6.966666666666666,5.543382352941176,1.001188172043011,0.6775000000000002,0.7661904761904763,1.0741666666666667,1.0743333333333336,1.3253402366863902,1.0052467532467526,1.8529999999999998,1.3506666666666653,0.25220588235294183,1.038,0,Rendimiento sólido,6.411111111111111,6.4111111111111105,9.868649107779169e-17,0,0,43,1,0,1,7,5.8,0,6.6,6.3,6.6,7.0,6.7,7.0,6.8,6.7,6.1,5.8,6.2,6.5,6.3,6.7,6.6,6.4,6.3,5.9,6.1,6.0,6.0,6.5,7.0,6.9,6.2,5.8,6.7,,,,1.0,1.0,1.0,1.0,1.0,1.0,1.0,1.0,1.0,,62.8,2,1,16,43,1,0,0.040634217447482586,0.040634217447482586,02 de June de 2026,02_06_26
15-018,8,8A,no_risk,0.09009957549918296,0.5063188238979734,0,False,Sin Riesgo,Random Forest v2,2026-06-02,4.61,5.42,4.6,4.0,4.76,4.79,4.99,4.85,5.48,5.32,confiable,confiable,confiable,confiable,confiable,orientativo,confiable,confiable,orientativo,no_viable,3.8909677419354836,4.666666666666667,3.472303030303031,3.3412280701754384,4.2,4.179777777777778,4.739399350649351,3.695,4.784920634920635,5.227264705882353,5.140702956989246,6.031581196581197,5.55,4.643703703703704,5.3202447552447545,5.415828877005347,5.4255,6.143528957528957,6.1487614678899085,5.48072192513369,1.2497352150537626,1.3649145299145298,2.077696969696969,1.3024756335282652,1.1202447552447543,1.236051099227569,0.6861006493506494,2.4485289575289575,1.3638408329692737,0.25345721925133624,1.31,0,Rendimiento sólido,4.855555555555556,5.0,0.14444444444444424,0,0,48,8,0,8,1,4.2,1,5.4,5.1,5.3,5.9,4.8,6.4,4.0,4.5,5.3,4.1,4.2,4.1,5.5,6.2,4.8,4.0,5.1,4.3,4.4,4.6,5.2,4.7,5.0,5.2,5.7,5.5,3.9,,,,2.12,1.98,3.62,3.78,1.23,3.18,3.25,2.72,1.6,,64.6,15,1,17,48,8,0,0.4035816006028433,0.4936811761020263,02 de June de 2026,02_06_26
19-030,8,8B,no_risk,0.0069520812043544,0.932164088521032,0,False,Sin Riesgo,Random Forest v2,2026-06-02,6.48,6.74,6.27,5.74,6.35,5.68,5.91,6.55,6.61,5.36,confiable,confiable,confiable,confiable,confiable,orientativo,confiable,confiable,orientativo,no_viable,6.148833333333334,6.308999999999999,5.796666666666667,5.286250000000001,5.7589999999999995,5.107692307692307,5.284707792207792,5.245,5.748846153846154,5.291176470588234,6.733333333333333,7.0,6.635,6.3,6.859999999999999,6.2025,6.446,7.0,7.0,5.543382352941176,0.5844999999999994,0.6910000000000007,0.8383333333333329,1.013749999999999,1.101,1.0948076923076924,1.1612922077922079,1.755,1.251153846153846,0.25220588235294183,0.974,0,Rendimiento sólido,6.6000000000000005,6.588888888888889,-0.01111111111111127,0,0,38,5,0,5,9,6.1,0,6.9,6.8,6.8,6.9,6.2,7.0,6.2,6.7,6.7,6.5,6.6,6.4,6.6,6.8,6.9,6.8,6.1,6.5,6.1,6.8,6.3,6.7,7.0,7.0,6.7,6.3,7.0,,,,1.0,1.0,1.0,1.0,1.0,1.0,1.0,1.0,1.0,,52.6,8,1,18,38,5,0,0.0608838302746135,0.06783591147896789,02 de June de 2026,02_06_26
23-151,8,8B,no_risk,0.006013941895301171,0.929946656492123,0,False,Sin Riesgo,Random Forest v2,2026-06-02,6.29,6.76,6.16,5.68,6.17,5.24,5.74,6.51,5.84,5.34,confiable,confiable,confiable,confiable,confiable,orientativo,confiable,confiable,orientativo,no_viable,5.82976923076923,6.300000000000001,5.696923076923077,5.281057692307693,5.6000000000000005,4.8,5.249642857142857,5.15,4.7,5.291176470588234,6.67,7.0,6.475499999999999,6.1265,6.6000000000000005,5.9425,6.082,7.0,6.933333333333334,5.493886554621847,0.8402307692307698,0.6999999999999993,0.7785769230769226,0.8454423076923074,1.0,1.1425,0.832357142857143,1.8499999999999996,2.2333333333333334,0.20271008403361268,1.043,0,Rendimiento sólido,6.0777777777777775,6.2666666666666675,0.188888888888889,0,0,52,2,0,2,5,5.7,1,6.3,6.7,6.4,7.0,6.9,7.0,5.3,6.0,6.4,5.8,5.9,6.6,6.0,6.0,6.7,5.5,6.1,6.0,6.1,6.1,5.9,6.9,7.0,7.0,5.8,5.7,5.2,,,,1.0,1.0,1.53,1.22,1.0,1.3,1.0,1.0,1.37,,53.8,2,0,24,52,2,0,0.06403940161257582,0.070053343507877,02 de June de 2026,02_06_26
15-010,8,8B,recovery,0.10276816292847352,0.44882825866617976,0,False,Sin Riesgo,Random Forest v2,2026-06-02,4.78,5.53,4.44,4.13,4.86,4.9,5.12,5.05,5.72,5.3,confiable,confiable,confiable,confiable,confiable,orientativo,confiable,confiable,orientativo,no_viable,4.061857142857143,4.975,3.336889908256881,3.2925,4.106704545454545,4.314965034965034,4.7747462406015035,3.8637500000000005,5.0,5.192675831202045,5.342535714285715,6.4407499999999995,5.482499999999999,5.3325,5.595016042780748,5.46375,5.56827731092437,6.699513513513513,6.603000000000001,5.477727272727273,1.280678571428572,1.4657499999999999,2.145610091743118,2.0399999999999996,1.4883114973262028,1.1487849650349657,0.7935310703228664,2.8357635135135126,1.6030000000000006,0.2850514415252272,1.509,1,Riesgo multidimensional,5.088888888888889,5.333333333333334,0.24444444444444446,1,0,30,9,1,12,2,4.2,0,5.3,5.2,5.2,5.5,6.2,7.0,4.5,5.0,3.7,3.7,4.2,4.6,4.9,5.4,5.1,4.9,4.4,3.8,5.9,5.0,5.0,4.8,7.0,5.7,6.3,5.6,5.3,,,,2.12,1.23,2.88,4.07,2.28,3.03,1.82,1.15,1.08,,73.3,8,1,8,30,9,1,0.44882825866617976,0.5515964215946533,02 de June de 2026,02_06_26
15-081,8,8B,recovery,0.2911206016141414,0.4585750480814624,0,False,Sin Riesgo,Random Forest v2,2026-06-02,4.76,5.65,4.79,3.92,4.75,4.74,4.94,5.06,5.7,5.31,confiable,confiable,confiable,confiable,confiable,orientativo,confiable,confiable,orientativo,no_viable,4.257870967741936,4.998888888888889,3.26984126984127,3.0709523809523813,4.178165584415584,4.165,4.645714285714286,3.7855000000000003,5.226238532110091,5.2256617647058805,5.3,6.556666666666666,6.350714285714285,4.745333333333333,5.2204999999999995,5.3999999999999995,5.3824999999999985,6.33,6.225310907237513,5.486323529411764,1.0421290322580639,1.557777777777777,3.080873015873015,1.6743809523809516,1.0423344155844152,1.2349999999999994,0.7367857142857126,2.5444999999999998,0.9990723751274224,0.2606617647058833,1.417,1,Riesgo multidimensional,4.888888888888889,5.011111111111111,0.12222222222222218,1,2,32,8,0,8,2,3.7,0,4.6,3.8,6.4,6.2,5.1,6.5,3.2,3.7,6.3,4.1,5.1,4.5,5.6,5.6,5.1,4.0,4.2,4.2,4.5,4.5,5.0,5.6,7.0,5.5,6.2,6.1,6.5,,,,3.7,1.53,4.82,3.1,1.6,3.85,3.25,1.0,1.0,,62.5,3,0,12,32,8,0,0.4585750480814624,0.7496956496956038,02 de June de 2026,02_06_26
24-022,8,8B,no_risk,0.007768478859741954,0.9244205540278579,0,False,Sin Riesgo,Random Forest v2,2026-06-02,6.33,6.4,5.9,5.53,5.93,5.58,5.71,5.61,6.59,5.37,confiable,confiable,confiable,confiable,confiable,orientativo,confiable,confiable,orientativo,no_viable,5.5115,5.766249999999999,5.000366972477065,4.9075,5.263606060606061,5.027062937062936,5.228571428571429,4.202500000000001,5.748333333333333,5.291176470588234,7.0,7.0,6.366666666666667,6.203333333333333,6.5,6.25,6.110035714285715,7.0,7.0,5.545416666666666,1.4885000000000002,1.2337500000000006,1.3662996941896024,1.2958333333333334,1.2363939393939392,1.2229370629370644,0.8814642857142863,2.7974999999999994,1.251666666666667,0.25424019607843196,1.303,0,Rendimiento sólido,6.055555555555555,6.322222222222222,0.2666666666666667,0,0,48,4,0,4,6,5.3,0,6.5,6.6,7.0,6.1,6.7,6.1,5.5,6.8,6.1,5.7,6.2,5.2,6.2,6.0,5.8,6.0,5.3,4.9,5.7,6.4,5.9,6.3,7.0,3.9,6.5,5.9,7.0,,,,1.0,1.0,1.0,1.08,1.0,1.53,1.0,1.0,1.0,,39.6,3,2,29,48,4,0,0.06781096711240003,0.07557944597214199,02 de June de 2026,02_06_26
25-148,8,8B,critical,0.3064914546744469,0.3627126728751541,1,False,Riesgo Teórico,Random Forest v2,2026-06-02,4.96,5.35,4.31,5.01,4.38,5.11,4.74,4.97,5.99,5.23,confiable,confiable,confiable,confiable,confiable,orientativo,confiable,confiable,orientativo,no_viable,4.2896,3.949,3.326,3.393333333333333,3.348333333333333,4.7,2.6324285714285716,2.1599999999999997,5.233333333333333,4.966862745098039,5.570166666666666,6.20125,5.094705882352941,6.6000000000000005,5.356060606060606,5.489120879120878,5.918035714285714,7.0,6.733333333333333,5.466666666666666,1.2805666666666662,2.25225,1.7687058823529411,3.2066666666666674,2.0077272727272732,0.7891208791208779,3.2856071428571423,4.84,1.5,0.49980392156862674,2.143,1,Riesgo multidimensional,5.388888888888889,4.7444444444444445,-0.6444444444444443,0,2,31,11,0,11,1,3.2,0,5.6,4.4,4.0,4.7,3.3,6.1,5.6,5.7,4.8,4.6,4.2,3.9,5.6,4.7,5.1,4.2,3.2,3.4,6.0,5.5,5.1,5.8,7.0,5.1,6.4,4.7,5.0,,,,2.5,4.0,1.53,3.4,2.28,4.45,1.38,1.0,1.68,,38.7,4,0,19,31,11,0,0.3627126728751541,0.669204127549601,02 de June de 2026,02_06_26
19-049,8,8B,no_risk,0.025038704246868115,0.7499772587678938,0,False,Sin Riesgo,Random Forest v2,2026-06-02,4.64,5.67,4.67,4.22,5.03,5.15,5.37,5.36,5.91,5.26,confiable,confiable,confiable,confiable,confiable,orientativo,confiable,confiable,orientativo,no_viable,3.872870967741935,5.038863636363636,3.6000000000000005,3.5660714285714286,4.181082251082251,4.496666666666667,5.001142857142858,4.150144787644788,5.3522935779816505,5.089382352941176,5.121415770609319,6.4037500000000005,6.0775,4.972083333333333,5.668571428571429,5.746071428571429,5.942571428571428,6.7,6.555000000000001,5.46322268907563,1.2485448028673845,1.3648863636363648,2.477499999999999,1.4060119047619044,1.487489177489178,1.2494047619047617,0.9414285714285704,2.5498552123552125,1.20270642201835,0.373840336134454,1.43,0,Rendimiento sólido,5.322222222222222,5.71111111111111,0.3888888888888889,0,0,80,9,0,9,4,4.5,0,5.3,5.1,2.4,5.1,5.3,6.2,4.7,5.0,6.3,5.0,5.4,4.4,5.5,6.1,4.7,5.7,4.5,4.5,4.0,6.2,6.1,6.0,7.0,6.7,6.6,6.8,7.0,,,,2.2,2.2,2.72,2.2,1.3,2.35,2.35,1.0,1.0,,41.2,3,0,47,80,9,0,0.22498403698523806,0.25002274123210616,02 de June de 2026,02_06_26
22-165,8,8B,recovery,0.2183051980161639,0.44010238146472025,0,False,Sin Riesgo,Random Forest v2,2026-06-02,4.58,5.41,4.5,4.43,4.38,4.86,4.76,5.12,5.58,5.27,confiable,confiable,confiable,confiable,confiable,orientativo,confiable,confiable,orientativo,no_viable,3.8121588465298144,4.74,3.0980000000000003,3.4303703703703707,3.4475000000000002,4.31006993006993,4.0617261904761905,4.024166666666667,4.93375,5.096166982922201,5.140707885304659,6.010000000000001,5.621333333333333,6.050555555555556,5.007818181818183,5.400424403183024,5.346230158730158,7.0,6.204444444444444,5.4460588235294125,1.3285490387748444,1.2700000000000005,2.523333333333333,2.6201851851851856,1.5603181818181828,1.090354473113094,1.2845039682539676,2.975833333333333,1.2706944444444446,0.3498918406072118,1.627,1,Riesgo multidimensional,5.077777777777778,5.01111111111111,-0.06666666666666672,1,1,13,6,0,6,1,3.8,0,5.1,3.8,3.4,5.5,4.9,5.9,3.7,4.0,5.5,5.4,5.7,4.4,4.6,4.6,3.9,4.7,4.6,4.5,4.9,5.1,4.9,6.0,7.0,4.2,5.8,5.4,3.2,,,,3.33,2.2,4.22,1.67,3.1,3.02,2.5,1.0,1.6,,46.2,5,0,7,13,6,0,0.44010238146472025,0.6584075794808841,02 de June de 2026,02_06_26
25-232,8,8B,critical,0.4119253207948655,0.4806690367836931,0,False,Riesgo Teórico,Random Forest v2,2026-06-02,4.61,5.37,4.3,3.77,4.53,4.88,4.83,4.53,5.74,5.31,confiable,confiable,confiable,confiable,confiable,orientativo,confiable,confiable,orientativo,no_viable,3.7558,4.557857142857142,3.038857142857143,2.7,3.6299999999999994,4.3,4.017857142857142,2.3483333333333336,5.226238532110091,5.177598039215686,5.076236559139785,6.123000000000001,5.649161205766709,4.761666666666666,5.18577922077922,5.452959866220736,5.501785714285714,5.91,6.361777777777778,5.575539215686274,1.320436559139785,1.5651428571428587,2.6103040629095657,2.0616666666666656,1.5557792207792205,1.152959866220736,1.4839285714285717,3.5616666666666665,1.1355392456676876,0.3979411764705878,1.685,1,Riesgo multidimensional,,5.133333333333334,,0,1,24,3,0,3,2,3.3,0,,4.1,5.5,,4.4,7.0,,3.3,3.4,,6.0,5.1,,6.2,5.2,,4.4,3.5,,4.8,5.3,,7.0,4.9,,6.0,5.3,,,,,,,,,,,,,,37.5,3,0,15,24,3,0,0.4806690367836931,0.8925943575785587,02 de June de 2026,02_06_26
15-029,8,8B,no_risk,0.03455244341462039,0.7511962107639766,0,False,Sin Riesgo,Random Forest v2,2026-06-02,4.95,6.03,4.99,4.47,5.17,5.12,5.24,5.58,5.88,5.27,confiable,confiable,confiable,confiable,confiable,orientativo,confiable,confiable,orientativo,no_viable,4.481374551971326,5.286874999999999,3.725428571428572,3.6277142857142857,4.332,4.524166666666667,4.892857142857142,4.04825,5.254326412361178,5.199133126934984,5.465772727272727,7.0,6.3,5.760769230769231,5.9,5.667,5.738724489795917,6.88,6.529166666666667,5.387073529411764,0.9843981753014006,1.7131250000000007,2.574571428571428,2.1330549450549454,1.5680000000000005,1.142833333333333,0.8458673469387747,2.8317499999999995,1.2748402543054889,0.18794040247678012,1.526,0,Rendimiento sólido,5.244444444444444,5.466666666666667,0.2222222222222222,0,0,61,9,0,9,1,4.6,0,4.9,5.2,6.4,5.8,5.4,7.0,4.7,5.4,6.5,4.4,5.4,3.9,4.8,5.9,6.0,5.3,4.8,3.9,5.0,4.6,5.1,5.9,7.0,6.1,6.4,5.5,5.7,,,,2.43,1.6,2.42,2.65,1.98,2.43,2.8,1.0,1.08,,34.4,1,2,40,61,9,0,0.214251345821403,0.2488037892360234,02 de June de 2026,02_06_26
16-076,8,8B,no_risk,0.010773328457998171,0.8956352605147464,0,False,Sin Riesgo,Random Forest v2,2026-06-02,5.3,6.27,5.25,4.91,5.35,5.16,5.39,5.85,6.27,5.32,confiable,confiable,confiable,confiable,confiable,orientativo,confiable,confiable,orientativo,no_viable,4.667471420486701,5.465624999999999,4.333577981651376,3.8887777777777783,4.533333333333334,4.515,5.035714285714286,4.0529166666666665,5.626965923984272,5.247316176470588,6.319999999999999,7.0,6.166666666666667,6.127999999999999,6.104285714285715,5.880096153846154,5.945999999999999,7.0,6.95,5.495588235294117,1.652528579513298,1.5343750000000007,1.8330886850152908,2.239222222222221,1.5709523809523809,1.365096153846154,0.9102857142857133,2.9470833333333335,1.3230340760157278,0.2482720588235292,1.562,0,Rendimiento sólido,5.666666666666667,6.099999999999999,0.4333333333333333,0,0,41,6,0,6,5,5.0,0,5.7,5.0,4.7,6.7,6.4,7.0,5.0,6.5,5.0,4.6,6.0,4.8,5.9,6.1,5.9,5.4,5.4,4.6,5.7,5.7,5.2,5.3,7.0,5.9,6.7,6.8,6.5,,,,1.98,1.0,1.38,2.05,1.0,1.9,1.45,1.0,1.0,,34.1,2,0,27,41,6,0,0.09359141102725534,0.1043647394852535,02 de June de 2026,02_06_26
19-113,8,8B,critical,0.7216006431306632,0.7216006431306632,4,True,Riesgo Confirmado,Random Forest v2,2026-06-02,4.28,5.46,4.32,3.27,4.06,4.69,4.73,3.16,6.07,5.29,confiable,confiable,confiable,confiable,confiable,orientativo,confiable,confiable,orientativo,no_viable,3.5922500000000004,4.840000000000001,3.4205,1.9,2.5,4.275659340659341,3.1,1.1179999999999999,5.284642857142857,5.25812693498452,5.001666666666667,6.2,5.130770642201835,4.295,4.933333333333334,5.195384615384616,5.425,5.431711711711711,6.8,5.457990950226244,1.4094166666666665,1.3599999999999994,1.7102706422018348,2.395,2.4333333333333336,0.9197252747252751,2.3249999999999997,4.313711711711711,1.5153571428571428,0.19986401524172415,1.858,1,Riesgo multidimensional,4.5777777777777775,4.2555555555555555,-0.322222222222222,2,4,73,11,1,14,1,2.6,0,5.3,3.0,3.6,4.5,2.6,5.4,3.1,4.2,4.1,3.1,3.5,3.4,4.6,4.9,4.0,4.3,3.6,3.9,5.3,4.7,4.4,5.4,7.0,2.1,5.6,4.8,6.1,,,,3.78,4.68,4.53,5.05,2.88,4.07,2.5,1.0,2.2,,54.8,18,1,33,73,11,1,0.22701991015116563,0.9486205532818288,02 de June de 2026,02_06_26
22-234,8,8B,critical,0.3873502411813377,0.5221528239459222,3,True,Riesgo Confirmado,Random Forest v2,2026-06-02,4.74,5.29,4.28,4.37,4.16,4.88,4.46,4.79,5.84,5.24,confiable,confiable,confiable,confiable,confiable,orientativo,confiable,confiable,orientativo,no_viable,4.3128338220918865,4.485416666666667,2.9979999999999998,3.064,3.1240384615384618,4.313846153846153,3.0,2.5675,5.1725,5.0,5.159979402318112,5.987499999999999,5.72171052631579,6.1339999999999995,4.968068181818181,5.324846153846154,5.123428571428572,6.507499999999999,6.5265,5.388689839572192,0.8471455802262255,1.5020833333333323,2.72371052631579,3.0699999999999994,1.844029720279719,1.0110000000000001,2.1234285714285717,3.9399999999999995,1.354,0.3886898395721916,1.88,1,Riesgo multidimensional,4.222222222222222,4.588888888888889,0.36666666666666675,3,2,47,5,0,5,1,3.5,1,6.1,4.3,4.1,3.4,4.4,7.0,2.5,3.5,5.1,4.2,3.6,3.6,4.9,4.2,5.1,2.6,4.9,4.1,4.4,4.5,4.6,4.2,7.0,6.8,5.7,4.9,6.0,,,,2.2,4.15,5.5,4.15,3.18,4.37,3.32,1.6,2.05,,48.9,4,1,24,47,5,0,0.5221528239459222,0.90950306512726,02 de June de 2026,02_06_26
15-082,8,8B,critical,0.44949683352278336,0.5042154071660928,1,False,Riesgo Teórico,Random Forest v2,2026-06-02,4.68,5.47,4.71,3.78,4.68,4.7,4.94,4.85,5.74,5.3,confiable,confiable,confiable,confiable,confiable,orientativo,confiable,confiable,orientativo,no_viable,4.032028225806452,4.928846153846154,3.16625,2.9975,4.162121212121212,4.15,4.533333333333334,3.5647297297297302,5.2245,5.18126050420168,5.120858870967742,6.162461538461539,6.360000000000001,4.416764705882353,5.168,5.28275641025641,5.346230158730158,6.0435,6.228820081549438,5.483830065359476,1.0888306451612895,1.2336153846153852,3.1937500000000014,1.419264705882353,1.005878787878788,1.1327564102564098,0.8128968253968241,2.4787702702702696,1.0043200815494382,0.3025695611577959,1.367,1,Riesgo multidimensional,4.4,4.688888888888889,0.2888888888888889,2,2,48,7,1,10,1,3.0,0,4.3,4.0,6.4,5.3,4.8,4.9,2.8,3.0,6.8,3.5,3.6,3.9,4.3,4.9,5.2,4.2,4.6,4.6,4.2,4.6,5.1,5.1,7.0,4.8,5.9,5.7,6.5,,,,3.78,2.43,5.65,4.68,3.1,3.4,3.4,1.0,1.3,,50.0,5,3,24,48,7,1,0.5042154071660928,0.9537122406888762,02 de June de 2026,02_06_26
25-044,9,9A,no_risk,0.08425992674331804,0.6742097421850011,0,False,Sin Riesgo,Random Forest v2,2026-06-02,5.0,5.52,4.36,4.8,4.86,5.28,5.33,5.37,5.91,5.28,confiable,confiable,confiable,confiable,confiable,orientativo,confiable,confiable,orientativo,no_viable,4.494653225806451,4.998749999999999,3.2826085626911317,3.5797101449275366,3.8162499999999997,4.998917378917379,5.028392857142857,4.225714285714286,5.236000000000001,5.075882352941175,5.8335,6.334833333333332,5.424508519003931,6.101142857142858,5.725479797979798,5.755961538461539,5.9305844155844145,7.0,6.604615384615385,5.563063725490196,1.3388467741935486,1.3360833333333328,2.141899956312799,2.5214327122153217,1.909229797979798,0.7570441595441597,0.9021915584415572,2.774285714285714,1.3686153846153841,0.4871813725490206,1.554,0,Rendimiento sólido,5.305000000000001,5.630000000000001,0.32500000000000007,1,0,21,5,0,5,4,4.4,0,5.05,5.5,5.1,3.3,4.4,4.1,5.3,4.9,5.1,6.3,5.4,6.1,4.9,5.2,4.5,5.1,5.1,6.3,4.2,6.3,4.0,6.3,7.0,7.0,6.7,6.2,5.9,5.9,6.3,5.5,2.09,4.23,2.35,1.23,2.43,2.35,2.13,1.0,1.0,1.0,76.2,11,2,5,21,5,0,0.2415303310716807,0.32579025781499876,02 de June de 2026,02_06_26
22-109,9,9A,no_risk,0.13035450207984187,0.5218392592034863,0,False,Sin Riesgo,Random Forest v2,2026-06-02,4.7,5.14,3.71,3.86,4.68,5.25,5.18,4.6,5.8,5.32,confiable,confiable,confiable,confiable,confiable,orientativo,confiable,confiable,orientativo,no_viable,4.318505131964809,4.051875,3.05,2.6786666666666665,3.75,4.749692307692308,4.585910714285714,3.775,5.11662123197903,5.0245798319327735,5.076236559139785,5.8233823529411755,4.647248897891099,5.203666666666665,5.293799999999999,5.820857142857143,5.7693650793650795,5.972923007040654,6.5775,5.64003803245436,0.757731427174976,1.7715073529411756,1.5972488978910988,2.5249999999999986,1.5437999999999992,1.0711648351648355,1.1834543650793652,2.197923007040654,1.4608787680209696,0.6154582005215863,1.472,0,Rendimiento sólido,4.935,5.825,0.8899999999999999,2,0,9,4,0,4,3,4.7,0,4.45,5.55,5.3,3.8,4.7,4.8,5.0,5.1,4.3,4.7,5.9,4.9,4.7,6.2,5.2,5.2,5.5,5.8,3.2,6.5,6.0,5.5,7.0,5.3,6.8,6.0,3.7,6.0,5.8,5.1,2.5,3.63,2.43,2.05,1.82,1.98,2.72,1.0,1.0,1.15,66.7,1,0,3,9,4,0,0.34780623871667177,0.4781607407965136,02 de June de 2026,02_06_26
16-045,7,7B,critical,0.36699972322862884,0.48195885291501195,1,False,Riesgo Teórico,Random Forest v2,2026-06-02,4.61,4.95,3.63,3.87,4.55,5.06,5.06,4.42,5.6,5.33,confiable,confiable,confiable,confiable,confiable,orientativo,confiable,confiable,orientativo,no_viable,4.165,3.166,2.974642857142857,2.85,3.75,4.4,4.473849206349206,2.8866666666666667,4.8180000000000005,4.854485294117647,5.076236559139785,5.743531468531468,4.500071355759429,5.144393939393939,5.204,5.526666666666667,5.68297619047619,5.382837837837837,6.295582985821516,5.6636356209150325,0.9112365591397849,2.577531468531468,1.5254284986165723,2.2943939393939385,1.4539999999999997,1.126666666666667,1.2091269841269847,2.49617117117117,1.477582985821516,0.8091503267973854,1.588,1,Riesgo multidimensional,4.877777777777777,5.088888888888889,0.21111111111111105,1,2,38,5,0,5,2,3.4,1,5.0,4.4,4.1,5.2,4.1,6.0,4.8,3.4,5.4,2.5,3.6,2.8,5.3,5.7,4.9,4.4,5.5,5.1,5.3,7.0,7.0,5.5,6.1,4.9,5.9,6.0,4.5,,,,2.95,3.03,3.85,5.42,1.75,2.57,1.0,1.3,1.08,,52.6,7,4,18,38,5,0,0.48195885291501195,0.8489585761436408,02 de June de 2026,02_06_26
25-136,7,7A,recovery,0.17210079086973437,0.587721025207157,1,False,Sin Riesgo,Random Forest v2,2026-06-02,4.57,5.22,4.22,3.82,4.63,4.87,5.07,4.63,5.7,5.28,confiable,confiable,confiable,confiable,confiable,orientativo,confiable,confiable,orientativo,no_viable,3.8644059139784948,3.946875,3.085142857142857,2.8,3.899204545454545,4.2,4.7,2.5290000000000004,5.095000000000001,4.973221288515406,5.076236559139785,6.2162500000000005,5.796736566186107,4.674421052631578,5.235,5.429412955465587,5.65,6.335606177606177,6.450454545454545,5.5753676470588225,1.2118306451612901,2.2693750000000006,2.71159370904325,1.874421052631578,1.3357954545454551,1.2294129554655866,0.9500000000000002,3.806606177606177,1.3554545454545446,0.6021463585434166,1.735,1,Riesgo multidimensional,4.4,5.366666666666666,0.9666666666666666,1,0,73,4,0,4,2,4.0,0,4.7,4.1,5.0,4.0,5.1,7.0,4.0,4.8,5.6,4.5,5.0,5.0,4.2,5.3,4.5,1.8,4.0,4.4,5.1,7.0,5.1,5.7,7.0,6.8,5.6,6.0,5.7,,,,3.4,3.18,3.4,2.88,2.88,5.65,1.0,1.0,1.3,,65.8,8,7,25,73,4,0,0.587721025207157,0.7598218160768914,02 de June de 2026,02_06_26
24-201,7,7B,critical,0.4405400208027957,0.46550060695989476,3,True,Riesgo Confirmado,Random Forest v2,2026-06-02,4.55,5.22,3.98,3.47,4.34,4.94,4.89,3.78,5.74,5.31,confiable,confiable,confiable,confiable,confiable,orientativo,confiable,confiable,orientativo,no_viable,4.037049462365592,3.935,3.0393333333333334,2.184,2.5900000000000003,4.4,3.215071428571428,1.578,4.895170975813178,4.9644012605042,5.059620071684588,6.2,4.915846153846154,4.418382352941176,5.18875,5.43375,5.600714285714286,5.382837837837837,6.487963302752293,5.597794117647059,1.0225706093189961,2.265,1.8765128205128203,2.234382352941176,2.5987499999999994,1.0337499999999995,2.385642857142858,3.8048378378378365,1.592792326939115,0.6333928571428586,1.945,1,Riesgo multidimensional,4.611111111111111,4.788888888888888,0.17777777777777765,2,2,78,17,0,17,1,3.0,0,4.4,4.1,3.2,5.5,4.3,4.9,3.5,3.3,2.8,3.2,3.0,3.2,4.9,5.2,3.1,4.0,4.2,3.8,5.1,7.0,4.7,5.0,6.0,3.3,5.9,6.0,6.0,,,,3.62,2.65,4.9,5.35,2.43,3.85,1.0,1.75,1.08,,37.2,4,0,49,78,17,0,0.46550060695989476,0.9060406277626905,02 de June de 2026,02_06_26
17-010,7,7B,recovery,0.19252433913537864,0.5870921663303704,1,False,Sin Riesgo,Random Forest v2,2026-06-02,4.73,5.02,3.86,3.87,4.63,5.05,5.08,4.69,5.69,5.31,confiable,confiable,confiable,confiable,confiable,orientativo,confiable,confiable,orientativo,no_viable,4.26334962528511,3.166,3.032857142857143,2.7975,3.874,4.325714285714286,4.5997619047619045,3.4786666666666664,4.9,4.972857142857143,5.094831182795699,5.929047619047619,5.124999999999999,5.26121212121212,5.284381818181818,5.647575757575757,5.705397959183673,6.144195624195625,6.487963302752293,5.66718954248366,0.8314815575105889,2.763047619047619,2.092142857142856,2.46371212121212,1.410381818181818,1.321861471861471,1.105636054421769,2.6655289575289585,1.5879633027522928,0.6943323996265169,1.694,1,Riesgo multidimensional,4.988888888888889,5.244444444444444,0.25555555555555554,1,0,77,6,0,6,2,4.0,0,4.4,4.1,3.0,5.4,4.6,4.0,4.7,4.0,4.3,3.3,4.7,4.8,5.2,5.4,4.2,4.3,4.5,3.9,5.6,7.0,7.0,6.4,7.0,4.9,5.6,5.9,4.5,,,,3.62,2.5,3.47,4.0,2.05,3.4,1.0,1.0,1.38,,49.4,9,0,39,77,6,0,0.5870921663303704,0.7796165054657491,02 de June de 2026,02_06_26
24-200,7,7B,critical,0.39899723173289836,0.45500649487410166,3,True,Riesgo Confirmado,Random Forest v2,2026-06-02,4.8,5.11,3.9,4.5,4.18,5.07,4.52,4.43,5.77,5.19,confiable,confiable,confiable,confiable,confiable,orientativo,confiable,confiable,orientativo,no_viable,4.236639784946237,3.931666666666667,2.8735000000000004,2.6966666666666663,3.3333333333333335,4.535641025641025,2.3333333333333335,1.8689285714285715,4.800000000000001,4.659,5.3197311827956995,6.003076923076923,5.139999999999999,6.45125,5.1,5.600153846153846,5.678571428571428,7.0,6.733333333333333,5.539271708683472,1.0830913978494623,2.0714102564102563,2.2664999999999984,3.7545833333333336,1.7666666666666662,1.064512820512821,3.3452380952380945,5.1310714285714285,1.9333333333333327,0.8802717086834724,2.33,1,Riesgo multidimensional,4.677777777777778,4.877777777777776,0.19999999999999984,2,2,108,16,0,16,3,2.9,0,4.2,4.0,5.7,5.5,5.3,5.9,3.0,2.9,3.4,2.4,4.2,3.9,5.2,4.2,3.9,4.0,3.9,2.5,5.7,7.0,6.4,6.4,6.1,4.3,5.7,6.3,4.5,,,,3.85,1.9,5.57,5.05,2.95,4.07,1.0,1.0,1.0,,41.7,10,1,63,108,16,0,0.45500649487410166,0.854003726607,02 de June de 2026,02_06_26
19-163,7,7B,critical,0.380734960838667,0.4591760765009412,1,False,Riesgo Teórico,Random Forest v2,2026-06-02,4.68,5.03,4.1,3.79,4.55,4.91,5.07,4.52,5.67,5.25,confiable,confiable,confiable,confiable,confiable,orientativo,confiable,confiable,orientativo,no_viable,3.9799999999999995,2.6,3.0687878787878784,2.7741666666666664,3.75,4.2325,4.724428571428572,2.4608333333333334,4.573333333333334,4.758039215686274,5.334285714285714,6.224107142857142,5.9,5.002,5.266381818181819,5.427746288798921,5.65,6.5894054054054045,6.638333333333333,5.5821323529411755,1.354285714285714,3.624107142857142,2.831212121212122,2.2278333333333333,1.5163818181818192,1.1952462887989208,0.9255714285714287,4.128572072072071,2.0649999999999986,0.8240931372549012,2.069,1,Riesgo multidimensional,4.622222222222222,5.2555555555555555,0.6333333333333333,3,2,53,6,2,12,2,3.4,0,3.4,5.1,5.0,5.8,3.9,7.0,3.0,3.4,5.9,3.0,4.0,4.6,5.1,5.8,4.7,4.3,5.4,5.3,5.1,7.0,5.3,6.4,7.0,4.9,5.5,5.7,5.3,,,,3.63,2.72,5.2,4.75,1.83,2.72,1.0,1.0,1.6,,69.8,16,0,16,53,6,2,0.4591760765009412,0.8399110373396081,02 de June de 2026,02_06_26
25-188,7,7B,no_risk,0.0467145473556868,0.6943340040343556,0,False,Sin Riesgo,Random Forest v2,2026-06-02,5.02,5.86,4.79,4.55,5.14,5.22,5.32,5.19,6.0,5.27,confiable,confiable,confiable,confiable,confiable,orientativo,confiable,confiable,orientativo,no_viable,4.380377126099707,5.199166666666666,3.725428571428572,3.5794999999999995,4.181082251082251,4.666461538461538,4.891642857142857,3.255,5.34086500655308,5.104697478991596,5.806571428571428,6.6819999999999995,6.101428571428572,5.6775,5.851666666666667,5.705576923076922,5.90875,6.8,6.743695937090433,5.437235294117646,1.4261943024717212,1.4828333333333337,2.3760000000000003,2.0980000000000008,1.6705844155844156,1.0391153846153838,1.0171071428571432,3.545,1.4028309305373527,0.33253781512604963,1.639,0,Rendimiento sólido,5.3999999999999995,5.800000000000001,0.4000000000000001,0,0,164,3,0,3,3,4.7,0,5.8,5.3,4.3,6.2,5.2,6.0,5.5,6.4,,4.1,4.8,3.3,5.5,5.8,5.2,4.0,4.7,4.5,6.2,7.0,4.1,5.5,6.0,3.1,5.8,7.0,6.0,,,,1.67,1.45,1.08,3.33,1.52,3.47,1.0,1.38,1.0,,47.6,6,24,86,164,3,0,0.2589514486099575,0.3056659959656443,02 de June de 2026,02_06_26
23-044,7,7B,no_risk,0.004128660301086743,0.9746329771402403,0,False,Sin Riesgo,Random Forest v2,2026-06-02,6.1,6.54,5.83,5.44,5.87,5.41,5.67,6.22,6.18,5.36,confiable,confiable,confiable,confiable,confiable,orientativo,confiable,confiable,orientativo,no_viable,5.0726129032258065,5.646,4.649128440366973,4.575681818181818,4.794444444444444,4.8,5.057571428571429,4.908,4.7,5.291176470588234,6.842666666666667,7.0,6.434285714285714,6.126,6.5615,6.137903846153845,6.1525,7.0,6.934285714285714,5.545416666666666,1.7700537634408606,1.354,1.785157273918741,1.5503181818181826,1.7670555555555554,1.3379038461538455,1.0949285714285706,2.0919999999999996,2.234285714285714,0.25424019607843196,1.524,0,Rendimiento sólido,6.222222222222221,6.3,0.0777777777777777,0,0,39,1,0,1,6,5.6,0,6.6,6.0,6.4,7.0,6.7,7.0,6.6,5.6,6.6,5.2,6.2,5.2,5.9,5.8,6.0,5.8,6.1,5.4,6.1,7.0,7.0,6.4,7.0,7.0,6.4,6.3,6.0,,,,1.0,1.0,1.0,1.45,1.22,1.07,1.0,1.0,1.0,,84.6,1,1,6,39,1,0,0.021238362558673052,0.025367022859759794,02 de June de 2026,02_06_26
23-251,7,7B,critical,0.503726737463581,0.503726737463581,3,True,Riesgo Confirmado,Random Forest v2,2026-06-02,4.58,5.12,3.78,3.64,4.43,5.06,5.05,3.87,5.7,5.3,confiable,confiable,confiable,confiable,confiable,orientativo,confiable,confiable,orientativo,no_viable,3.9735971326164874,3.8325,3.064,2.4985714285714287,3.5352380952380953,4.501282051282051,4.228063492063492,1.7633333333333334,4.848538782318599,4.771268907563025,5.052898148148149,5.905714285714286,4.878355681016232,4.651491228070175,5.2,5.4805276848755105,5.705261904761905,5.279090347490346,6.466666666666666,5.616803221288515,1.0793010155316614,2.0732142857142857,1.8143556810162318,2.1529197994987466,1.6647619047619049,0.9792456335934592,1.4771984126984128,3.5157570141570123,1.618127884348067,0.8455343137254898,1.722,1,Riesgo multidimensional,4.5888888888888895,4.911111111111111,0.3222222222222222,3,3,103,6,0,6,2,2.9,0,3.7,4.6,4.4,5.3,4.0,6.9,3.9,2.9,3.3,2.5,3.7,3.6,4.9,5.5,3.8,4.0,3.8,4.0,5.1,7.0,5.3,6.2,7.0,7.0,5.7,5.7,6.0,,,,3.77,3.03,4.9,5.35,2.2,4.15,1.0,1.0,1.45,,56.3,21,6,45,103,6,0,0.4339813484101063,0.9377080858736873,02 de June de 2026,02_06_26
20-160,7,7B,no_risk,0.022391467985841358,0.8702089269995126,0,False,Sin Riesgo,Random Forest v2,2026-06-02,5.14,5.84,4.69,4.65,5.24,5.3,5.37,5.56,5.95,5.32,confiable,confiable,confiable,confiable,confiable,orientativo,confiable,confiable,orientativo,no_viable,4.5262893217893225,5.057142857142858,3.43875,3.652619047619047,4.306571428571429,4.764692307692307,5.034201680672269,4.1975,5.253142201834862,5.183539215686275,6.3065,6.812884615384615,6.099999999999999,6.121333333333332,5.955,5.943499999999999,6.005,7.0,6.841,5.545343137254902,1.7802106782106772,1.755741758241757,2.6612499999999986,2.4687142857142854,1.6484285714285711,1.178807692307692,0.9707983193277308,2.8025,1.587857798165138,0.36180392156862684,1.722,0,Rendimiento sólido,5.411111111111111,5.822222222222223,0.4111111111111112,0,0,29,8,0,8,3,4.9,0,5.4,5.3,4.5,5.5,5.9,6.0,5.0,4.9,3.8,4.6,5.3,5.0,5.6,6.1,4.8,5.2,5.2,5.0,5.8,7.0,6.4,6.1,7.0,5.9,5.5,5.7,4.5,,,,1.98,1.45,2.58,2.58,1.23,2.2,1.0,1.0,1.6,,75.9,9,4,7,29,8,0,0.10739960501464599,0.12979107300048734,02 de June de 2026,02_06_26
18-131,7,7B,no_risk,0.21527442444009598,0.41840305912178793,0,False,Sin Riesgo,Random Forest v2,2026-06-02,4.91,5.55,4.39,4.2,5.05,5.19,5.3,5.2,5.73,5.29,confiable,confiable,confiable,confiable,confiable,orientativo,confiable,confiable,orientativo,no_viable,4.498811827956989,4.484464285714286,3.1,3.3525,4.1714393939393934,4.496666666666667,4.910357142857144,4.173214285714286,5.021460244648318,5.103648459383753,5.343249261491197,6.473625,5.872,5.30076923076923,5.73106351981352,5.734285714285714,5.8778061224489795,6.7,6.4119230769230775,5.597794117647059,0.8444374335342077,1.9891607142857142,2.772,1.9482692307692302,1.5596241258741266,1.237619047619047,0.9674489795918353,2.5267857142857144,1.3904628322747596,0.4941456582633057,1.573,1,Riesgo multidimensional,5.355555555555555,5.622222222222223,0.2666666666666667,0,1,73,8,1,11,3,3.5,0,5.1,5.4,3.5,6.3,5.7,7.0,4.9,3.5,5.6,4.0,4.6,5.4,5.6,6.4,5.1,4.4,5.0,3.6,5.5,7.0,5.0,6.0,7.0,4.9,6.4,6.0,5.2,,,,2.12,1.0,3.7,3.55,1.0,2.95,1.0,1.0,1.0,,67.1,14,9,24,73,8,1,0.366322516438116,0.581596940878212,02 de June de 2026,02_06_26
21-191,7,7B,no_risk,0.010701971831983542,0.9404737547910694,0,False,Sin Riesgo,Random Forest v2,2026-06-02,6.13,6.47,5.83,5.36,5.86,5.53,5.64,6.02,6.46,5.38,confiable,confiable,confiable,confiable,confiable,orientativo,confiable,confiable,orientativo,no_viable,5.076236559139786,5.6475,4.762499999999999,4.431666666666667,4.825227272727273,4.966937869822485,5.035714285714286,4.3105,5.578,5.291176470588234,6.841,7.0,6.4,6.35,6.576071428571429,6.27,6.201666666666667,7.0,6.95,5.69470588235294,1.7647634408602144,1.3525,1.637500000000001,1.918333333333333,1.750844155844156,1.3030621301775147,1.1659523809523815,2.6895,1.3719999999999999,0.4035294117647057,1.536,0,Rendimiento sólido,6.333333333333333,6.4111111111111105,0.0777777777777777,0,0,17,2,0,2,7,5.9,0,5.9,6.0,6.8,6.5,6.1,7.0,6.5,6.5,6.9,5.0,5.9,5.9,6.0,6.7,5.9,6.7,6.2,5.9,6.7,7.0,7.0,6.9,7.0,7.0,6.8,6.3,6.7,,,,1.08,1.0,1.0,1.82,1.0,1.0,1.0,1.0,1.0,,64.7,6,0,6,17,2,0,0.04882427337694692,0.05952624520893046,02 de June de 2026,02_06_26
19-150,7,7B,no_risk,0.0978956080607989,0.6406326413939389,1,False,Sin Riesgo,Random Forest v2,2026-06-02,5.11,5.66,4.53,4.91,4.87,5.23,5.24,5.65,6.02,5.27,confiable,confiable,confiable,confiable,confiable,orientativo,confiable,confiable,orientativo,no_viable,4.583878709677419,4.737357142857142,3.3000000000000003,3.5599999999999996,3.8988888888888886,4.763846153846154,4.820714285714286,4.332857142857143,5.386094364351246,5.0,6.186125,6.7,5.888749999999999,6.5275,5.8,5.7463492063492065,6.075,7.0,6.801666666666667,5.467777777777777,1.6022462903225803,1.9626428571428578,2.5887499999999988,2.9675000000000002,1.9011111111111112,0.9825030525030529,1.2542857142857144,2.6671428571428573,1.4155723023154207,0.4677777777777772,1.781,0,Rendimiento sólido,5.711111111111112,5.533333333333333,-0.17777777777777773,0,0,43,8,0,8,3,4.0,0,5.6,4.9,4.6,6.9,5.8,6.9,5.1,4.0,4.4,5.0,4.8,2.5,6.0,5.3,3.3,5.5,4.7,3.9,5.1,7.0,5.3,6.0,7.0,3.1,6.2,6.3,4.5,,,,2.13,1.0,3.18,2.65,1.53,2.35,1.0,1.0,1.0,,55.8,9,0,19,43,8,0,0.2614717505452622,0.3593673586060611,02 de June de 2026,02_06_26
16-002,7,7B,no_risk,0.12613822419426335,0.48198033273872537,0,False,Sin Riesgo,Random Forest v2,2026-06-02,4.89,5.54,4.39,4.34,5.07,5.28,5.39,5.27,5.84,5.3,confiable,confiable,confiable,confiable,confiable,orientativo,confiable,confiable,orientativo,no_viable,4.486806451612903,4.6466666666666665,3.2000000000000006,3.3266666666666667,4.138787878787879,4.728601398601398,5.035714285714286,4.004090909090909,5.148333333333333,5.121449472096531,5.363149958643508,6.43775,5.85,5.525833333333334,5.742863636363637,5.792426035502959,6.048163265306123,6.780333333333334,6.6336666666666675,5.563357843137254,0.8763435070306045,1.7910833333333338,2.649999999999999,2.199166666666667,1.6040757575757585,1.0638246369015603,1.012448979591837,2.776242424242425,1.485333333333334,0.4419083710407232,1.59,0,Rendimiento sólido,5.333333333333333,5.622222222222223,0.288888888888889,1,0,40,2,0,2,3,4.0,1,4.8,5.2,6.0,6.8,5.6,6.0,4.9,4.0,4.8,3.8,4.3,4.6,4.7,6.4,5.6,5.5,5.7,4.6,5.5,7.0,7.0,5.9,6.0,7.0,6.1,6.4,6.0,,,,2.5,1.0,3.33,3.93,1.67,1.6,1.0,1.08,1.0,,45.0,2,2,22,40,2,0,0.3918814430670114,0.5180196672612747,02 de June de 2026,02_06_26
16-059,7,7B,no_risk,0.01638782811904203,0.9274346462000356,0,False,Sin Riesgo,Random Forest v2,2026-06-02,6.23,6.52,5.88,5.52,5.9,5.42,5.64,6.12,6.25,5.36,confiable,confiable,confiable,confiable,confiable,orientativo,confiable,confiable,orientativo,no_viable,5.259874551971326,5.6868181818181816,4.761628440366972,4.8500000000000005,4.798181818181818,4.85,5.035714285714286,4.498333333333333,4.7,5.291176470588234,6.803999999999999,7.0,6.403333333333333,6.35,6.5615,6.1533974358974355,6.1525,7.0,6.935,5.543382352941176,1.544125448028673,1.3131818181818184,1.6417048929663611,1.4999999999999991,1.7633181818181818,1.3033974358974358,1.1167857142857143,2.501666666666667,2.2349999999999994,0.25220588235294183,1.517,0,Rendimiento sólido,6.455555555555555,6.322222222222223,-0.13333333333333325,0,0,15,6,0,6,5,5.7,0,5.9,6.3,6.5,7.0,5.9,7.0,6.7,5.7,6.0,5.5,5.9,5.0,6.4,6.4,5.6,6.1,6.0,5.0,6.8,7.0,7.0,6.9,7.0,6.9,6.8,6.7,6.0,,,,1.0,1.0,1.0,1.45,1.0,1.0,1.0,1.0,1.0,,73.3,4,2,4,15,6,0,0.05617752568092246,0.0725653537999645,02 de June de 2026,02_06_26
17-067,7,7B,critical,0.4517945528880849,0.4517945528880849,4,True,Riesgo Confirmado,Random Forest v2,2026-06-02,4.54,4.34,3.57,3.74,4.3,4.93,5.02,4.3,5.34,5.17,confiable,confiable,confiable,confiable,confiable,orientativo,confiable,confiable,orientativo,no_viable,3.9666666666666663,2.4985714285714287,2.9791428571428566,2.718,3.465,4.23,4.208966836734694,2.9,4.25,4.499558823529412,5.06836559139785,5.6499999999999995,4.451666666666667,5.24621212121212,5.163999999999999,5.5024999999999995,5.678571428571428,5.224695945945946,6.174380733944953,5.6018235294117655,1.1016989247311835,3.151428571428571,1.4725238095238105,2.5282121212121202,1.698999999999999,1.272499999999999,1.4696045918367338,2.324695945945946,1.924380733944953,1.1022647058823534,1.805,1,Riesgo multidimensional,4.933333333333334,5.177777777777778,0.24444444444444446,2,1,19,16,0,16,3,3.3,0,5.0,5.4,3.2,5.7,5.0,1.0,4.8,3.3,3.1,3.5,4.7,3.5,4.8,4.8,3.6,3.5,4.2,3.4,4.9,7.0,5.3,5.6,6.1,3.3,6.6,6.1,4.5,,,,2.2,1.98,3.93,3.85,2.8,4.23,1.08,1.23,1.0,,42.1,3,0,11,19,16,0,0.3970681121015778,0.8488626649896627,02 de June de 2026,02_06_26
20-077,7,7B,critical,0.3715329798363296,0.4628423176061373,2,False,Riesgo Teórico,Random Forest v2,2026-06-02,4.65,4.82,3.85,3.88,4.46,4.93,5.01,4.7,5.54,5.23,confiable,confiable,confiable,confiable,confiable,orientativo,confiable,confiable,orientativo,no_viable,4.1499999999999995,3.03,3.0107692307692306,2.7640000000000002,3.6319999999999997,4.325714285714286,4.2838095238095235,3.318571428571429,4.56,4.7250000000000005,5.076236559139785,5.676499999999999,5.0040825688073385,5.376608695652174,5.114347041847043,5.454113712374583,5.65,6.144195624195625,6.19744787322769,5.573088235294117,0.9262365591397854,2.646499999999999,1.9933133380381078,2.612608695652174,1.482347041847043,1.1283994266602972,1.3661904761904768,2.825624195624196,1.63744787322769,0.8480882352941164,1.747,1,Riesgo multidimensional,4.777777777777779,5.055555555555555,0.27777777777777773,3,1,41,13,0,13,1,3.2,0,5.0,4.3,2.7,5.5,5.0,6.9,3.6,3.2,3.9,3.2,5.0,4.4,5.1,4.8,3.8,3.7,4.5,4.9,5.4,7.0,7.0,5.9,6.0,5.9,5.6,5.7,6.0,,,,3.03,2.12,4.9,3.85,2.58,3.85,1.0,1.08,1.53,,63.4,13,0,15,41,13,0,0.4628423176061373,0.834375297442467,02 de June de 2026,02_06_26
22-087,7,7B,no_risk,0.006843906451596394,0.9352982886091282,0,False,Sin Riesgo,Random Forest v2,2026-06-02,5.17,5.93,4.83,4.76,5.24,5.42,5.51,5.44,6.15,5.32,confiable,confiable,confiable,confiable,confiable,orientativo,confiable,confiable,orientativo,no_viable,4.610150729646698,5.098333333333333,3.602807994757536,3.8074999999999997,4.2592628992628985,4.932307692307692,5.072997448979592,3.7375,5.598715596330274,5.147171945701357,6.201524731182796,6.9350000000000005,6.154999999999999,5.867500000000001,6.1049999999999995,6.1033333333333335,6.048163265306123,6.963999999999999,6.819,5.528705882352941,1.5913740015360984,1.8366666666666678,2.552192005242463,2.060000000000001,1.845737100737101,1.1710256410256417,0.9751658163265304,3.226499999999999,1.2202844036697256,0.38153393665158397,1.686,0,Rendimiento sólido,5.877777777777778,6.055555555555555,0.17777777777777765,0,0,10,1,0,1,5,5.1,0,5.7,5.1,5.7,6.4,5.7,7.0,5.6,5.2,4.7,4.4,5.1,5.1,6.3,6.5,6.0,6.0,6.1,5.4,5.6,7.0,7.0,6.2,7.0,7.0,6.7,6.8,6.7,,,,1.9,1.0,1.9,2.87,1.0,1.0,1.0,1.0,1.0,,50.0,4,0,5,10,1,0,0.05785780493927557,0.06470171139087197,02 de June de 2026,02_06_26
15-022,7,7B,no_risk,0.06705788518789392,0.7592523745297683,0,False,Sin Riesgo,Random Forest v2,2026-06-02,5.01,5.7,4.56,4.48,5.12,5.34,5.43,5.37,5.96,5.28,confiable,confiable,confiable,confiable,confiable,orientativo,confiable,confiable,orientativo,no_viable,4.486806451612903,4.898571428571428,3.312064220183486,3.5797101449275366,4.364,4.8931538461538455,5.035714285714286,4.220000000000001,5.342011795543906,5.097598039215686,6.197,6.710999999999999,5.982499999999999,5.544,5.8774999999999995,5.8,6.048163265306123,6.921333333333333,6.758928571428572,5.493205882352941,1.710193548387097,1.8124285714285717,2.670435779816513,1.964289855072463,1.5134999999999996,0.9068461538461543,1.012448979591837,2.7013333333333325,1.4169167758846664,0.3956078431372543,1.61,0,Rendimiento sólido,5.444444444444445,5.677777777777777,0.2333333333333332,0,0,70,1,0,1,2,4.3,0,5.7,5.5,5.0,6.0,5.7,5.0,4.8,4.3,4.3,4.4,5.3,4.3,5.4,5.5,5.9,5.8,4.8,4.7,4.4,7.0,5.0,6.3,7.0,4.4,6.2,6.0,4.5,,,,1.6,1.23,3.18,2.72,1.82,2.05,1.45,1.0,1.0,,37.1,5,0,44,70,1,0,0.17368974028233766,0.2407476254702316,02 de June de 2026,02_06_26
22-220,8,8B,no_risk,0.0019273865739539552,0.9378965758433339,0,False,Sin Riesgo,Random Forest v2,2026-06-02,6.03,6.66,5.91,5.58,5.89,5.18,5.66,6.53,5.81,5.33,confiable,confiable,confiable,confiable,confiable,orientativo,confiable,confiable,orientativo,no_viable,5.236806451612903,5.9063333333333325,5.123323603002501,4.859714285714286,4.936515151515151,4.8,5.100321428571428,5.15,4.7,5.291176470588234,6.634714285714285,7.0,6.387142857142858,6.1775,6.5,5.7778846153846155,6.0,7.0,6.9,5.495588235294117,1.3979078341013818,1.0936666666666675,1.2638192541403566,1.317785714285714,1.5634848484848494,0.9778846153846157,0.8996785714285718,1.8499999999999996,2.2,0.20441176470588296,1.277,0,Rendimiento sólido,6.122222222222223,6.0777777777777775,-0.044444444444444585,0,0,27,0,0,0,4,5.3,0,6.0,6.3,5.9,7.0,6.6,7.0,6.0,5.3,5.9,5.7,6.0,6.4,6.4,5.8,6.1,6.3,6.6,5.9,5.2,5.7,6.0,6.4,7.0,7.0,6.1,5.4,4.7,,,,1.0,1.0,1.53,1.23,1.0,1.0,1.82,1.0,1.37,,66.7,3,1,9,27,0,0,0.060176037582712144,0.0621034241566661,02 de June de 2026,02_06_26
21-111,8,8A,recovery,0.19033510159876646,0.6543134443415439,1,False,Sin Riesgo,Random Forest v2,2026-06-02,4.39,4.98,4.22,3.53,4.34,4.81,4.97,3.88,5.76,5.28,confiable,confiable,confiable,confiable,confiable,orientativo,confiable,confiable,orientativo,no_viable,3.5915000000000004,3.7416666666666667,3.1,2.4741666666666666,3.5385714285714287,4.23,4.582886904761905,1.7000000000000002,4.8966666666666665,5.236823529411765,5.060098924731183,5.882499999999999,5.156659716430359,4.806666666666666,5.0412055335968375,5.4068325791855205,5.5,5.856004700352527,6.5205,5.477727272727273,1.4685989247311828,2.1408333333333327,2.056659716430359,2.332499999999999,1.5026341050254088,1.17683257918552,0.9171130952380953,4.1560047003525264,1.6238333333333337,0.24090374331550723,1.762,1,Riesgo multidimensional,4.4111111111111105,4.788888888888889,0.3777777777777778,2,0,50,10,0,10,0,4.0,0,4.0,4.1,4.1,4.8,5.5,2.8,4.2,4.3,4.9,3.5,4.3,3.6,4.6,5.2,3.8,4.0,4.0,4.3,3.5,4.8,5.0,4.8,5.0,6.9,6.3,5.9,5.7,,,,3.92,2.28,3.63,4.15,2.65,4.0,3.78,2.65,1.0,,60.0,9,0,20,50,10,0,0.6543134443415439,0.8446485459403104,02 de June de 2026,02_06_26
20-157,7,7A,critical,0.33953792190080656,0.4208472549790867,0,False,Riesgo Teórico,Random Forest v2,2026-06-02,4.58,5.25,4.07,3.67,4.5,4.95,5.07,3.94,5.74,5.33,confiable,confiable,confiable,confiable,confiable,orientativo,confiable,confiable,orientativo,no_viable,3.911807885304659,3.7725000000000004,3.1,2.645,3.6,4.365,4.192321428571429,1.7359999999999998,4.9,5.116826923076923,5.076236559139785,6.130961538461539,5.277477064220183,4.739333333333334,5.3118181818181816,5.439134615384615,5.678571428571428,5.7178571428571425,6.555,5.6173804694291505,1.164428673835126,2.358461538461538,2.177477064220183,2.0943333333333336,1.7118181818181815,1.0741346153846152,1.4862499999999992,3.9818571428571428,1.6549999999999994,0.5005535463522275,1.82,1,Riesgo multidimensional,4.9222222222222225,5.111111111111111,0.18888888888888897,0,2,85,16,0,16,3,3.2,0,4.6,3.9,5.5,5.9,4.6,6.1,4.1,3.2,4.4,4.2,4.4,4.7,5.3,5.7,4.9,4.5,4.0,3.5,4.5,7.0,5.7,5.0,7.0,4.2,6.2,6.2,5.7,,,,3.63,2.12,4.53,3.55,1.75,3.63,1.38,1.0,1.0,,70.6,11,8,25,85,16,0,0.4208472549790867,0.7603851768798933,02 de June de 2026,02_06_26
24-098,7,7A,no_risk,0.016509205205442943,0.8762156472543213,0,False,Sin Riesgo,Random Forest v2,2026-06-02,5.53,5.94,4.95,5.29,5.21,5.35,5.43,5.74,6.14,5.29,confiable,confiable,confiable,confiable,confiable,orientativo,confiable,confiable,orientativo,no_viable,4.655331062579309,5.036833333333334,3.556857142857143,4.073055555555555,3.9719999999999995,4.85,5.030892857142857,4.23125,5.054910714285714,4.997058823529412,6.5615000000000006,7.0,6.3,6.535,6.324999999999999,5.9755,6.211244113029827,7.0,6.933333333333334,5.540000000000001,1.9061689374206914,1.963166666666666,2.743142857142857,2.4619444444444447,2.3529999999999998,1.1255000000000006,1.1803512558869702,2.76875,1.8784226190476199,0.5429411764705891,1.892,0,Rendimiento sólido,6.0555555555555545,6.066666666666666,0.011111111111110973,0,0,116,4,0,4,5,4.9,0,5.3,6.0,3.6,6.9,4.9,7.0,6.6,5.2,4.9,6.5,6.5,5.3,5.7,6.6,6.0,4.7,5.1,2.6,5.9,7.0,4.7,6.5,7.0,7.0,6.4,6.3,5.7,,,,1.53,1.15,1.15,1.0,1.0,2.65,1.0,1.0,1.0,,83.6,13,7,19,116,4,0,0.10727514754023586,0.1237843527456788,02 de June de 2026,02_06_26
24-178,7,7A,critical,0.5152493382384504,0.5152493382384504,4,True,Riesgo Confirmado,Random Forest v2,2026-06-02,4.46,5.34,4.03,3.71,4.42,4.93,4.91,4.18,5.85,5.32,confiable,confiable,confiable,confiable,confiable,orientativo,confiable,confiable,orientativo,no_viable,3.7854296187683287,4.485892857142857,3.081136363636364,2.7324999999999995,3.5492857142857144,4.3983333333333325,4.478,2.1,5.2589999999999995,5.23141060371517,4.93381182795699,6.101999999999999,5.043849682427664,4.485,5.06,5.403501326259947,5.426266233766234,5.419828724072909,6.476285714285715,5.522843137254902,1.1483822091886609,1.6161071428571425,1.9627133187913004,1.7525000000000008,1.5107142857142852,1.0051679929266149,0.9482662337662342,3.319828724072909,1.2172857142857154,0.29143253353973186,1.477,1,Riesgo multidimensional,4.544444444444443,4.7124999999999995,0.3625000000000002,3,2,82,13,1,16,1,3.6,0,4.1,4.2,3.5,3.5,4.0,7.0,4.1,4.0,3.2,3.8,3.6,4.1,4.7,5.2,3.7,3.5,3.8,4.1,6.1,,7.0,5.3,7.0,5.2,5.8,5.9,6.4,,,,3.78,4.38,3.93,4.45,2.57,4.53,,1.0,1.22,,52.4,2,12,39,82,13,1,0.42491433530999567,0.9401636735484461,02 de June de 2026,02_06_26
25-149,7,7A,recovery,0.24829497043746324,0.6007403844128941,2,False,Sin Riesgo,Random Forest v2,2026-06-02,4.56,5.13,3.72,3.68,4.6,5.03,5.1,4.42,5.78,5.3,confiable,confiable,confiable,confiable,confiable,orientativo,confiable,confiable,orientativo,no_viable,3.9905,4.049,3.01,2.89,3.8975,4.4727505827505825,4.754712918660287,3.2625,5.112857142857143,4.976838235294117,5.022217357910906,5.759090909090908,4.655104849279162,4.503333333333333,5.154646464646465,5.494375000000001,5.602969924812031,5.33491554054054,6.466666666666666,5.601428571428571,1.0317173579109058,1.7100909090909076,1.6451048492791625,1.6133333333333328,1.257146464646465,1.0216244172494182,0.8482570061517443,2.07241554054054,1.353809523809523,0.624590336134454,1.318,1,Riesgo multidimensional,4.7,5.4,0.7000000000000001,2,1,40,8,0,8,3,3.9,0,4.0,4.5,4.4,4.4,4.7,4.7,3.8,3.9,3.3,3.6,4.0,3.7,5.3,6.4,5.6,4.4,5.2,3.7,6.0,7.0,4.2,5.2,7.0,5.1,5.6,5.9,7.0,,,,3.62,3.17,4.23,4.3,1.23,2.8,1.0,1.0,1.38,,55.0,8,1,18,40,8,0,0.6007403844128941,0.8490353548503573,02 de June de 2026,02_06_26
17-009,7,7A,recovery,0.16952341381021319,0.5602879675499314,2,False,Sin Riesgo,Random Forest v2,2026-06-02,4.59,5.05,3.84,3.67,4.59,5.0,5.11,4.49,5.71,5.33,confiable,confiable,confiable,confiable,confiable,orientativo,confiable,confiable,orientativo,no_viable,4.0,3.6966666666666663,3.0,2.7975,3.874857142857143,4.298571428571428,4.697857142857143,3.0,4.9875,4.970357142857143,5.076236559139785,5.93025974025974,4.923,4.445200000000001,5.1585714285714275,5.618391608391607,5.65,5.488383575883575,6.467142857142856,5.645489350912778,1.0762365591397849,2.233593073593074,1.923,1.6477000000000008,1.2837142857142845,1.3198201798201792,0.9521428571428574,2.4883835758835753,1.4796428571428564,0.6751322080556355,1.508,0,Rendimiento sólido,4.711111111111111,5.366666666666666,0.6555555555555557,1,0,35,1,0,1,3,4.0,1,3.8,4.1,2.8,5.5,5.2,5.9,4.1,4.2,3.4,4.0,4.0,4.5,5.3,6.3,5.7,4.1,4.7,3.9,4.1,7.0,6.7,5.6,7.0,5.6,5.9,5.8,5.7,,,,4.08,1.98,3.78,4.0,1.3,3.4,1.68,1.0,1.22,,54.3,1,4,16,35,1,0,0.5602879675499314,0.7298113813601446,02 de June de 2026,02_06_26
16-070,7,7A,critical,0.4483723816905738,0.46354537911163146,3,True,Riesgo Confirmado,Random Forest v2,2026-06-02,4.66,4.98,3.72,4.36,4.0,5.05,4.46,4.19,5.71,5.17,confiable,confiable,confiable,confiable,confiable,orientativo,confiable,confiable,orientativo,no_viable,4.1499999999999995,3.939166666666667,2.7950000000000004,2.485142857142857,2.9975,4.535641025641025,2.9714285714285715,1.9589285714285716,4.728888888888889,4.645588235294118,5.15603440860215,5.9,4.901538461538461,6.202857142857143,5.0,5.476153846153846,5.685714285714285,6.45,6.605626911314985,5.496029411764705,1.0060344086021509,1.9608333333333334,2.106538461538461,3.717714285714286,2.0025,0.9405128205128204,2.7142857142857135,4.491071428571429,1.876738022426096,0.8504411764705875,2.167,1,Riesgo multidimensional,4.766666666666667,4.777777777777778,0.01111111111111117,2,3,76,11,1,14,2,2.2,0,3.9,3.9,2.5,5.0,4.7,6.1,4.4,2.2,3.4,4.0,4.4,3.8,5.4,4.3,4.4,2.8,3.7,4.0,6.0,7.0,3.0,5.3,7.0,1.5,6.1,5.8,5.7,,,,4.15,2.72,5.05,3.7,2.72,5.12,1.0,1.0,1.07,,43.4,9,3,43,76,11,1,0.46354537911163146,0.9119177608022053,02 de June de 2026,02_06_26
18-048,7,7A,no_risk,0.1122054614044356,0.47982566352291156,0,False,Sin Riesgo,Random Forest v2,2026-06-02,4.68,5.24,3.99,4.03,4.83,5.12,5.16,4.86,5.66,5.32,confiable,confiable,confiable,confiable,confiable,orientativo,confiable,confiable,orientativo,no_viable,4.177445161290323,4.426076923076923,3.069454545454545,3.0486363636363634,4.136477272727273,4.484595141700405,4.758035714285714,3.999090909090909,5.0225,5.07111344537815,5.076236559139785,6.025576923076923,5.345293577981652,5.013333333333333,5.4376388888888885,5.6066666666666665,5.678928571428571,6.160666666666666,6.236320081549439,5.645489350912778,0.8987913978494619,1.5995000000000008,2.2758390325271067,1.9646969696969694,1.3011616161616155,1.1220715249662616,0.9208928571428574,2.161575757575757,1.2138200815494393,0.5743759055346285,1.403,0,Rendimiento sólido,5.066666666666666,5.388888888888889,0.32222222222222197,0,0,16,4,0,4,2,4.0,0,4.2,5.2,6.3,5.7,4.8,6.8,4.4,4.0,4.4,4.4,4.6,4.7,5.0,5.3,5.0,4.4,4.6,4.1,5.6,7.0,5.1,5.9,7.0,6.3,6.0,6.0,5.7,,,,2.95,2.12,3.7,3.25,2.28,3.25,1.0,1.0,1.0,,87.5,3,5,2,16,4,0,0.407968875072653,0.5201743364770886,02 de June de 2026,02_06_26
20-096,7,7A,critical,0.42520868412694907,0.4826394418029544,2,False,Riesgo Teórico,Random Forest v2,2026-06-02,4.51,5.05,3.72,3.55,4.46,5.03,5.14,3.77,5.75,5.33,confiable,confiable,confiable,confiable,confiable,orientativo,confiable,confiable,orientativo,no_viable,3.8644059139784948,3.7275,3.0324999999999998,2.5949999999999998,3.5,4.3999999999999995,4.718775510204082,1.8,4.895170975813178,4.986078431372549,4.9848313978494625,5.871785714285715,4.578571428571427,4.418382352941176,5.2410000000000005,5.55,5.7508928571428575,5.0295548489666135,6.541,5.64003803245436,1.1204254838709677,2.144285714285715,1.5460714285714277,1.8233823529411763,1.7410000000000005,1.1500000000000004,1.0321173469387759,3.2295548489666137,1.6458290241868223,0.6539596010818105,1.609,1,Riesgo multidimensional,4.588888888888889,5.0,0.41111111111111115,3,3,60,5,0,5,2,3.7,1,3.8,3.8,4.8,4.6,4.0,7.0,4.5,3.7,4.6,3.7,3.8,4.1,5.2,5.7,5.7,3.3,4.1,3.6,4.5,7.0,5.3,5.4,7.0,4.8,6.3,5.9,5.7,,,,4.3,3.55,3.85,4.37,1.82,4.45,1.38,1.0,1.0,,61.7,19,2,23,60,5,0,0.4826394418029544,0.9078481259299035,02 de June de 2026,02_06_26
15-079,7,7B,critical,0.3892960955391416,0.5121927037588844,0,False,Riesgo Teórico,Random Forest v2,2026-06-02,4.6,4.98,3.71,3.93,4.47,5.05,5.12,4.26,5.62,5.29,confiable,confiable,confiable,confiable,confiable,orientativo,confiable,confiable,orientativo,no_viable,3.9905,3.4885,3.006923076923077,2.9225,3.619666666666667,4.4,4.4325,2.332857142857143,4.848538782318599,4.774705882352941,5.06836559139785,5.818333333333333,4.6000000000000005,5.38240036231884,5.1585714285714275,5.551923076923076,5.733333333333333,5.4583558558558565,6.4550909090909085,5.6,1.0778655913978499,2.329833333333333,1.5930769230769237,2.4599003623188405,1.5389047619047607,1.151923076923076,1.3008333333333333,3.1254987129987133,1.6065521267723097,0.8252941176470587,1.701,1,Riesgo multidimensional,4.777777777777778,5.033333333333333,0.2555555555555554,1,1,66,8,0,8,2,3.4,0,5.0,4.6,4.5,4.7,4.1,6.9,4.1,3.4,5.7,2.9,4.0,5.3,5.2,4.9,4.6,4.1,4.3,4.2,4.9,7.0,5.9,6.2,7.0,5.9,5.9,6.0,6.0,,,,2.8,3.4,4.38,4.82,2.42,3.7,1.08,1.0,1.08,,72.7,19,2,18,66,8,0,0.5121927037588844,0.901488799298026,02 de June de 2026,02_06_26
24-092,7,7B,no_risk,0.07744602255839239,0.6845683098022929,0,False,Sin Riesgo,Random Forest v2,2026-06-02,5.25,5.93,4.99,4.79,5.23,5.32,5.31,5.59,6.11,5.33,confiable,confiable,confiable,confiable,confiable,orientativo,confiable,confiable,orientativo,no_viable,4.6355770609319,5.075333333333333,3.7042857142857146,3.6450000000000005,4.181082251082251,4.897142857142857,5.0232142857142845,4.326538461538462,5.493816996619991,5.199411764705882,6.2206,6.825833333333334,6.263392857142857,6.012818181818181,6.2,5.834285714285714,5.8778061224489795,7.0,6.860666666666666,5.497859477124183,1.5850229390681,1.7505000000000006,2.559107142857142,2.3678181818181807,2.018917748917749,0.9371428571428568,0.854591836734695,2.673461538461538,1.3668496700466752,0.2984477124183007,1.641,0,Rendimiento sólido,5.5,5.9,0.40000000000000013,1,0,10,5,0,5,3,4.9,0,5.6,5.1,5.5,6.3,4.9,7.0,5.7,5.4,6.0,3.6,5.6,5.3,5.6,6.2,6.0,4.8,5.9,5.8,5.7,7.0,7.0,6.4,7.0,4.9,5.8,6.0,4.5,,,,1.98,1.6,1.67,3.1,1.15,1.98,1.0,1.0,1.15,,60.0,4,0,4,10,5,0,0.23798566763931456,0.31543169019770695,02 de June de 2026,02_06_26
23-228,7,7B,critical,0.3117499189990982,0.460549205050364,1,False,Riesgo Teórico,Random Forest v2,2026-06-02,4.66,5.01,4.0,3.73,4.66,4.98,5.09,4.64,5.62,5.32,confiable,confiable,confiable,confiable,confiable,orientativo,confiable,confiable,orientativo,no_viable,4.141428571428571,3.25,3.006923076923077,2.7245,3.8794999999999997,4.295,4.726877551020408,2.99,4.680000000000001,4.972857142857143,5.076236559139785,5.967500000000001,5.555,4.658703703703703,5.291981818181818,5.590000000000001,5.65,5.997792792792792,6.452142857142857,5.646634308895972,0.9348079877112143,2.717500000000001,2.548076923076923,1.9342037037037034,1.4124818181818184,1.2950000000000008,0.9231224489795924,3.0077927927927917,1.7721428571428568,0.6737771660388283,1.722,1,Riesgo multidimensional,4.844444444444445,5.277777777777778,0.43333333333333307,2,1,48,6,0,6,2,3.5,0,4.4,4.1,3.8,6.2,5.0,7.0,3.7,3.5,3.7,3.7,4.5,5.2,4.2,6.1,5.6,4.0,5.3,5.8,5.3,7.0,5.7,6.2,6.0,4.7,5.9,6.0,4.5,,,,3.62,1.6,4.6,3.85,2.28,3.02,1.0,1.0,1.08,,41.7,2,0,28,48,6,0,0.460549205050364,0.7722991240494622,02 de June de 2026,02_06_26
15-043,7,7B,no_risk,0.012637937491412886,0.9239874202644739,0,False,Sin Riesgo,Random Forest v2,2026-06-02,5.77,6.29,5.43,5.18,5.6,5.33,5.57,5.63,6.15,5.34,confiable,confiable,confiable,confiable,confiable,orientativo,confiable,confiable,orientativo,no_viable,4.891074780058651,5.4286666666666665,4.0054514727184936,3.974385964912281,4.5,4.775,5.035714285714286,3.4400000000000004,5.0,5.2693891402714925,6.637937275985663,7.0,6.342666666666667,6.2,6.460666666666666,6.040307692307692,6.102,7.0,6.933333333333334,5.543382352941176,1.7468624959270116,1.5713333333333335,2.3372151939481736,2.225614035087719,1.9606666666666657,1.265307692307692,1.0662857142857147,3.5599999999999996,1.9333333333333336,0.2739932126696836,1.794,0,Rendimiento sólido,6.166666666666667,6.288888888888889,0.12222222222222229,0,0,43,5,0,5,6,5.5,0,6.2,6.3,5.2,7.0,5.9,7.0,7.0,5.5,6.2,4.5,5.5,6.0,5.9,6.3,5.0,5.7,6.2,4.9,6.6,7.0,6.6,5.8,7.0,6.4,6.8,6.9,5.2,,,,1.0,1.0,1.0,2.5,1.0,1.08,1.0,1.0,1.0,,60.5,4,1,17,43,5,0,0.06337464224411303,0.07601257973552591,02 de June de 2026,02_06_26
25-082,7,7B,no_risk,0.013425430554159602,0.860373095872729,0,False,Sin Riesgo,Random Forest v2,2026-06-02,5.26,5.92,4.74,4.83,5.2,5.34,5.56,5.42,6.06,5.25,confiable,confiable,confiable,confiable,confiable,orientativo,confiable,confiable,orientativo,no_viable,4.655104873621002,4.932222222222221,3.384,3.7108333333333334,4.117999999999999,4.789587912087911,5.034201680672269,3.885151515151515,5.218214285714287,5.004411764705882,6.271999999999999,6.981999999999999,6.199999999999999,6.126888888888888,6.130714285714285,6.0201098901098895,6.3069444444444445,7.0,6.925833333333334,5.492563025210083,1.6168951263789975,2.049777777777778,2.8159999999999994,2.4160555555555545,2.012714285714286,1.2305219780219785,1.2727427637721753,3.114848484848485,1.7076190476190476,0.48815126050420155,1.873,0,Rendimiento sólido,5.800000000000001,5.988888888888889,0.18888888888888872,0,0,40,3,0,3,4,4.9,0,6.0,5.6,6.6,7.0,6.8,7.0,5.9,4.9,4.7,4.9,5.6,4.2,5.3,6.1,5.9,5.5,4.9,4.1,6.2,7.0,5.6,5.9,7.0,4.1,5.5,6.0,6.0,,,,1.3,1.0,1.9,2.13,1.45,2.2,1.0,1.0,1.38,,62.5,0,0,15,40,3,0,0.12620147357311107,0.13962690412727066,02 de June de 2026,02_06_26
16-043,7,7B,no_risk,0.04375553453403948,0.79551772049447,0,False,Sin Riesgo,Random Forest v2,2026-06-02,5.24,5.87,4.78,4.73,5.26,5.35,5.45,5.62,6.02,5.3,confiable,confiable,confiable,confiable,confiable,orientativo,confiable,confiable,orientativo,no_viable,4.616270609318996,4.928571428571428,3.325714285714286,3.581752305665349,4.208571428571429,4.8,5.035714285714286,4.2250000000000005,5.2988888888888885,5.14185294117647,6.350499999999999,6.824999999999999,6.154,6.204999999999999,6.0615,6.067692307692307,6.123306122448979,7.0,6.933333333333334,5.563725490196078,1.7342293906810031,1.8964285714285714,2.828285714285714,2.6232476943346503,1.8529285714285706,1.2676923076923075,1.0875918367346937,2.7749999999999995,1.634444444444445,0.421872549019608,1.812,0,Rendimiento sólido,5.611111111111111,5.9,0.28888888888888914,0,0,35,7,0,7,4,4.8,0,5.1,5.5,5.2,6.0,6.2,5.1,5.5,4.8,5.6,4.2,5.0,5.6,6.1,6.5,6.3,5.6,5.2,5.6,6.1,7.0,7.0,6.1,7.0,7.0,5.8,5.9,6.0,,,,2.05,1.0,2.28,3.1,1.0,1.9,1.0,1.0,1.22,,65.7,9,4,12,35,7,0,0.16072674497149034,0.20448227950552983,02 de June de 2026,02_06_26
25-178,7,7B,recovery,0.13655474130554787,0.4441179764748441,1,False,Sin Riesgo,Random Forest v2,2026-06-02,4.76,5.21,3.9,3.93,4.84,5.17,5.32,4.86,5.75,5.34,confiable,confiable,confiable,confiable,confiable,orientativo,confiable,confiable,orientativo,no_viable,4.264642857142857,4.24,3.031111111111111,2.933333333333333,4.0,4.419076923076923,4.9228571428571435,3.4800000000000004,4.993333333333333,5.105021008403361,5.07862604540024,6.2011111111111115,5.00375,5.043333333333333,5.5688502673796805,5.8,5.923489177489177,6.468749999999998,6.452142857142857,5.671428571428572,0.8139831882573825,1.9611111111111112,1.972638888888889,2.11,1.5688502673796805,1.380923076923077,1.0006320346320337,2.988749999999998,1.4588095238095242,0.5664075630252103,1.582,0,Rendimiento sólido,5.066666666666666,5.688888888888888,0.6222222222222222,1,0,9,2,0,2,3,4.0,0,5.1,4.8,6.2,5.4,5.6,6.0,4.9,4.4,5.9,3.0,4.0,4.0,5.1,5.9,4.6,5.4,5.5,6.1,5.1,7.0,7.0,5.3,7.0,6.9,6.3,7.0,7.0,,,,2.58,1.75,3.03,4.75,1.75,1.82,1.0,1.0,1.0,,44.4,2,0,5,9,2,0,0.4441179764748441,0.580672717780392,02 de June de 2026,02_06_26
17-047,7,7B,no_risk,0.06468937969881297,0.690295748216506,0,False,Sin Riesgo,Random Forest v2,2026-06-02,5.17,5.76,4.68,4.74,5.06,5.17,5.23,5.67,5.92,5.25,confiable,confiable,confiable,confiable,confiable,orientativo,confiable,confiable,orientativo,no_viable,4.567821339950372,4.716,3.098181818181818,3.4483333333333337,3.9975,4.348333333333333,4.812857142857142,4.327252747252747,4.99375,4.999705882352941,6.251,6.801153846153846,6.1033333333333335,6.393076923076922,5.9025,5.724285714285714,6.003392857142857,7.0,6.9205,5.478021390374332,1.6831786600496281,2.0851538461538457,3.0051515151515154,2.9447435897435885,1.9049999999999998,1.3759523809523815,1.1905357142857147,2.6727472527472527,1.9267499999999993,0.47831550802139056,1.927,0,Rendimiento sólido,5.5,5.488888888888889,-0.011111111111111072,0,0,16,9,0,9,2,4.3,0,5.3,4.5,4.8,6.2,6.6,6.9,5.8,4.3,4.5,5.1,4.8,5.1,5.1,5.6,4.9,4.7,4.7,4.6,5.9,7.0,3.5,5.6,6.0,3.3,5.8,5.9,6.0,,,,2.65,1.0,2.42,2.58,1.98,2.95,1.0,1.3,1.22,,31.2,2,0,11,16,9,0,0.2450148720846812,0.30970425178349414,02 de June de 2026,02_06_26
14-004,8,8B,no_risk,0.0065733115308968,0.9531814730962571,0,False,Sin Riesgo,Random Forest v2,2026-06-02,6.28,6.53,5.85,5.52,5.71,5.33,5.64,5.87,6.47,5.32,confiable,confiable,confiable,confiable,confiable,orientativo,confiable,confiable,orientativo,no_viable,5.202415770609319,5.915499999999999,5.029051987767584,4.898,4.667792207792208,4.8999999999999995,5.035714285714286,4.439333333333333,5.578,5.291176470588234,7.0,7.0,6.366666666666667,6.35,6.333333333333333,5.833333333333333,6.0755,7.0,6.959999999999999,5.458457983193277,1.7975842293906812,1.0845000000000011,1.337614678899083,1.452,1.6655411255411252,0.9333333333333336,1.0397857142857143,2.560666666666667,1.3819999999999988,0.16728151260504287,1.342,0,Rendimiento sólido,6.033333333333333,6.222222222222221,0.1888888888888888,0,0,6,4,0,4,6,5.6,0,5.2,6.0,6.8,7.0,6.2,7.0,5.8,6.3,6.1,5.3,5.8,6.1,6.2,6.1,5.6,5.3,5.6,4.7,5.8,6.1,6.0,6.9,7.0,5.0,6.8,6.9,6.7,,,,1.6,1.0,1.0,1.68,1.0,1.83,1.07,1.0,1.0,,66.7,3,0,2,6,4,0,0.04024521537284601,0.04681852690374281,02 de June de 2026,02_06_26
15-027,8,8B,no_risk,0.03504522244065405,0.7682055798762013,0,False,Sin Riesgo,Random Forest v2,2026-06-02,5.19,5.92,4.87,4.82,5.34,5.38,5.71,3.98,6.37,5.3,confiable,confiable,confiable,confiable,confiable,orientativo,confiable,confiable,orientativo,no_viable,4.568727419354839,5.279553571428571,3.751428571428571,3.9331313131313133,4.626168831168831,5.015384615384615,5.035714285714286,1.3942857142857144,5.599819473216928,5.174360962566844,6.283374551971325,6.7,6.0249999999999995,5.979999999999999,6.034000000000001,5.9799999999999995,6.440892857142857,6.963999999999999,7.0,5.4957352941176465,1.714647132616486,1.420446428571429,2.2735714285714286,2.0468686868686854,1.4078311688311693,0.9646153846153842,1.4051785714285714,5.5697142857142845,1.400180526783072,0.3213743315508024,1.852,0,Rendimiento sólido,5.7555555555555555,5.7333333333333325,-0.022222222222222143,0,0,39,4,0,4,2,4.1,0,6.6,5.2,4.9,5.4,5.8,6.1,4.0,5.6,5.1,5.3,5.9,4.8,6.0,5.9,5.8,5.8,4.1,5.4,6.1,6.3,6.0,5.8,7.0,1.8,6.8,5.8,7.0,,,,1.15,1.6,2.8,1.6,1.08,2.58,1.0,1.0,1.0,,46.2,4,0,21,39,4,0,0.19674919768314472,0.23179442012379878,02 de June de 2026,02_06_26
23-222,7,7A,no_risk,0.0069520812043544,0.957958267294253,0,False,Sin Riesgo,Random Forest v2,2026-06-02,6.03,6.49,5.79,5.52,5.76,5.46,5.56,6.51,6.31,5.39,confiable,confiable,confiable,confiable,confiable,orientativo,confiable,confiable,orientativo,no_viable,5.151975806451612,5.781666666666667,4.400385321100918,4.5,4.544871794871795,4.853,5.035714285714286,5.245,5.263333333333334,5.291176470588234,6.667937275985663,7.0,6.403333333333334,6.352857142857143,6.5,6.243571428571427,6.025261904761905,7.0,6.9205,5.7063725490196076,1.5159614695340506,1.2183333333333328,2.002948012232416,1.8528571428571432,1.9551282051282053,1.3905714285714277,0.9895476190476193,1.755,1.657166666666666,0.4151960784313733,1.475,0,Rendimiento sólido,6.155555555555556,6.244444444444444,0.08888888888888877,0,0,28,3,0,3,6,5.3,0,5.2,5.3,5.8,6.8,6.4,7.0,5.9,5.3,5.6,5.7,5.8,5.6,6.0,6.7,6.9,6.2,6.2,6.0,6.4,7.0,7.0,6.7,7.0,7.0,6.5,6.5,7.0,,,,2.12,1.0,1.6,1.38,1.0,1.0,1.0,1.0,1.0,,89.3,4,1,3,28,3,0,0.03508965150139268,0.04204173270574708,02 de June de 2026,02_06_26
17-034,7,7A,no_risk,0.012637937491412886,0.9424064403354206,0,False,Sin Riesgo,Random Forest v2,2026-06-02,6.36,6.69,6.18,5.61,6.2,5.58,5.81,6.47,6.39,5.38,confiable,confiable,confiable,confiable,confiable,orientativo,confiable,confiable,orientativo,no_viable,5.674681818181818,6.157333333333333,5.694999999999999,5.059,5.598,4.898,5.035714285714286,5.15,5.21,5.291176470588234,6.755,7.0,6.58,6.235384615384615,6.803333333333334,6.17,6.335,7.0,6.967499999999999,5.570098039215686,1.080318181818182,0.8426666666666671,0.8850000000000007,1.176384615384615,1.2053333333333338,1.2720000000000002,1.2992857142857144,1.8499999999999996,1.7574999999999994,0.2789215686274513,1.165,0,Rendimiento sólido,6.544444444444445,6.644444444444444,0.10000000000000003,0,0,64,4,0,4,7,5.9,0,5.7,6.9,6.5,7.0,6.8,7.0,7.0,5.9,6.3,5.8,6.5,6.4,6.7,6.9,5.8,6.4,6.0,6.2,7.0,7.0,7.0,6.6,7.0,5.0,6.7,6.8,7.0,,,,1.0,1.0,1.0,1.0,1.0,1.0,1.0,1.0,1.0,,84.4,9,1,10,64,4,0,0.044955622173166475,0.05759355966457936,02 de June de 2026,02_06_26
16-073,7,7A,critical,0.476102876694398,0.476102876694398,2,False,Riesgo Teórico,Random Forest v2,2026-06-02,4.58,5.13,3.87,3.65,4.54,4.98,5.09,4.08,5.76,5.33,confiable,confiable,confiable,confiable,confiable,orientativo,confiable,confiable,orientativo,no_viable,3.950445161290323,3.7725000000000004,3.069454545454545,2.7741666666666664,3.8641666666666667,4.365,4.52452380952381,2.1,5.0,4.921792717086835,5.058969892473119,5.983749999999999,5.003333333333332,4.4567999999999985,5.18577922077922,5.483122312470138,5.678928571428571,5.280038438438437,6.522,5.64003803245436,1.1085247311827957,2.2112499999999984,1.933878787878787,1.682633333333332,1.3216125541125532,1.1181223124701374,1.154404761904761,3.180038438438437,1.5220000000000002,0.7182453153675246,1.595,1,Riesgo multidimensional,4.555555555555556,5.033333333333334,0.47777777777777797,3,2,62,16,1,19,2,2.9,0,3.7,3.9,3.6,5.2,4.2,6.1,3.1,2.9,2.5,3.8,4.5,4.0,4.8,5.7,4.6,4.0,4.4,4.2,4.8,7.0,5.1,6.0,7.0,7.0,5.6,5.7,5.7,,,,4.3,2.95,5.5,3.78,2.12,3.7,1.15,1.0,1.53,,67.7,18,3,20,62,16,1,0.45331148471045035,0.9294143614048483,02 de June de 2026,02_06_26
16-044,7,7A,no_risk,0.0069520812043544,0.9403995459028788,0,False,Sin Riesgo,Random Forest v2,2026-06-02,5.7,6.14,5.26,5.32,5.52,5.46,5.58,5.77,6.21,5.34,confiable,confiable,confiable,confiable,confiable,orientativo,confiable,confiable,orientativo,no_viable,4.895791218637992,5.278125,3.732666666666667,4.247,4.353626827717736,4.947005494505494,5.035714285714286,4.066363636363636,5.537,5.154632352941175,6.596435483870968,7.0,6.322,6.384714285714286,6.3774999999999995,6.121884615384616,6.175,7.0,6.885,5.556299019607843,1.7006442652329756,1.7218749999999998,2.5893333333333333,2.137714285714286,2.023873172282263,1.1748791208791216,1.1392857142857142,2.9336363636363636,1.3479999999999999,0.4016666666666673,1.717,0,Rendimiento sólido,6.0,6.233333333333333,0.2333333333333335,0,0,75,4,0,4,6,4.9,0,5.3,4.9,4.0,6.6,5.5,7.0,5.2,5.7,5.1,6.2,6.4,6.1,6.0,6.9,5.9,5.4,6.2,6.3,6.4,7.0,6.4,6.3,6.9,6.1,6.6,6.6,7.0,,,,2.35,1.0,1.82,1.0,1.0,1.3,1.0,1.0,1.0,,80.0,10,2,15,75,4,0,0.05264837289276668,0.05960045409712108,02 de June de 2026,02_06_26
24-067,7,7A,no_risk,0.015829556327142905,0.8349873506623656,0,False,Sin Riesgo,Random Forest v2,2026-06-02,4.93,5.64,4.46,4.43,5.12,5.29,5.39,5.37,5.84,5.32,confiable,confiable,confiable,confiable,confiable,orientativo,confiable,confiable,orientativo,no_viable,4.49625,4.993333333333333,3.3313404689092767,3.5625,4.356584766584766,4.7887545787545776,5.034201680672269,4.173214285714286,5.130000000000001,5.139843137254902,5.360100496277917,6.575833333333334,5.851666666666667,5.541555555555555,5.81375,5.8,5.988367346938775,6.821666666666666,6.577499999999999,5.585787815126051,0.8638504962779168,1.5825000000000005,2.52032619775739,1.9790555555555551,1.4571652334152336,1.0112454212454223,0.9541656662665057,2.6484523809523806,1.447499999999998,0.44594467787114933,1.491,0,Rendimiento sólido,5.333333333333333,5.811111111111112,0.47777777777777775,0,0,51,3,0,3,4,4.7,0,4.1,5.1,6.6,5.9,5.7,6.1,5.2,4.7,4.7,5.0,5.2,5.1,5.7,6.4,6.4,5.1,5.1,5.1,5.5,7.0,6.4,5.7,7.0,7.0,5.8,6.1,6.0,,,,3.1,1.3,2.58,2.35,1.0,2.35,1.0,1.0,1.07,,70.6,9,5,15,51,3,0,0.14918309301049115,0.16501264933763404,02 de June de 2026,02_06_26
22-043,7,7A,recovery,0.10349747285861319,0.4990996103569563,0,False,Sin Riesgo,Random Forest v2,2026-06-02,4.69,5.1,3.93,4.08,4.64,5.1,4.98,4.78,5.74,5.37,confiable,confiable,confiable,confiable,confiable,orientativo,confiable,confiable,orientativo,no_viable,3.8091666666666666,3.9290000000000003,3.03,2.8449999999999998,3.745,4.3966666666666665,4.231428571428571,3.4533333333333336,5.0,5.105021008403361,5.288792347437508,5.9459090909090895,5.208888888888889,5.715098039215686,5.375535714285714,5.735384615384615,5.705397959183673,6.757999999999999,6.427499999999999,5.714915966386554,1.4796256807708414,2.016909090909089,2.178888888888889,2.8700980392156863,1.6305357142857142,1.3387179487179486,1.4739693877551021,3.3046666666666655,1.4274999999999993,0.6098949579831929,1.833,0,Rendimiento sólido,4.955555555555557,5.444444444444444,0.48888888888888893,0,0,49,2,0,2,3,4.0,0,4.0,4.0,5.5,4.8,4.8,3.4,4.7,4.3,4.8,4.8,4.8,4.4,5.0,6.2,5.0,4.5,5.0,5.2,4.6,7.0,4.5,6.5,7.0,4.6,5.7,5.9,5.7,,,,4.0,2.8,3.25,2.8,1.6,2.88,1.3,1.0,1.3,,69.4,8,15,15,49,2,0,0.4990996103569563,0.6025970832155695,02 de June de 2026,02_06_26
15-012,7,7A,no_risk,0.12602011162046428,0.5067906868158975,1,False,Sin Riesgo,Random Forest v2,2026-06-02,4.77,5.43,4.16,4.16,5.05,5.24,5.28,5.1,5.72,5.3,confiable,confiable,confiable,confiable,confiable,orientativo,confiable,confiable,orientativo,no_viable,4.430420430107527,4.883809523809523,3.1,3.33,4.351333333333334,4.6829807692307694,4.889410714285714,4.195714285714285,5.155873015873016,5.078862745098038,5.1065552995391705,6.03,5.20039755351682,4.956,5.742863636363637,5.6894570135746605,5.827619047619048,6.563256756756756,6.201666666666667,5.575294117647058,0.6761348694316434,1.146190476190477,2.1003975535168196,1.6260000000000003,1.3915303030303035,1.006476244343891,0.9382083333333338,2.367542471042471,1.0457936507936507,0.4964313725490195,1.279,0,Rendimiento sólido,5.277777777777779,5.2,-0.07777777777777779,0,0,24,2,0,2,2,4.0,1,5.6,4.2,4.1,5.7,4.0,5.1,4.9,4.2,3.2,4.5,4.6,5.2,5.7,5.8,5.9,4.1,4.3,3.4,5.6,7.0,6.4,5.7,7.0,5.9,5.7,5.7,5.7,,,,2.65,2.72,3.18,3.18,1.38,3.7,1.0,1.0,1.45,,70.8,3,2,7,24,2,0,0.3671892015636381,0.4932093131841024,02 de June de 2026,02_06_26
23-120,7,7A,critical,0.3368721178071493,0.4763556703332344,2,False,Riesgo Teórico,Random Forest v2,2026-06-02,4.63,5.26,3.71,3.82,4.34,5.11,4.84,4.06,5.79,5.35,confiable,confiable,confiable,confiable,confiable,orientativo,confiable,confiable,orientativo,no_viable,4.134877880184332,4.47,3.0,2.453333333333333,2.6625,4.6000000000000005,3.017857142857143,1.8128571428571432,5.038688073394496,5.00935294117647,5.06836559139785,5.994375000000001,4.735321100917432,5.292499999999999,5.2541090909090915,5.602692307692308,5.678928571428571,5.38376126126126,6.56,5.6764705882352935,0.9334877112135178,1.524375000000001,1.7353211009174316,2.8391666666666655,2.5916090909090914,1.0026923076923078,2.6610714285714283,3.5709041184041173,1.5213119266055033,0.6671176470588236,1.905,1,Riesgo multidimensional,4.9,4.977777777777778,0.07777777777777775,1,1,39,3,0,3,3,2.8,0,3.9,4.0,2.6,5.2,4.1,6.0,4.4,2.8,3.9,4.7,4.0,4.5,5.1,5.4,5.9,4.1,4.3,3.6,5.0,7.0,5.6,5.7,6.9,1.6,6.0,6.3,5.7,,,,4.08,3.03,4.6,3.47,2.12,3.7,1.0,1.0,1.0,,71.8,17,4,11,39,3,0,0.4763556703332344,0.8132277881403838,02 de June de 2026,02_06_26
17-027,7,7A,critical,0.36919648238557795,0.5247787826360034,0,False,Riesgo Teórico,Random Forest v2,2026-06-02,4.51,5.11,3.88,3.6,4.56,5.01,5.17,3.9,5.72,5.33,confiable,confiable,confiable,confiable,confiable,orientativo,confiable,confiable,orientativo,no_viable,3.813658846529814,4.049,3.0795,2.7590000000000003,3.75,4.366666666666667,4.754712918660287,1.8128571428571432,4.948333333333333,5.093308823529411,4.979766001024067,5.93025974025974,4.813919933277732,4.357990430622009,5.186477272727272,5.5275,5.680928571428571,5.140972972972972,6.467142857142856,5.597794117647059,1.1661071544942527,1.8812597402597397,1.734419933277732,1.5989904306220089,1.4364772727272719,1.1608333333333327,0.9262156527682839,3.328115830115829,1.518809523809523,0.5044852941176474,1.526,1,Riesgo multidimensional,4.711111111111112,5.122222222222223,0.41111111111111104,1,2,25,4,0,4,2,3.6,0,3.4,3.6,6.5,4.6,4.7,6.1,4.0,4.0,5.1,4.0,4.5,4.5,5.4,5.5,4.9,4.7,3.9,4.3,4.4,7.0,5.7,5.4,7.0,4.9,6.5,5.9,5.7,,,,4.75,3.03,4.0,3.62,1.82,3.55,1.45,1.0,1.0,,52.0,4,1,12,25,4,0,0.5247787826360034,0.8939752650215813,02 de June de 2026,02_06_26
25-293,7,7A,critical,0.5316898389977441,0.5316898389977441,0,False,Riesgo Teórico,Random Forest v2,2026-06-02,4.61,5.42,4.19,3.83,3.79,4.84,4.1,3.93,5.89,5.24,confiable,confiable,confiable,confiable,confiable,orientativo,confiable,confiable,orientativo,no_viable,3.970952380952381,4.196666666666667,2.6804281345565752,1.8999999999999997,2.2,4.3,2.1966666666666668,1.132,5.1725,5.0681722689075634,5.083333333333333,6.365666666666667,5.369021406727828,5.905,4.923376623376623,5.32548717948718,5.035714285714286,6.1899999999999995,6.656269113149847,5.327180727554179,1.1123809523809522,2.1689999999999996,2.688593272171253,4.005000000000001,2.7233766233766232,1.0254871794871798,2.839047619047619,5.058,1.4837691131498465,0.2590084586466155,2.336,0,Rendimiento sólido,,,,0,0,3,3,0,3,0,,0,,,2.6,,,5.9,,,4.6,,,4.7,,,4.4,,,4.0,,,6.4,,,4.7,,,5.0,,,,,,,,,,,,,,100.0,2,0,0,3,3,0,0.3653458208715115,0.8970356598692557,02 de June de 2026,02_06_26
21-110,7,7A,no_risk,0.00970965384777331,0.8636915608351364,0,False,Sin Riesgo,Random Forest v2,2026-06-02,5.41,6.01,4.91,5.15,5.28,5.37,5.52,5.77,6.16,5.3,confiable,confiable,confiable,confiable,confiable,orientativo,confiable,confiable,orientativo,no_viable,4.693844086021506,5.1135,3.5,4.013011363636363,4.133333333333334,4.8773333333333335,5.035714285714286,4.1,5.2975,5.108205882352941,6.469999999999999,6.969999999999999,6.341,6.399743589743589,6.255,6.015357142857143,6.3069444444444445,7.0,6.882,5.588571428571427,1.776155913978493,1.8564999999999987,2.841,2.3867322261072257,2.121666666666666,1.1380238095238093,1.2712301587301589,2.9000000000000004,1.5844999999999994,0.4803655462184864,1.836,0,Rendimiento sólido,5.855555555555556,5.977777777777778,0.12222222222222238,0,0,70,1,0,1,4,4.7,0,4.9,4.7,4.7,6.6,6.0,7.0,5.3,4.7,4.9,6.2,5.7,5.6,6.4,6.4,6.4,5.1,5.7,6.1,6.0,7.0,7.0,6.1,7.0,4.9,6.1,6.6,6.0,,,,2.8,1.0,2.5,1.08,1.0,1.9,1.0,1.0,1.0,,84.3,9,3,11,70,1,0,0.1265987853170901,0.1363084391648634,02 de June de 2026,02_06_26
20-179,7,7A,no_risk,0.009073718257561042,0.898714051719052,0,False,Sin Riesgo,Random Forest v2,2026-06-02,5.84,6.23,5.43,5.43,5.65,5.43,5.65,6.04,6.2,5.33,confiable,confiable,confiable,confiable,confiable,orientativo,confiable,confiable,orientativo,no_viable,4.759268279569892,5.16625,3.753611111111111,4.318377425044091,4.449568181818182,4.879142857142857,5.035714285714286,4.327936507936507,4.991666666666667,5.175941176470587,6.7205,7.0,6.387142857142857,6.461999999999999,6.5,6.151923076923077,6.239438775510204,7.0,6.95,5.5657983193277305,1.9612317204301082,1.8337500000000002,2.6335317460317462,2.1436225749559075,2.050431818181818,1.2727802197802198,1.2037244897959187,2.6720634920634927,1.958333333333333,0.3898571428571431,1.812,0,Rendimiento sólido,6.177777777777778,6.366666666666666,0.1888888888888888,0,0,76,0,0,0,8,5.0,0,5.0,6.1,6.5,6.8,6.3,7.0,5.2,5.0,6.4,6.4,6.3,6.4,6.7,6.5,6.1,7.0,6.7,7.0,6.2,7.0,7.0,6.3,7.0,7.0,6.0,6.4,6.3,,,,1.68,1.0,2.35,1.0,1.0,1.0,1.0,1.0,1.0,,59.2,5,4,31,76,0,0,0.09221223002338697,0.101285948280948,02 de June de 2026,02_06_26
17-037,7,7A,no_risk,0.011897139160828697,0.915097475908156,0,False,Sin Riesgo,Random Forest v2,2026-06-02,5.43,5.97,4.92,5.06,5.35,5.37,5.56,5.28,6.18,5.32,confiable,confiable,confiable,confiable,confiable,orientativo,confiable,confiable,orientativo,no_viable,4.810454623655914,5.2,3.573055555555556,3.974385964912281,4.351601239669421,4.832307692307692,5.035714285714286,3.3483333333333336,5.443333333333333,5.106050420168067,6.399099999999999,6.9591666666666665,6.2379999999999995,6.08525,6.2,6.007252747252747,6.150892857142858,7.0,6.885,5.5302614379084964,1.5886453763440853,1.7591666666666663,2.6649444444444437,2.1108640350877192,1.8483987603305794,1.1749450549450549,1.1151785714285722,3.6516666666666664,1.4416666666666664,0.42421101774042924,1.778,0,Rendimiento sólido,5.844444444444445,5.977777777777778,0.13333333333333325,0,0,71,4,0,4,3,5.1,0,5.5,5.6,5.6,5.7,5.7,5.5,5.8,5.5,4.9,5.1,5.1,5.5,6.1,6.0,5.3,6.0,5.8,5.9,6.7,7.0,7.0,5.3,7.0,7.0,6.4,6.1,7.0,,,,1.68,1.45,1.52,2.35,1.0,1.15,1.0,1.0,1.0,,63.4,11,1,26,71,4,0,0.0730053849310154,0.0849025240918441,02 de June de 2026,02_06_26
15-089,7,7A,no_risk,0.0422607062789504,0.7643805781684516,0,False,Sin Riesgo,Random Forest v2,2026-06-02,5.33,5.94,4.84,5.02,5.25,5.29,5.39,5.8,6.06,5.3,confiable,confiable,confiable,confiable,confiable,orientativo,confiable,confiable,orientativo,no_viable,4.616816035530623,5.044761904761906,3.4708888888888887,3.918,4.148333333333333,4.7615384615384615,5.035317460317461,4.3102097902097904,5.218214285714287,5.138539215686274,6.3758333333333335,7.0,6.263999999999999,6.461499999999999,6.203333333333332,5.933333333333334,6.281999999999999,7.0,6.882,5.564019607843137,1.7590172978027105,1.9552380952380943,2.7931111111111107,2.543499999999999,2.054999999999999,1.171794871794872,1.2466825396825385,2.6897902097902096,1.663785714285713,0.42548039215686284,1.83,0,Rendimiento sólido,5.666666666666667,5.775,0.15000000000000002,0,0,28,17,0,17,3,4.4,0,4.9,4.5,4.5,5.8,6.5,7.0,4.7,4.4,3.7,5.5,5.5,5.6,6.0,6.0,5.6,5.5,5.8,5.5,6.0,,5.7,6.3,7.0,5.4,6.3,6.5,5.7,,,,2.95,1.0,3.17,1.75,1.0,1.52,,1.0,1.0,,71.4,6,0,8,28,17,0,0.19335871555259795,0.23561942183154835,02 de June de 2026,02_06_26
16-001,7,7A,recovery,0.14236535498498304,0.4414801457430613,0,False,Sin Riesgo,Random Forest v2,2026-06-02,4.58,4.98,3.81,3.72,4.68,4.99,5.17,4.57,5.63,5.32,confiable,confiable,confiable,confiable,confiable,orientativo,confiable,confiable,orientativo,no_viable,4.027524731182796,3.5058333333333334,3.006923076923077,2.8449999999999998,3.890840909090909,4.29875,4.784821428571428,3.5429999999999993,4.97875,4.9644012605042,5.06836559139785,5.8514285714285705,4.841538461538461,4.4567999999999985,5.284381818181818,5.618391608391607,5.678928571428571,5.613191539365452,6.315843891073249,5.649264705882352,1.040840860215054,2.345595238095237,1.8346153846153839,1.6117999999999988,1.393540909090909,1.3196416083916072,0.894107142857143,2.070191539365453,1.3370938910732493,0.6848634453781521,1.453,1,Riesgo multidimensional,4.955555555555555,5.333333333333333,0.3777777777777776,0,1,48,9,0,9,2,3.8,0,4.3,3.8,3.9,5.2,4.6,4.5,4.9,4.6,3.6,4.5,4.5,4.7,5.3,6.0,3.9,4.4,4.5,3.8,4.8,7.0,5.6,5.3,7.0,4.3,5.9,6.0,5.7,,,,3.92,2.65,2.88,3.25,1.53,3.32,1.15,1.0,1.08,,85.4,16,4,7,48,9,0,0.4414801457430613,0.5838455007280443,02 de June de 2026,02_06_26
15-028,7,7A,no_risk,0.046552746459495184,0.807314615965147,0,False,Sin Riesgo,Random Forest v2,2026-06-02,5.06,5.63,4.45,4.7,5.06,5.39,5.49,5.26,6.0,5.28,confiable,confiable,confiable,confiable,confiable,orientativo,confiable,confiable,orientativo,no_viable,4.616270609318996,4.738690476190476,3.382857142857143,3.754285714285714,4.063528138528139,4.799120879120879,5.0,3.8842956592956592,5.4048063200815495,5.003556149732619,5.84976923076923,6.642,5.85,5.906666666666666,5.925,6.067252747252747,6.433367346938776,6.946909090909092,6.8,5.5657983193277305,1.2334986214502335,1.9033095238095248,2.4671428571428566,2.1523809523809523,1.8614718614718608,1.268131868131868,1.433367346938776,3.0626134316134324,1.3951936799184503,0.5622421695951116,1.734,0,Rendimiento sólido,5.866666666666667,5.766666666666667,-0.09999999999999994,0,0,41,11,0,11,4,4.4,0,5.0,4.4,5.3,6.8,5.7,7.0,5.7,4.8,4.3,4.9,5.1,4.6,6.1,6.2,5.7,5.7,5.3,4.7,6.1,7.0,7.0,5.8,7.0,6.9,6.7,6.4,6.7,,,,2.95,1.0,2.12,2.5,1.0,1.75,1.0,1.0,1.0,,75.6,11,3,10,41,11,0,0.1461326375753579,0.19268538403485308,02 de June de 2026,02_06_26
23-149,7,7A,recovery,0.24203976396649443,0.4690992102262327,0,False,Sin Riesgo,Random Forest v2,2026-06-02,4.64,5.23,3.9,3.85,4.55,5.1,5.12,4.17,5.76,5.35,confiable,confiable,confiable,confiable,confiable,orientativo,confiable,confiable,orientativo,no_viable,3.94575,4.357076923076923,3.0650000000000004,2.738,3.615,4.43,4.693357142857143,1.9275000000000002,5.0,5.12021978021978,5.076236559139785,6.255,5.063095238095237,5.1815,5.367483766233766,5.617179487179486,5.86,5.406666666666666,6.555000000000001,5.650400326797385,1.130486559139785,1.8979230769230773,1.998095238095237,2.4435,1.752483766233766,1.1871794871794865,1.1666428571428575,3.479166666666666,1.5550000000000006,0.530180546577605,1.714,0,Rendimiento sólido,4.877777777777777,5.388888888888888,0.5111111111111113,0,0,58,6,0,6,3,4.0,1,5.0,4.5,6.2,4.3,5.7,5.9,4.6,4.0,6.1,4.3,4.0,4.5,4.0,6.4,5.1,4.0,4.0,4.6,5.6,7.0,7.0,6.2,7.0,6.0,5.9,5.9,5.7,,,,2.88,2.5,3.55,3.78,2.2,4.0,1.0,1.0,1.15,,69.0,16,4,18,58,6,0,0.4690992102262327,0.7111389741927271,02 de June de 2026,02_06_26
24-189,9,9B,critical,0.3850364519551937,0.5434630644862068,1,False,Riesgo Teórico,Random Forest v2,2026-06-02,4.78,5.07,3.68,5.04,4.01,5.11,4.24,5.19,5.66,5.19,confiable,confiable,confiable,confiable,confiable,orientativo,confiable,confiable,orientativo,no_viable,4.27470788530466,4.41125,2.666,3.42,3.2660000000000005,4.6311204013377925,2.7095238095238097,4.007,5.113,4.7373529411764705,5.13324641577061,5.6499999999999995,4.697385321100917,6.235,4.780373376623377,5.501048951048951,5.100892857142857,7.0,6.323975535168196,5.533655462184875,0.8585385304659496,1.2387499999999996,2.031385321100917,2.8150000000000004,1.5143733766233765,0.8699285497111582,2.3913690476190474,2.9930000000000003,1.2109755351681954,0.7963025210084043,1.672,1,Riesgo multidimensional,4.805000000000001,4.8999999999999995,0.09499999999999989,2,1,86,3,0,3,1,2.8,0,4.95,4.6,4.65,4.3,4.3,4.8,4.3,2.8,4.2,3.4,5.1,5.9,5.6,4.3,4.0,5.0,4.8,4.6,3.3,5.6,5.3,5.1,6.6,5.3,6.1,5.6,5.4,6.0,5.3,5.5,2.84,3.55,4.68,3.63,2.58,2.65,3.33,1.23,1.22,1.53,36.0,4,1,55,86,3,0,0.5434630644862068,0.9284995164414005,02 de June de 2026,02_06_26
25-054,8,8A,no_risk,0.0,0.9249017246504576,0,False,Sin Riesgo,Random Forest v2,2026-06-02,5.47,6.23,5.24,5.07,5.42,5.33,5.51,5.83,6.14,5.35,confiable,confiable,confiable,confiable,confiable,orientativo,confiable,confiable,orientativo,no_viable,4.735148148148148,5.401931818181819,3.925128440366972,4.00875,4.236000000000001,4.746538461538462,5.035714285714286,3.7725,5.2625,5.216544117647057,6.4515,7.0,6.303999999999999,6.2,6.3999999999999995,6.102,6.0755,7.0,6.866666666666667,5.545416666666666,1.7163518518518526,1.5980681818181814,2.378871559633027,2.19125,2.163999999999999,1.3554615384615385,1.0397857142857143,3.2275,1.604166666666667,0.32887254901960894,1.76,0,Rendimiento sólido,5.866666666666666,5.955555555555556,0.08888888888888886,0,0,13,1,0,1,4,4.9,0,6.5,5.8,5.7,7.0,6.4,7.0,6.4,5.9,6.7,4.7,4.9,5.8,4.8,6.1,6.6,5.1,5.5,3.8,5.9,6.3,6.0,6.0,7.0,6.0,6.4,5.7,6.6,,,,1.0,1.0,1.0,2.8,1.83,2.05,1.0,1.0,1.0,,61.5,1,0,5,13,1,0,0.07509827534954248,0.07509827534954248,02 de June de 2026,02_06_26
16-053,8,8A,no_risk,0.14030423546372406,0.5174869659080474,0,False,Sin Riesgo,Random Forest v2,2026-06-02,4.79,5.52,4.39,4.3,4.97,5.2,5.15,5.26,5.77,5.25,confiable,confiable,confiable,confiable,confiable,orientativo,confiable,confiable,orientativo,no_viable,4.398769892473119,5.0,3.4225,3.4303703703703707,4.213912337662338,4.778666666666666,4.758571428571428,4.247249034749034,5.25,5.103329831932773,5.135839516129033,6.18,5.275642201834863,5.376245059288538,5.735704545454546,5.555683257918551,5.572116596638656,6.595164092664092,6.245705402650357,5.45935294117647,0.7370696236559136,1.1799999999999997,1.8531422018348631,1.9458746889181668,1.521792207792208,0.7770165912518845,0.8135451680672281,2.347915057915058,0.9957054026503567,0.3560231092436972,1.253,0,Rendimiento sólido,5.333333333333333,4.900000000000001,-0.4333333333333334,0,1,63,3,0,3,0,3.9,0,6.3,4.4,3.8,6.2,4.5,6.3,4.9,3.9,4.8,4.2,5.0,3.8,5.7,5.0,6.1,4.6,4.5,4.6,4.9,5.1,5.1,5.3,6.0,3.3,5.9,5.7,5.6,,,,1.98,1.98,3.4,3.1,1.98,3.18,2.5,1.53,1.3,,55.6,6,6,28,63,3,0,0.34220879862822867,0.48251303409195273,02 de June de 2026,02_06_26
25-298,8,8A,critical,0.5268982134986574,0.5268982134986574,0,False,Riesgo Teórico,Random Forest v2,2026-06-02,4.66,5.41,4.15,3.96,3.8,4.88,4.01,4.01,5.88,5.22,confiable,confiable,confiable,confiable,confiable,orientativo,confiable,confiable,orientativo,no_viable,4.100142857142857,4.166250000000001,2.5966666666666662,1.8999999999999997,2.2,4.383034188034188,2.05,1.132,5.220000000000001,4.998,5.104016897081412,6.365666666666667,5.316987767584099,6.142857142857142,4.923376623376623,5.352664835164835,5.035714285714286,6.274999999999999,6.656269113149847,5.327180727554179,1.0038740399385553,2.199416666666666,2.7203211009174324,4.242857142857143,2.7233766233766232,0.9696306471306473,2.9857142857142858,5.142999999999999,1.4362691131498462,0.3291807275541787,2.375,0,Rendimiento sólido,,,,0,0,6,1,0,1,0,,0,,,5.2,,,5.6,,,5.3,,,5.5,,,6.1,,,4.6,,,6.5,,,1.5,,,6.8,,,,,,,,,,,,,,66.7,1,0,2,6,1,0,0.37488445782300006,0.9017826713216575,02 de June de 2026,02_06_26
15-031,8,8A,no_risk,0.07496176325404406,0.7017016827869133,0,False,Sin Riesgo,Random Forest v2,2026-06-02,4.79,5.67,4.5,4.25,5.15,5.24,5.23,5.52,5.82,5.29,confiable,confiable,confiable,confiable,confiable,orientativo,confiable,confiable,orientativo,no_viable,4.432313068651778,5.098000000000001,3.722571428571429,3.5791149068322983,4.365333333333333,4.736686390532544,4.899030612244897,4.365605170387779,5.327675145954962,5.1590098039215695,5.175574646293152,6.402333333333333,5.339999999999999,5.038571428571428,5.830333333333333,5.7225,5.6228396358543415,6.8,6.3287010339303915,5.486617647058822,0.7432615776413733,1.3043333333333322,1.61742857142857,1.45945652173913,1.4649999999999999,0.9858136094674563,0.7238090236094443,2.434394829612221,1.0010258879754295,0.3276078431372529,1.206,0,Rendimiento sólido,5.411111111111111,5.177777777777778,-0.2333333333333334,0,0,33,6,0,6,2,4.1,0,5.7,4.9,4.6,5.9,4.7,6.8,5.5,4.3,4.5,4.1,4.1,4.7,5.7,6.1,5.5,4.9,5.0,5.3,4.6,5.4,5.7,6.0,6.0,6.9,6.3,6.1,5.9,,,,2.05,2.05,2.65,3.85,1.15,2.58,2.5,1.0,1.0,,66.7,5,1,11,33,6,0,0.22333655395904245,0.29829831721308653,02 de June de 2026,02_06_26
22-036,8,8A,no_risk,0.0037498906276291436,0.9530640995708118,0,False,Sin Riesgo,Random Forest v2,2026-06-02,6.46,6.75,6.27,5.76,6.36,5.65,5.91,6.56,6.57,5.36,confiable,confiable,confiable,confiable,confiable,orientativo,confiable,confiable,orientativo,no_viable,6.1365,6.323499999999999,5.804097859327217,5.33,5.7589999999999995,5.105299145299145,5.249642857142857,5.243,5.6160000000000005,5.291176470588234,6.720000000000001,7.0,6.651,6.30125,6.859999999999999,6.15,6.434444444444445,7.0,7.0,5.509362745098038,0.5835000000000008,0.6765000000000008,0.8469021406727828,0.9712499999999995,1.101,1.0447008547008556,1.184801587301588,1.7569999999999997,1.3839999999999995,0.21818627450980355,0.977,0,Rendimiento sólido,6.733333333333333,6.533333333333333,-0.19999999999999987,0,0,28,2,0,2,8,5.9,0,7.0,6.5,6.5,7.0,6.5,7.0,6.7,6.7,6.7,6.6,6.7,6.8,6.6,6.6,6.8,6.5,6.4,6.7,6.7,6.5,6.9,6.9,7.0,5.2,6.6,5.9,6.9,,,,1.0,1.0,1.0,1.0,1.0,1.0,1.0,1.0,1.0,,67.9,0,0,9,28,2,0,0.04318600980155914,0.046935900429188285,02 de June de 2026,02_06_26
15-020,8,8A,no_risk,0.01594470961163993,0.8532293914478752,0,False,Sin Riesgo,Random Forest v2,2026-06-02,4.96,5.59,4.59,4.61,5.02,5.29,5.26,5.53,5.95,5.3,confiable,confiable,confiable,confiable,confiable,orientativo,confiable,confiable,orientativo,no_viable,4.499471923536439,5.0105,3.6123853211009176,3.711666666666667,4.02548951048951,4.811501831501832,4.915440386680989,4.296645381645382,5.434352969579913,5.15,5.5153,6.316,5.6,5.872916666666667,5.7542727272727285,5.792426035502959,5.876428571428572,6.925833333333333,6.639999999999999,5.507418300653595,1.0158280764635608,1.3054999999999994,1.987614678899082,2.16125,1.728783216783219,0.980924204001127,0.960988184747583,2.6291879516879515,1.205647030420086,0.3574183006535945,1.433,0,Rendimiento sólido,5.733333333333333,5.211111111111111,-0.5222222222222224,0,0,65,1,0,1,1,4.4,0,6.0,4.7,4.6,6.4,4.9,6.3,5.5,4.4,5.5,4.8,4.4,6.0,5.2,5.8,5.1,5.7,5.1,4.1,5.7,5.5,5.8,6.4,6.0,5.1,5.9,6.1,5.8,,,,1.98,1.52,2.58,3.1,1.75,1.9,1.6,1.0,1.0,,35.4,5,1,42,65,1,0,0.130825898940485,0.14677060855212493,02 de June de 2026,02_06_26
17-086,8,8A,no_risk,0.012377495119752033,0.8718551041160306,0,False,Sin Riesgo,Random Forest v2,2026-06-02,4.96,5.87,4.68,4.63,5.12,5.23,5.34,5.59,5.98,5.27,confiable,confiable,confiable,confiable,confiable,orientativo,confiable,confiable,orientativo,no_viable,4.499932160312806,5.219166666666667,3.731337973215228,3.7622500000000003,4.232754010695187,4.728365384615385,5.023056478405316,4.34,5.461875637104995,5.144843137254901,5.441416666666666,6.724405594405594,5.708502024291498,5.808333333333333,5.758272727272728,5.744571428571429,5.889642857142857,7.0,6.632000000000001,5.423347523219815,0.9414845063538602,1.5052389277389269,1.97716405107627,2.0460833333333324,1.5255187165775412,1.0162060439560436,0.8665863787375416,2.66,1.170124362895006,0.2785043859649141,1.399,0,Rendimiento sólido,5.5,5.611111111111111,0.11111111111111131,0,0,51,5,0,5,1,4.8,0,6.1,5.8,5.2,5.6,5.5,7.0,4.7,4.9,5.0,4.4,4.8,5.6,5.8,6.0,4.7,5.9,5.7,4.4,5.1,5.4,5.8,5.6,6.0,5.2,6.3,6.4,6.2,,,,1.07,1.68,2.8,3.1,1.15,1.3,2.12,1.3,1.0,,49.0,7,2,26,51,5,0,0.11576740076421743,0.12814489588396946,02 de June de 2026,02_06_26
25-299,8,8A,critical,0.5301470997496164,0.5301470997496164,0,False,Riesgo Teórico,Random Forest v2,2026-06-02,4.63,5.43,4.2,3.91,3.81,4.86,4.05,4.0,5.87,5.23,confiable,confiable,confiable,confiable,confiable,orientativo,confiable,confiable,orientativo,no_viable,4.029578341013825,4.196666666666667,2.632,1.8999999999999997,2.2,4.379230769230769,2.05,1.132,5.2155000000000005,5.0681722689075634,5.08574193548387,6.421666666666667,5.316987767584099,6.058333333333334,4.922954545454545,5.333846153846154,5.035714285714286,6.504121621621621,6.643608562691131,5.3006127450980385,1.0561635944700454,2.2249999999999996,2.6849877675840985,4.158333333333334,2.722954545454545,0.9546153846153853,2.9857142857142858,5.372121621621622,1.428108562691131,0.23244047619047503,2.382,0,Rendimiento sólido,,,,0,0,1,0,0,0,0,,0,,,,,,7.0,,,,,,4.0,,,4.8,,,4.0,,,,,,1.2,,,6.7,,,,,,,,,,,,,,100.0,0,0,0,1,0,0,0.36688856011963916,0.8970356598692555,02 de June de 2026,02_06_26
15-065,8,8B,critical,0.5273656174141217,0.5273656174141217,3,True,Riesgo Confirmado,Random Forest v2,2026-06-02,4.54,5.58,4.45,3.92,4.3,4.82,4.73,3.87,5.96,5.28,confiable,confiable,confiable,confiable,confiable,orientativo,confiable,confiable,orientativo,no_viable,3.862541218637993,4.83988888888889,3.3821712538226305,2.7574999999999994,3.15,4.297692307692308,3.7385714285714284,1.6703571428571429,5.247637614678899,5.215955882352941,5.076236559139785,6.3080952380952375,5.409192660550458,5.231532258064516,5.185892857142856,5.280769230769231,5.3574206349206355,5.84096525096525,6.703333333333333,5.449595588235293,1.213695340501792,1.4682063492063477,2.0270214067278274,2.4740322580645167,2.0358928571428563,0.983076923076923,1.618849206349207,4.170608108108107,1.4556957186544341,0.23363970588235183,1.768,1,Riesgo multidimensional,4.366666666666666,4.511111111111111,0.14444444444444438,1,4,69,13,1,16,2,3.2,0,4.4,3.2,4.1,4.4,3.2,4.4,2.2,4.0,5.1,4.0,4.8,4.1,4.5,4.4,5.2,4.1,3.9,3.8,4.6,3.5,4.6,5.2,7.0,3.2,5.9,6.6,6.2,,,,4.3,4.3,5.35,3.4,3.33,4.0,3.92,1.0,1.0,,39.1,8,1,42,69,13,1,0.4270255590874036,0.9543911765015253,02 de June de 2026,02_06_26
15-053,8,8B,no_risk,0.10874676044935579,0.5250354507127402,0,False,Sin Riesgo,Random Forest v2,2026-06-02,4.88,5.78,4.71,4.35,4.91,4.97,5.1,5.52,5.77,5.25,confiable,confiable,confiable,confiable,confiable,orientativo,confiable,confiable,orientativo,no_viable,4.415803639371382,5.112619047619048,3.474885321100918,3.5006250000000003,4.1074166666666665,4.332857142857143,4.7731390977443615,4.27598506401138,5.254326412361178,5.149771241830066,5.33425,6.644,6.0175,5.64135531135531,5.54485026737968,5.465,5.5489250000000006,6.794844272844272,6.4035124508519,5.356292016806722,0.918446360628618,1.5313809523809523,2.542614678899082,2.14073031135531,1.437433600713013,1.1321428571428571,0.775785902255639,2.5188592088328923,1.149186038490722,0.20652077497665644,1.435,1,Riesgo multidimensional,5.28888888888889,5.088888888888889,-0.20000000000000007,0,1,37,9,1,12,1,3.8,0,5.2,3.8,6.4,6.8,5.6,7.0,4.1,4.7,6.0,4.5,4.9,4.5,5.0,5.0,4.9,4.9,4.2,4.7,5.0,4.6,4.6,5.4,7.0,4.8,6.7,6.0,5.7,,,,3.25,1.0,3.4,2.95,2.5,3.18,2.8,1.0,1.0,,48.6,8,1,19,37,9,1,0.3662177888379038,0.47496454928725956,02 de June de 2026,02_06_26
16-008,8,8B,critical,0.31003887044153267,0.5663681682718807,1,False,Riesgo Teórico,Random Forest v2,2026-06-02,4.79,5.63,4.88,3.8,4.73,4.72,4.89,5.02,5.67,5.26,confiable,confiable,confiable,confiable,confiable,orientativo,confiable,confiable,orientativo,no_viable,4.243049462365591,4.9174999999999995,3.2685517693315864,3.0,4.0838068181818175,4.15,4.6251428571428574,3.6975,5.2245,5.168182773109243,5.334285714285714,6.617500000000001,6.467142857142856,4.485,5.202,5.346961538461538,5.331666666666667,6.140169884169884,6.151000000000001,5.42756862745098,1.0912362519201224,1.700000000000001,3.1985910878112698,1.4850000000000003,1.1181931818181825,1.1969615384615375,0.7065238095238096,2.4426698841698844,0.9265000000000008,0.2593858543417369,1.413,1,Riesgo multidimensional,4.377777777777778,4.788888888888889,0.4111111111111111,2,1,16,22,1,25,1,3.8,1,4.5,4.5,5.3,6.0,3.8,7.0,2.9,4.2,6.7,2.7,4.3,4.0,4.5,4.9,5.0,4.0,4.4,4.2,4.4,4.5,4.9,5.2,7.0,4.5,5.2,5.5,5.5,,,,3.25,2.65,4.68,4.75,2.95,3.7,3.32,1.0,1.98,,43.8,4,0,9,16,22,1,0.5663681682718807,0.8764070387134134,02 de June de 2026,02_06_26
23-094,8,8B,no_risk,0.09516084479372731,0.5269991804821504,0,False,Sin Riesgo,Random Forest v2,2026-06-02,4.84,5.83,4.92,4.36,4.82,5.04,5.22,5.38,5.92,5.26,confiable,confiable,confiable,confiable,confiable,orientativo,confiable,confiable,orientativo,no_viable,4.094,5.189166666666667,3.675504587155964,3.5,3.7984090909090904,4.45,4.892857142857142,3.765,5.218000000000001,5.193494117647058,5.389249103942651,6.644,6.160666666666666,5.599142857142857,5.693142857142856,5.578,5.737891156462584,6.805,6.650714285714286,5.392074394463666,1.295249103942651,1.4548333333333332,2.485162079510702,2.0991428571428568,1.8947337662337658,1.1280000000000001,0.8450340136054413,3.0399999999999996,1.432714285714285,0.1985802768166085,1.587,1,Riesgo multidimensional,5.2555555555555555,5.277777777777777,0.022222222222222095,1,0,26,5,1,8,1,4.1,0,5.0,5.1,4.6,6.7,4.3,6.1,3.6,5.3,6.0,4.7,5.7,4.7,4.9,6.0,2.8,4.7,4.7,5.9,5.6,4.1,5.2,6.1,7.0,6.7,6.0,5.3,6.5,,,,2.43,1.75,3.32,2.2,1.83,2.95,2.73,1.0,1.53,,38.5,2,0,16,26,5,1,0.3778399747241222,0.4730008195178495,02 de June de 2026,02_06_26
15-048,8,8B,recovery,0.22869205509536267,0.6536284355185793,1,False,Sin Riesgo,Random Forest v2,2026-06-02,4.69,5.45,4.53,3.88,4.66,4.78,4.94,4.93,5.8,5.27,confiable,confiable,confiable,confiable,confiable,orientativo,confiable,confiable,orientativo,no_viable,4.14725,4.4824166666666665,3.0795,2.9319047619047622,3.9925,4.025784215784216,4.62,3.697272727272727,5.236491228070175,5.07111344537815,5.149208909370199,6.3278333333333325,6.479285714285715,4.799999999999999,5.233333333333333,5.433641025641026,5.438896103896104,6.168333333333334,6.3895963302752286,5.519327731092437,1.0019589093701997,1.845416666666666,3.399785714285715,1.8680952380952367,1.2408333333333332,1.4078568098568098,0.8188961038961038,2.471060606060607,1.1531051022050534,0.448214285714287,1.566,1,Riesgo multidimensional,3.7777777777777777,5.144444444444444,1.3666666666666667,6,0,36,5,0,5,1,4.2,0,3.6,5.1,6.5,4.3,4.4,6.5,2.4,4.2,6.7,2.2,4.3,4.1,3.5,5.4,5.2,3.9,4.6,4.1,3.0,5.3,4.7,5.5,7.0,7.0,5.6,6.0,6.3,,,,3.48,3.47,5.05,5.12,3.32,3.63,3.78,1.0,1.3,,41.7,4,0,21,36,5,0,0.6536284355185793,0.8823204906139419,02 de June de 2026,02_06_26
20-131,8,8B,critical,0.7415261991536717,0.7415261991536717,2,False,Riesgo Teórico,Random Forest v2,2026-06-02,4.58,5.41,4.37,3.73,4.47,4.88,4.82,4.12,5.82,5.33,confiable,confiable,confiable,confiable,confiable,orientativo,confiable,confiable,orientativo,no_viable,3.7633,4.839125000000001,3.238394495412844,2.7384999999999997,3.4966666666666666,4.305095238095238,4.017857142857142,1.794,5.266,5.255710784313726,5.124311827956989,6.095,5.614892966360856,4.797714285714286,5.082,5.404896551724137,5.517857142857142,5.55072546230441,6.522,5.563725490196078,1.3610118279569887,1.2558749999999987,2.3764984709480124,2.0592142857142863,1.5853333333333333,1.099801313628899,1.5,3.7567254623044097,1.2560000000000002,0.3080147058823526,1.656,1,Riesgo multidimensional,4.5,4.4,-0.10000000000000003,2,3,75,5,0,5,1,2.4,0,5.2,4.0,5.7,4.0,2.4,5.5,2.8,2.6,5.7,3.7,4.1,3.5,4.8,5.2,4.5,5.1,3.8,5.1,4.7,4.5,3.9,4.2,7.0,5.7,6.0,6.0,6.2,,,,3.1,5.2,5.95,4.15,2.5,3.33,3.1,1.6,1.0,,42.7,9,0,43,75,5,0,0.2190574232700503,0.960583622423722,02 de June de 2026,02_06_26
14-048,8,8B,critical,0.4275947566726868,0.4584153607358211,0,False,Riesgo Teórico,Random Forest v2,2026-06-02,4.7,5.39,4.72,4.03,4.54,4.67,4.84,4.9,5.66,5.27,confiable,confiable,confiable,confiable,confiable,orientativo,confiable,confiable,orientativo,no_viable,4.141112647209421,4.803842105263158,3.3092070773263433,3.0396363636363635,3.825714285714286,4.047857142857143,4.441666666666666,3.294285714285714,5.1000000000000005,5.112102941176469,5.159182795698925,5.995999999999999,6.104285714285714,5.098095238095239,5.083489898989899,5.332072927072928,5.303015873015873,6.139837837837837,6.256962283384302,5.393848039215685,1.018070148489504,1.192157894736841,2.7950786369593708,2.058458874458876,1.2577756132756126,1.2842157842157853,0.8613492063492068,2.8455521235521233,1.1569622833843018,0.28174509803921577,1.475,1,Riesgo multidimensional,4.444444444444444,4.544444444444445,0.10000000000000003,3,3,30,25,0,25,1,3.7,1,4.9,3.8,4.8,5.6,3.7,5.0,2.4,4.2,6.1,3.0,4.2,4.7,5.5,4.8,4.2,3.6,3.7,4.5,4.2,4.8,4.7,5.0,7.0,5.3,5.8,4.7,5.4,,,,3.48,3.03,5.05,4.6,2.28,4.52,3.25,1.0,2.12,,63.3,13,1,11,30,25,0,0.4584153607358211,0.886010117408508,02 de June de 2026,02_06_26
25-128,8,8B,critical,0.37150778337298057,0.48498447196492495,2,False,Riesgo Teórico,Random Forest v2,2026-06-02,4.69,5.36,4.3,3.84,4.74,4.91,5.0,4.83,5.65,5.32,confiable,confiable,confiable,confiable,confiable,orientativo,confiable,confiable,orientativo,no_viable,4.2885,4.665714285714286,3.038857142857143,3.0277142857142856,4.106347402597403,4.310784215784215,4.696666666666667,3.7675,5.08,5.177197478991595,5.076236559139785,5.9875,5.637064220183485,4.575959595959596,5.2852727272727265,5.47967298402081,5.444053803339518,6.067981981981981,6.19744787322769,5.598014705882353,0.7877365591397849,1.3217857142857135,2.598207077326342,1.54824531024531,1.1789253246753235,1.1688887682365943,0.7473871366728506,2.3004819819819806,1.1174478732276896,0.4208172268907573,1.319,1,Riesgo multidimensional,4.655555555555555,4.9,0.24444444444444458,3,1,22,6,0,6,1,3.2,0,4.9,4.2,3.6,5.8,4.4,4.9,3.6,3.2,3.7,3.1,4.5,2.9,5.1,5.2,4.2,3.7,5.1,4.6,4.3,5.1,5.0,5.6,7.0,4.0,5.8,5.4,3.2,,,,3.18,2.35,4.9,4.3,2.28,3.4,2.95,1.0,1.6,,54.5,7,0,10,22,6,0,0.48498447196492495,0.8564922553379055,02 de June de 2026,02_06_26
20-159,8,8B,no_risk,0.005087472170939683,0.8817377667694306,0,False,Sin Riesgo,Random Forest v2,2026-06-02,5.27,6.0,5.0,4.95,5.18,5.29,5.32,5.62,6.14,5.32,confiable,confiable,confiable,confiable,confiable,orientativo,confiable,confiable,orientativo,no_viable,4.652221306685367,5.196666666666666,3.831833333333334,3.8708333333333336,4.262596232596231,4.8999999999999995,5.0352255639097745,4.398888888888889,5.662857142857143,5.209430147058823,6.2775,6.977499999999999,6.203333333333332,6.211222222222222,6.0,5.79414201183432,5.893571428571428,7.0,6.751111111111111,5.495588235294117,1.625278693314633,1.7808333333333328,2.3714999999999984,2.3403888888888886,1.7374037674037686,0.8941420118343206,0.8583458646616533,2.601111111111111,1.0882539682539685,0.2861580882352941,1.558,0,Rendimiento sólido,5.644444444444444,5.7,0.05555555555555566,0,0,42,3,0,3,2,4.9,1,4.9,5.7,5.2,6.3,4.9,7.0,5.2,5.4,6.0,4.6,5.3,5.3,6.3,5.8,4.9,5.7,5.4,5.1,5.2,5.2,5.3,6.3,7.0,5.7,6.3,6.6,6.7,,,,2.05,1.6,2.05,2.58,1.0,1.67,2.2,1.0,1.0,,42.9,6,3,24,42,3,0,0.11317476105962955,0.11826223323056924,02 de June de 2026,02_06_26
