student_id,grade,section_anon,pred_label,proba_critical,confianza,n_bajo_acumulada,t3_confirma_riesgo,categoria,modelo,fecha_ejecucion,Science_T3_pred,I_and_S_T3_pred,Mathematics_T3_pred,English_T3_pred,Lengua_Castellana_T3_pred,Mandarin_T3_pred,Financial_Maths_T3_pred,ICT_STEM_T3_pred,Physical_Education_T3_pred,Research_Methodology_T3_pred,Science_T3_pred_confiable,I_and_S_T3_pred_confiable,Mathematics_T3_pred_confiable,English_T3_pred_confiable,Lengua_Castellana_T3_pred_confiable,Mandarin_T3_pred_confiable,Financial_Maths_T3_pred_confiable,ICT_STEM_T3_pred_confiable,Physical_Education_T3_pred_confiable,Research_Methodology_T3_pred_confiable,Science_T3_p10,I_and_S_T3_p10,Mathematics_T3_p10,English_T3_p10,Lengua_Castellana_T3_p10,Mandarin_T3_p10,Financial_Maths_T3_p10,ICT_STEM_T3_p10,Physical_Education_T3_p10,Research_Methodology_T3_p10,Science_T3_p90,I_and_S_T3_p90,Mathematics_T3_p90,English_T3_p90,Lengua_Castellana_T3_p90,Mandarin_T3_p90,Financial_Maths_T3_p90,ICT_STEM_T3_p90,Physical_Education_T3_p90,Research_Methodology_T3_p90,Science_T3_amp,I_and_S_T3_amp,Mathematics_T3_amp,English_T3_amp,Lengua_Castellana_T3_amp,Mandarin_T3_amp,Financial_Maths_T3_amp,ICT_STEM_T3_amp,Physical_Education_T3_amp,Research_Methodology_T3_amp,incertidumbre_promedio,cluster,perfil,avg_T1,avg_T2,tendencia_general,n_bajo_T1,n_bajo_T2,total_absences,n_f1,n_f2,indice_disciplinario,n_destacadas_T2,min_nota_T2,marcador_LSC,Science_T1,Science_T2,Science_T3,I_and_S_T1,I_and_S_T2,I_and_S_T3,Mathematics_T1,Mathematics_T2,Mathematics_T3,English_T1,English_T2,English_T3,Lengua_Castellana_T1,Lengua_Castellana_T2,Lengua_Castellana_T3,Mandarin_T1,Mandarin_T2,Mandarin_T3,Financial_Maths_T1,Financial_Maths_T2,Financial_Maths_T3,ICT_STEM_T1,ICT_STEM_T2,ICT_STEM_T3,Physical_Education_T1,Physical_Education_T2,Physical_Education_T3,Research_Methodology_T1,Research_Methodology_T2,Research_Methodology_T3,Science_min_T3,I_and_S_min_T3,Mathematics_min_T3,English_min_T3,Lengua_Castellana_min_T3,Mandarin_min_T3,Financial_Maths_min_T3,ICT_STEM_min_T3,Physical_Education_min_T3,Research_Methodology_min_T3,pct_asistencia,late,early_leave,absence_class,total_absences_desc,n_f1_desc,n_f2_desc,proba_recovery,proba_riesgo,fecha_corte,fecha_corte_tag
17-048,7,7B,no_risk,0.007218087102826745,0.8983299780788748,0,False,Sin Riesgo,Random Forest v2,2026-05-25,5.53,6.1,5.3,5.01,5.44,5.48,5.44,5.48,6.33,5.35,confiable,confiable,confiable,confiable,confiable,orientativo,confiable,confiable,orientativo,no_viable,4.808731231671555,5.23375,3.732666666666667,3.9979999999999998,4.263262899262899,4.948791208791208,5.035714285714286,3.4383333333333335,5.746146788990826,5.190245098039214,6.615268602150538,6.801666666666667,6.3,5.956233766233765,6.279999999999999,6.2410000000000005,6.019017857142857,7.0,6.933333333333334,5.564495798319327,1.806537370478983,1.567916666666667,2.567333333333333,1.9582337662337657,2.0167371007371004,1.2922087912087923,0.9833035714285714,3.5616666666666665,1.1871865443425076,0.374250700280113,1.732,0,Rendimiento sólido,5.811111111111112,6.166666666666666,0.35555555555555557,0,0,34,0,0,0,5,5.3,0,4.6,5.3,2.9,6.7,5.6,5.7,5.3,6.5,6.0,4.2,5.5,4.8,6.4,6.9,6.5,6.1,5.8,6.6,5.9,7.0,5.6,6.5,6.5,4.2,6.6,6.4,6.0,,,,2.58,1.0,1.15,2.73,1.0,1.07,1.0,1.0,1.0,,76.5,8,1,8,34,0,0,0.09445193481829812,0.10167002192112487,23 de May de 2026,23_05_26
14-075,9,9B,no_risk,0.022713205304059618,0.8751255624359235,0,False,Sin Riesgo,Random Forest v2,2026-05-25,5.1,5.21,3.98,5.43,4.51,5.28,5.41,4.9,6.12,5.15,confiable,confiable,confiable,confiable,confiable,orientativo,confiable,confiable,orientativo,no_viable,4.716443586789554,4.4719999999999995,3.3866666666666667,4.074861111111111,3.766666666666667,5.0,4.862380952380953,3.9966666666666666,5.577463958060288,4.666,5.482,5.700238095238096,4.724055045871561,6.551666666666667,5.319220779220778,5.616068376068375,6.142857142857143,6.424424991793413,6.733333333333333,5.450609787018255,0.7655564132104464,1.2282380952380967,1.337388379204894,2.476805555555556,1.5525541125541111,0.616068376068375,1.2804761904761905,2.4277583251267463,1.1558693752730456,0.7846097870182547,1.363,0,Rendimiento sólido,5.874999999999999,5.64,-0.23499999999999996,0,0,39,0,0,0,3,4.7,1,5.75,5.7,5.1,5.7,5.3,4.8,5.2,4.7,3.7,5.6,5.0,6.2,5.8,4.9,4.2,5.4,4.8,4.6,6.5,6.8,5.0,5.6,6.6,6.9,6.9,6.9,7.0,6.3,5.7,5.3,1.41,1.75,2.58,2.05,1.97,2.35,1.0,1.0,1.0,1.0,43.6,1,4,22,39,0,0,0.10216123226001704,0.12487443756407665,23 de May de 2026,23_05_26
14-025,9,9B,no_risk,0.08982768242104174,0.6877173247915122,0,False,Sin Riesgo,Random Forest v2,2026-05-25,5.23,5.44,3.96,6.14,4.46,5.43,5.72,6.16,5.87,5.43,confiable,confiable,confiable,confiable,confiable,orientativo,confiable,confiable,orientativo,no_viable,4.744814777963971,4.836666666666667,3.25,4.806818181818182,3.84125,5.107692307692307,4.832959183673469,4.5,5.131428571428572,5.138539215686274,5.6675,6.029166666666667,4.836911506715365,6.811,5.0886501377410465,5.700769230769231,7.0,7.0,6.466666666666666,5.850714285714286,0.9226852220360291,1.1925,1.5869115067153654,2.0041818181818183,1.2474001377410464,0.5930769230769233,2.167040816326531,2.5,1.3352380952380942,0.7121750700280121,1.426,0,Rendimiento sólido,5.53,5.8149999999999995,0.28500000000000003,1,0,41,0,0,0,4,4.2,0,5.7,5.95,4.75,4.9,5.1,5.8,5.9,5.2,3.4,3.3,6.5,6.9,5.2,4.2,4.9,5.8,6.0,6.1,6.8,6.3,5.8,5.1,6.4,6.8,6.6,6.5,6.2,6.0,6.0,5.7,1.26,2.5,1.67,2.65,2.95,1.15,1.0,1.38,1.0,1.0,41.5,4,1,24,41,0,0,0.22245499278744632,0.31228267520848807,23 de May de 2026,23_05_26
14-059,9,9B,recovery,0.15553014038241866,0.5904135903922832,2,False,Sin Riesgo,Random Forest v2,2026-05-25,4.78,5.13,3.42,5.42,3.88,5.17,3.87,4.88,5.63,5.22,confiable,confiable,confiable,confiable,confiable,orientativo,confiable,confiable,orientativo,no_viable,4.447477100242803,4.466666666666666,2.2199999999999998,3.6068055555555554,3.2,4.703461538461538,2.0,4.083809523809524,5.094285714285715,4.852143382352941,5.0703299223416955,5.675576923076923,4.776833333333333,6.8,4.822370478983382,5.6000000000000005,5.45008620689655,6.465333333333333,6.2,5.52364705882353,0.6228528220988929,1.208910256410257,2.5568333333333335,3.1931944444444444,1.622370478983382,0.8965384615384622,3.4500862068965503,2.3815238095238085,1.105714285714285,0.6715036764705884,1.771,1,Riesgo multidimensional,4.99,5.15,0.15999999999999992,2,0,11,0,0,0,1,4.0,0,5.3,5.4,4.25,3.6,4.5,5.7,5.9,4.0,2.5,5.3,6.0,6.8,4.4,4.4,3.1,4.7,5.1,5.1,3.5,4.1,4.9,4.4,6.6,3.5,6.7,5.7,5.4,6.1,5.7,5.5,1.98,3.92,2.58,1.53,3.4,2.65,4.3,1.75,1.0,1.15,45.5,2,0,6,11,0,0,0.5904135903922832,0.7459437307747019,23 de May de 2026,23_05_26
25-196,9,9B,no_risk,0.10732665836017645,0.509523217396595,0,False,Sin Riesgo,Random Forest v2,2026-05-25,4.92,5.3,4.09,5.17,4.29,5.18,4.88,5.26,5.68,5.25,confiable,confiable,confiable,confiable,confiable,orientativo,confiable,confiable,orientativo,no_viable,4.323613333333332,4.5489999999999995,3.02,3.5469999999999997,3.145,4.760000000000001,3.5160714285714287,3.6977477477477474,4.930000000000001,4.936411764705881,5.49251,6.042142857142856,5.3999999999999995,6.663999999999999,5.415,5.628571428571428,6.005,7.0,6.624666666666666,5.504,1.1688966666666678,1.4931428571428569,2.3799999999999994,3.116999999999999,2.27,0.8685714285714274,2.488928571428571,3.3022522522522526,1.6946666666666657,0.5675882352941182,1.935,0,Rendimiento sólido,5.04,5.645,0.6050000000000001,0,0,46,0,0,0,4,4.1,0,4.5,5.35,5.8,4.3,5.8,4.9,4.3,4.8,3.5,5.1,6.2,6.9,4.1,4.1,4.2,4.6,5.1,6.5,6.1,6.8,6.0,5.0,6.4,7.0,6.9,6.4,6.8,5.5,5.5,6.0,2.61,2.42,3.18,1.53,3.85,2.73,1.0,1.45,1.0,1.75,47.8,3,3,24,46,0,0,0.38315012424322903,0.4904767826034055,23 de May de 2026,23_05_26
25-203,9,9B,critical,0.7411615486857209,0.7411615486857209,7,True,Riesgo Confirmado,Random Forest v2,2026-05-25,4.58,5.32,3.83,4.15,3.66,4.98,4.05,3.73,5.97,5.2,confiable,confiable,confiable,confiable,confiable,orientativo,confiable,confiable,orientativo,no_viable,3.9587810035842295,4.34175,2.674385321100918,2.03,1.745,4.496666666666667,2.3945238095238093,1.55,5.197500000000001,4.988205882352941,5.082779923195084,6.242666666666667,5.0775,6.15,4.9175,5.357505494505494,5.093214285714286,6.136261261261261,6.7,5.394391711229946,1.1239989196108549,1.9009166666666664,2.403114678899082,4.120000000000001,3.1725000000000003,0.860838827838827,2.6986904761904764,4.586261261261261,1.5024999999999995,0.40618582887700505,2.278,1,Riesgo multidimensional,4.32,3.761111111111111,-0.4833333333333334,3,6,126,1,0,1,0,2.3,0,4.2,3.85,2.15,3.1,3.7,2.1,4.0,2.4,2.1,4.0,5.0,1.6,3.5,2.3,1.7,2.5,2.6,1.4,5.4,3.0,2.9,5.0,,3.5,6.0,5.8,4.0,5.5,5.2,4.9,3.96,4.9,5.2,3.25,5.65,6.17,3.7,,1.15,1.98,65.1,52,5,44,126,1,0,0.22196905681997825,0.9631306055056992,23 de May de 2026,23_05_26
25-182,9,9B,critical,0.33497586413393726,0.49197052169109945,2,False,Riesgo Teórico,Random Forest v2,2026-05-25,4.67,5.12,3.85,4.36,4.0,5.04,4.34,4.32,5.75,5.18,confiable,confiable,confiable,confiable,confiable,orientativo,confiable,confiable,orientativo,no_viable,4.0333499999999995,4.048333333333333,2.6325,2.545,2.89,4.497142857142857,2.4845238095238096,1.9166666666666667,4.863333333333333,4.66,5.085,5.87625,5.044134174311927,6.242666666666667,5.0,5.5,5.200798319327731,6.44990990990991,6.599999999999999,5.45856862745098,1.0516500000000004,1.8279166666666669,2.4116341743119274,3.6976666666666667,2.11,1.0028571428571427,2.7162745098039216,4.533243243243243,1.7366666666666655,0.7985686274509796,2.189,1,Riesgo multidimensional,4.68,4.74,0.05999999999999996,2,1,97,0,0,0,1,3.2,0,4.0,5.1,4.65,3.2,4.3,4.5,5.5,4.8,2.9,4.1,4.0,6.7,4.2,3.2,3.3,3.3,4.1,4.2,5.6,4.8,5.3,5.2,7.0,3.5,6.3,5.4,5.0,5.4,4.7,5.1,3.18,4.38,2.28,3.93,4.45,4.45,2.2,1.0,1.23,2.42,63.9,50,2,35,97,0,0,0.49197052169109945,0.8269463858250368,23 de May de 2026,23_05_26
14-054,9,9B,no_risk,0.02320963597780756,0.8292812017546942,0,False,Sin Riesgo,Random Forest v2,2026-05-25,4.98,5.2,4.03,5.2,4.45,5.31,5.62,4.63,6.15,5.01,confiable,confiable,confiable,confiable,confiable,orientativo,confiable,confiable,orientativo,no_viable,4.519631059907835,4.289166666666667,3.2246330275229353,4.1335,3.6639999999999997,5.0,5.032485049833888,3.3393333333333333,5.6559966638865715,4.457333333333334,5.495228796992481,6.337,5.138357798165138,6.234999999999999,5.412307692307692,5.796999154691463,6.408571428571428,7.0,6.8,5.310663101604277,0.9755977370846463,2.047833333333333,1.9137247706422023,2.1014999999999997,1.7483076923076926,0.7969991546914628,1.3760863787375408,3.6606666666666667,1.1440033361134283,0.8533297682709433,1.662,0,Rendimiento sólido,5.955,5.316666666666666,-0.6666666666666665,0,0,65,0,0,0,1,4.6,0,5.95,5.45,3.75,5.3,5.7,4.0,5.8,4.8,2.7,5.7,6.4,5.1,5.1,4.9,3.4,6.1,5.0,3.9,7.0,4.6,5.4,5.7,,2.9,6.8,5.3,6.6,6.1,5.7,4.7,1.45,1.75,2.05,1.0,2.5,1.67,1.3,,1.0,1.15,49.2,4,0,33,65,0,0,0.1475091622674983,0.17071879824530586,23 de May de 2026,23_05_26
14-020,9,9B,no_risk,0.02043072060766375,0.8425595624005843,0,False,Sin Riesgo,Random Forest v2,2026-05-25,5.13,5.23,3.73,5.88,4.37,5.43,5.63,5.27,5.92,5.28,confiable,confiable,confiable,confiable,confiable,orientativo,confiable,confiable,orientativo,no_viable,4.75199996313364,4.698,3.2211972477064226,4.400701754385965,3.8777142857142857,5.126846153846154,4.9319815668202756,4.1786666666666665,5.391111111111111,4.936411764705881,5.505449058196566,5.818636363636364,4.420598744567841,6.800000000000001,4.8906439393939385,5.751666666666666,6.513591269841269,7.0,6.524,5.646709939148073,0.7534490950629262,1.1206363636363639,1.1994014968614186,2.3992982456140357,1.0129296536796528,0.624820512820512,1.5816097030209937,2.8213333333333335,1.132888888888889,0.7102981744421912,1.336,0,Rendimiento sólido,5.66,5.745,0.08500000000000005,0,0,27,0,0,0,4,4.7,0,5.4,5.55,5.2,5.4,5.2,5.0,5.8,4.9,3.3,5.1,6.7,6.9,6.1,4.7,4.2,5.5,5.3,5.1,6.3,6.8,6.6,4.8,7.0,5.1,6.2,6.3,6.2,6.0,5.0,5.7,1.79,2.05,1.97,1.15,1.9,1.9,1.0,1.15,1.0,1.75,37.0,1,2,17,27,0,0,0.1370097169917522,0.15744043759941595,23 de May de 2026,23_05_26
21-082,9,9B,no_risk,0.06318866323902862,0.6639284241554755,0,False,Sin Riesgo,Random Forest v2,2026-05-25,5.14,4.88,3.64,4.97,4.13,5.27,4.61,5.43,5.44,4.94,confiable,confiable,confiable,confiable,confiable,orientativo,confiable,confiable,orientativo,no_viable,4.63030658422939,3.936,2.8960000000000004,2.9196666666666666,3.5978571428571424,4.933333333333334,2.65,4.098571428571429,4.398571428571429,4.166,5.582,5.7907222222222225,4.635624999999999,6.6,4.790454545454545,5.629175824175824,6.0,7.0,6.316875,5.487316176470587,0.9516934157706096,1.8547222222222226,1.7396249999999989,3.680333333333333,1.1925974025974027,0.6958424908424901,3.35,2.9014285714285712,1.918303571428571,1.321316176470587,1.961,0,Rendimiento sólido,5.624999999999999,5.325,-0.29999999999999993,0,0,99,0,0,0,3,4.0,0,5.25,5.75,4.65,5.6,4.7,4.2,5.2,4.6,3.5,5.1,6.7,2.4,5.4,4.0,3.8,4.8,4.5,4.9,6.8,6.1,5.3,5.3,6.1,4.8,6.8,5.9,3.8,6.0,4.9,4.3,1.75,2.28,2.65,1.15,2.95,3.03,1.0,1.45,1.0,1.83,37.4,10,1,62,99,0,0,0.2728829126054961,0.3360715758445247,23 de May de 2026,23_05_26
15-005,9,9B,no_risk,0.06025144147612654,0.6695268057699598,0,False,Sin Riesgo,Random Forest v2,2026-05-25,5.16,5.29,3.82,5.76,4.36,5.36,5.57,6.13,5.55,5.33,confiable,confiable,confiable,confiable,confiable,orientativo,confiable,confiable,orientativo,no_viable,4.7362237754718395,4.763888888888888,3.1500000000000004,3.9557619047619044,3.7987499999999996,5.045313609467454,4.665,4.772432432432433,4.678666666666667,5.087463630613534,5.525833333333334,5.789357142857144,4.802142857142858,6.800000000000001,4.997768595041322,5.680888888888888,6.6,7.0,6.267999999999999,5.656000000000001,0.7896095578614943,1.0254682539682554,1.6521428571428576,2.8442380952380963,1.1990185950413221,0.6355752794214338,1.9349999999999996,2.227567567567567,1.5893333333333315,0.5685363693864662,1.447,1,Riesgo multidimensional,5.26,5.425,0.16500000000000004,0,0,82,0,1,3,3,4.4,1,4.6,5.35,4.55,4.6,4.7,5.0,5.1,4.8,3.1,4.9,4.7,6.7,5.1,4.4,4.2,4.4,5.4,5.0,5.8,6.8,6.0,5.9,6.1,5.3,5.9,5.9,4.2,6.3,6.1,5.5,2.54,3.03,2.58,2.8,2.88,2.65,1.0,1.0,1.15,1.0,36.6,6,1,52,82,0,1,0.27022175275391414,0.3304731942300407,23 de May de 2026,23_05_26
14-001,9,9B,no_risk,0.08856233517129276,0.5735965630041749,1,False,Sin Riesgo,Random Forest v2,2026-05-25,5.68,4.72,3.79,6.16,4.17,5.46,3.56,6.23,6.14,5.48,confiable,confiable,confiable,confiable,confiable,orientativo,confiable,confiable,orientativo,no_viable,5.076343010752688,3.725714285714286,3.0483333333333333,4.7925,3.7,5.066666666666667,1.0,4.5,5.0,5.0475,6.4225075,5.861449275362319,4.935714285714286,6.751,4.7,5.933333333333334,6.333333333333333,7.0,6.9,6.030392156862745,1.346164489247312,2.135734989648033,1.8873809523809526,1.9585,1.0,0.8666666666666663,5.333333333333333,2.5,1.9000000000000004,0.9828921568627447,1.991,0,Rendimiento sólido,6.105,5.338888888888889,-0.7111111111111112,0,0,154,1,0,1,1,4.0,0,6.05,5.75,5.25,6.4,5.2,4.0,4.0,4.0,3.6,6.8,5.3,6.8,6.0,4.3,4.1,5.9,5.7,6.3,6.4,6.8,4.8,6.6,,6.9,6.7,5.6,7.0,6.2,5.4,6.5,1.15,1.3,4.0,1.0,2.28,1.3,1.0,,1.0,1.3,39.6,4,15,93,154,1,0,0.3378411018245323,0.42640343699582506,23 de May de 2026,23_05_26
20-128,9,9B,no_risk,0.012997988546072623,0.8924893541455741,0,False,Sin Riesgo,Random Forest v2,2026-05-25,5.14,5.47,4.15,5.64,4.5,5.29,5.57,5.15,6.12,5.17,confiable,confiable,confiable,confiable,confiable,orientativo,confiable,confiable,orientativo,no_viable,4.716537204301076,4.865,3.4000000000000004,4.348478260869565,3.7655555555555558,5.048589743589743,5.035714285714286,4.059272727272727,5.574642857142856,4.816111111111111,5.500503837011885,6.271249999999999,5.119545454545454,6.6815,5.38653409090909,5.6033333333333335,6.261607142857143,7.0,6.694675324675324,5.449191176470587,0.7839666327108086,1.4062499999999991,1.7195454545454538,2.3330217391304346,1.6209785353535344,0.5547435897435902,1.2258928571428571,2.9407272727272726,1.120032467532468,0.6330800653594766,1.434,0,Rendimiento sólido,5.805,5.665,-0.14000000000000012,0,0,53,0,0,0,3,4.9,0,5.85,5.95,4.7,5.5,5.2,5.4,5.7,5.2,3.8,6.2,6.7,6.7,6.0,5.1,3.7,4.7,4.9,6.0,5.4,5.6,6.6,5.4,6.1,5.2,6.8,6.1,5.6,6.5,5.8,5.1,1.15,1.98,1.82,1.0,1.68,2.8,1.75,1.38,1.0,1.0,35.8,6,2,34,53,0,0,0.09451265730835358,0.1075106458544262,23 de May de 2026,23_05_26
15-061,9,9B,critical,0.5911800270157708,0.5911800270157708,2,False,Riesgo Teórico,Random Forest v2,2026-05-25,4.87,4.96,3.81,5.57,3.82,5.19,4.19,5.73,5.72,5.15,confiable,confiable,confiable,confiable,confiable,orientativo,confiable,confiable,orientativo,no_viable,4.476665,4.074166666666666,2.718,3.9674170274170275,3.113846153846154,4.761384615384616,2.6236607142857142,4.246945945945946,5.156428571428572,4.865349264705883,5.19242976344086,5.610833333333334,4.830645068807339,6.501111111111111,4.494012237762238,5.600153846153846,5.036428571428571,7.0,6.3759999999999994,5.362334033613446,0.7157647634408599,1.536666666666668,2.112645068807339,2.5336940836940838,1.3801660839160839,0.8387692307692305,2.412767857142857,2.7530540540540542,1.2195714285714274,0.4969847689075628,1.6,1,Riesgo multidimensional,4.615,5.069999999999999,0.4549999999999999,2,3,133,0,0,0,3,3.8,0,4.65,5.0,4.2,4.0,3.8,4.1,3.2,3.9,3.1,5.5,6.5,6.2,4.7,3.9,3.7,4.2,4.4,4.5,2.1,4.6,5.3,5.6,7.0,5.3,6.6,6.3,5.8,5.6,5.3,5.1,2.76,4.15,4.68,1.0,3.55,3.55,4.98,1.0,1.0,1.83,48.1,31,2,69,133,0,0,0.32228679917023534,0.9134668261860062,23 de May de 2026,23_05_26
23-201,9,9B,critical,0.5472501643974,0.5472501643974,3,True,Riesgo Confirmado,Random Forest v2,2026-05-25,5.29,4.54,3.52,5.94,3.9,5.2,2.97,5.92,5.83,5.2,confiable,confiable,confiable,confiable,confiable,orientativo,confiable,confiable,orientativo,no_viable,4.6098155299539165,3.7,2.5160000000000005,4.545,3.3791428571428574,4.8,1.0,4.448206388206389,5.0,4.5295588235294115,6.0,5.70442857142857,4.844375,6.671785714285715,4.5024999999999995,5.7,5.0357142857142865,7.0,6.639999999999999,5.7,1.3901844700460835,2.00442857142857,2.328375,2.126785714285715,1.123357142857142,0.9000000000000004,4.0357142857142865,2.5517936117936113,1.6399999999999988,1.1704411764705887,1.927,1,Riesgo multidimensional,5.285,4.525,-0.7600000000000001,0,2,65,0,0,0,1,2.7,0,5.25,4.55,4.5,4.4,4.0,5.1,4.6,2.7,3.3,5.3,4.9,6.4,4.2,3.5,3.8,4.4,4.6,4.8,6.1,4.1,1.0,6.5,6.1,5.0,6.7,5.5,5.4,5.4,5.3,5.3,2.65,3.7,4.52,2.35,4.23,3.25,2.35,1.0,1.0,1.98,50.8,14,6,32,65,0,0,0.3064055578053287,0.8536557222027288,23 de May de 2026,23_05_26
19-077,9,9B,critical,0.6669889659445568,0.6669889659445568,3,True,Riesgo Confirmado,Random Forest v2,2026-05-25,4.89,5.03,3.18,5.54,3.8,5.24,3.35,4.85,5.69,5.2,confiable,confiable,confiable,confiable,confiable,orientativo,confiable,confiable,orientativo,no_viable,4.496630376344086,4.35,2.163333333333333,3.889717948717949,3.225714285714286,4.8,1.0,2.9403918918918923,5.15,4.714,5.201899684587813,5.633333333333333,4.341759115502235,6.642666666666667,4.610503952569169,5.6819999999999995,5.035714285714286,6.699459459459459,6.3999999999999995,5.604558823529412,0.7052693082437269,1.2833333333333332,2.178425782168902,2.7529487179487178,1.384789666854883,0.8819999999999997,4.035714285714286,3.7590675675675667,1.2499999999999991,0.8905588235294113,1.912,1,Riesgo multidimensional,4.76,4.62,-0.13999999999999999,3,3,110,0,0,0,1,3.2,0,4.6,4.7,3.9,3.9,3.6,4.3,3.9,3.2,2.7,4.9,5.7,6.8,4.9,3.2,3.6,5.5,4.8,5.2,2.5,5.6,4.1,5.6,6.1,3.0,6.0,5.0,5.8,5.8,4.3,5.5,3.03,4.38,4.68,2.05,3.93,2.28,3.92,1.23,1.75,2.42,40.9,7,4,65,110,0,0,0.2598039747462171,0.9267929406907739,23 de May de 2026,23_05_26
15-001,9,9B,critical,0.4589702834695368,0.4589702834695368,0,False,Riesgo Teórico,Random Forest v2,2026-05-25,5.05,4.71,3.8,5.86,3.81,5.15,3.59,5.47,5.89,5.18,confiable,confiable,confiable,confiable,confiable,orientativo,confiable,confiable,orientativo,no_viable,4.570953214285714,3.825,2.7478571428571428,4.745,3.256857142857143,4.7975,1.6666666666666667,4.2837499999999995,5.156428571428572,4.6975,5.533333333333334,5.698947368421052,4.7371428571428575,6.701999999999999,4.4472809917355365,5.534285714285714,5.3964285714285705,7.0,6.60076923076923,5.64658496732026,0.9623801190476202,1.8739473684210521,1.9892857142857148,1.956999999999999,1.1904238488783934,0.7367857142857135,3.7297619047619035,2.7162500000000005,1.444340659340658,0.9490849673202604,1.755,1,Riesgo multidimensional,5.340000000000001,4.583333333333332,-0.6833333333333332,0,3,49,0,0,0,1,2.8,0,5.6,5.15,4.9,4.5,3.5,4.1,6.1,2.8,5.3,5.3,4.7,6.7,4.9,3.7,3.8,4.3,4.5,3.8,5.4,6.1,4.3,6.0,,3.5,5.2,5.5,6.5,6.1,5.3,5.3,1.94,4.0,3.32,2.5,3.55,3.4,1.38,,1.98,1.45,30.6,4,0,34,49,0,0,0.30824117170786014,0.767211455177397,23 de May de 2026,23_05_26
15-009,9,9B,critical,0.6970159781830143,0.6970159781830143,3,True,Riesgo Confirmado,Random Forest v2,2026-05-25,4.91,4.98,3.35,5.5,3.68,5.1,3.6,5.12,5.64,5.23,confiable,confiable,confiable,confiable,confiable,orientativo,confiable,confiable,orientativo,no_viable,4.653583114439324,4.25,2.275,4.050484848484848,3.0732142857142857,4.703846153846154,2.0,4.166666666666667,5.095000000000001,4.65,5.194945564516129,5.633333333333333,4.571000000000001,6.451249999999999,4.545789896245059,5.502,5.036666666666666,6.953,6.283461773700306,5.65,0.5413624500768046,1.3833333333333329,2.2960000000000007,2.4007651515151514,1.472575610530773,0.7981538461538458,3.036666666666666,2.7863333333333333,1.188461773700305,1.0,1.69,1,Riesgo multidimensional,4.970000000000001,4.930000000000001,-0.040000000000000036,1,2,27,0,0,0,2,3.0,0,5.1,4.4,4.6,4.4,3.0,4.2,4.9,3.7,3.3,6.2,6.4,5.0,4.7,4.1,3.0,4.9,4.4,3.9,2.1,6.0,4.6,5.1,6.1,3.5,6.0,5.6,5.4,6.3,5.6,6.2,2.88,4.45,3.55,1.0,3.4,3.03,3.93,1.6,1.3,1.08,37.0,1,0,17,27,0,0,0.23173990104629322,0.9287558792293076,23 de May de 2026,23_05_26
14-002,9,9B,no_risk,0.03710539608296939,0.7866356344729885,0,False,Sin Riesgo,Random Forest v2,2026-05-25,5.17,5.28,3.78,6.1,4.18,5.38,5.52,6.09,5.71,5.35,confiable,confiable,confiable,confiable,confiable,orientativo,confiable,confiable,orientativo,no_viable,4.745786459991622,4.570833333333333,3.165,5.287956989247311,3.573694638694638,5.107692307692307,4.208966836734694,4.495454545454545,4.678666666666667,4.991037491919845,5.525833333333334,5.769719334719334,4.682833333333335,6.785000000000001,4.745714285714285,5.666666666666667,7.0,7.0,6.401720183486239,5.82,0.7800468733417114,1.1988860013860014,1.5178333333333347,1.49704301075269,1.1720196470196464,0.5589743589743597,2.791033163265306,2.504545454545455,1.7230535168195713,0.8289625080801555,1.457,0,Rendimiento sólido,5.795,5.46,-0.33500000000000024,0,0,13,0,0,0,3,4.1,0,5.45,5.6,5.2,5.0,5.3,4.8,6.0,4.3,4.0,5.3,5.8,6.4,4.7,4.1,4.5,6.0,5.8,5.9,6.8,6.3,6.4,6.2,6.1,5.3,6.6,6.1,5.0,5.9,5.2,5.9,1.71,2.28,2.28,1.68,3.4,1.15,1.0,1.0,1.0,1.67,46.2,0,1,7,13,0,0,0.1762589694440423,0.21336436552701168,23 de May de 2026,23_05_26
15-028,7,7A,no_risk,0.032328757806213276,0.7889035912181016,0,False,Sin Riesgo,Random Forest v2,2026-05-25,5.04,5.69,4.45,4.68,5.13,5.43,5.57,5.33,6.03,5.28,confiable,confiable,confiable,confiable,confiable,orientativo,confiable,confiable,orientativo,no_viable,4.612723835125448,4.928571428571428,3.412857142857143,3.7975,4.132,4.941071428571429,5.062142857142858,4.05825,5.547666666666666,5.025102707749767,5.670728741258742,6.642,5.764825688073394,5.8999999999999995,5.925,6.019523809523809,6.429047619047619,6.9205,6.744285714285715,5.556299019607843,1.0580049061332941,1.7134285714285724,2.351968545216251,2.1024999999999996,1.7930000000000001,1.0784523809523803,1.3669047619047614,2.8622499999999995,1.1966190476190484,0.5311963118580758,1.605,0,Rendimiento sólido,5.866666666666667,5.766666666666667,-0.09999999999999994,0,0,41,0,0,0,4,4.4,0,5.0,4.4,5.3,6.8,5.7,7.0,5.7,4.8,4.3,4.9,5.1,4.6,6.1,6.2,5.6,5.7,5.3,4.6,6.1,7.0,5.3,5.8,7.0,6.9,6.7,6.4,6.7,,,,2.95,1.0,2.12,2.5,1.0,1.75,1.0,1.0,1.0,,75.6,11,3,10,41,0,0,0.17876765097568534,0.21109640878189861,23 de May de 2026,23_05_26
18-039,9,9B,no_risk,0.005030654156796722,0.9493015521645364,0,False,Sin Riesgo,Random Forest v2,2026-05-25,5.62,6.03,4.73,6.15,4.93,5.34,5.74,6.46,6.26,5.44,confiable,confiable,confiable,confiable,confiable,orientativo,confiable,confiable,orientativo,no_viable,5.076343010752688,5.216666666666666,3.5128571428571433,5.3,3.999318181818182,5.065615384615384,5.035714285714286,4.926813655761024,5.2225,5.291176470588234,6.419997857142857,6.95,6.299999999999999,6.85,6.3,5.700769230769231,7.0,7.0,6.903333333333334,5.8999999999999995,1.3436548463901685,1.7333333333333343,2.7871428571428556,1.5499999999999998,2.300681818181818,0.6351538461538464,1.9642857142857144,2.0731863442389757,1.680833333333334,0.6088235294117652,1.668,0,Rendimiento sólido,6.1450000000000005,6.005,-0.14000000000000004,0,0,38,0,0,0,5,4.5,0,6.45,5.65,5.75,6.2,6.0,5.9,6.2,5.7,3.9,6.1,6.1,6.7,5.0,4.5,4.5,5.5,5.5,5.4,7.0,6.8,6.4,5.9,7.0,6.6,6.2,6.4,6.6,6.9,6.4,6.5,1.0,1.0,1.08,1.0,2.88,1.75,1.0,1.0,1.0,1.0,42.1,6,0,22,38,0,0,0.04566779367866706,0.05069844783546378,23 de May de 2026,23_05_26
18-154,9,9A,no_risk,0.05647369090133863,0.6792779644290929,0,False,Sin Riesgo,Random Forest v2,2026-05-25,4.77,5.39,4.17,4.26,5.17,5.46,5.69,4.85,5.75,5.3,confiable,confiable,confiable,confiable,confiable,orientativo,confiable,confiable,orientativo,no_viable,4.49639462246117,5.0,3.521903252710592,3.5968181818181817,4.641955266955267,5.055760073260073,5.13591836734694,4.05625,5.259626911314984,5.106050420168067,5.028645507610668,5.785247035573122,4.843460550458715,4.866666666666667,5.742863636363637,5.945999999999999,6.524702380952379,6.098558558558558,6.251666666666666,5.5715651260504195,0.532250885149498,0.7852470355731223,1.3215572977481234,1.2698484848484854,1.1009083694083701,0.8902399267399259,1.3887840136054397,2.042308558558558,0.9920397553516818,0.46551470588235233,1.079,0,Rendimiento sólido,5.369999999999999,5.62,0.25,0,0,24,2,0,2,2,4.4,0,5.0,5.4,4.0,4.7,4.4,5.0,4.4,4.4,4.6,5.5,5.7,5.6,5.8,5.9,4.9,5.4,5.6,5.4,5.3,6.3,7.0,5.4,7.0,7.0,6.3,5.7,5.6,5.9,5.8,5.3,2.2,3.17,3.4,1.6,1.22,1.75,1.3,1.0,1.0,1.22,62.5,4,1,9,24,2,0,0.26424834466956887,0.3207220355709075,23 de May de 2026,23_05_26
24-082,9,9A,no_risk,0.06539674060407472,0.49918292463371877,1,False,Sin Riesgo,Random Forest v2,2026-05-25,4.82,5.47,4.17,4.37,5.16,5.26,5.39,5.2,5.56,5.18,confiable,confiable,confiable,confiable,confiable,orientativo,confiable,confiable,orientativo,no_viable,4.422009999999999,5.0493181818181805,3.3986666666666667,3.6534285714285715,4.495674242424243,4.742230769230769,4.960223214285714,4.086445945945946,4.8741666666666665,4.666666666666667,5.14999619047619,5.966666666666667,4.875792740327084,5.160296296296296,5.762,5.746071428571429,6.0007142857142854,6.645945945945946,6.10397247706422,5.507126696832579,0.7279861904761908,0.9173484848484863,1.477126073660417,1.5068677248677242,1.266325757575757,1.0038406593406597,1.0404910714285718,2.5595,1.2298058103975533,0.8404600301659118,1.257,1,Riesgo multidimensional,5.3149999999999995,5.6450000000000005,0.3300000000000002,0,0,107,0,1,3,3,4.4,0,4.35,5.15,5.5,4.6,4.6,4.6,4.1,4.4,3.5,5.8,5.5,5.8,6.2,6.2,5.4,4.8,4.8,4.3,6.3,6.8,,5.4,7.0,5.3,5.6,6.0,4.5,6.0,6.0,5.9,2.88,3.1,3.63,1.52,1.0,2.8,1.0,1.0,1.3,1.0,47.7,16,5,56,107,0,1,0.4354203347622069,0.5008170753662816,23 de May de 2026,23_05_26
18-093,9,9A,no_risk,0.006296905109723149,0.937346345156483,0,False,Sin Riesgo,Random Forest v2,2026-05-25,6.11,6.44,5.81,5.63,5.95,5.58,5.7,6.19,6.41,5.38,confiable,confiable,confiable,confiable,confiable,orientativo,confiable,confiable,orientativo,no_viable,5.055122503840246,5.64875,4.437147623019183,4.698571428571428,4.8125,4.966709401709402,5.035714285714286,4.3225,5.545714285714285,5.291176470588234,6.644761428571429,7.0,6.5,6.552571428571428,6.766666666666667,6.2507142857142854,6.285857142857143,7.0,6.978,5.6274509803921555,1.589638924731183,1.3512500000000003,2.0628523769808167,1.8539999999999992,1.9541666666666666,1.2840048840048839,1.2501428571428574,2.6775,1.4322857142857144,0.33627450980392126,1.579,0,Rendimiento sólido,6.26,6.49,0.2299999999999999,0,0,22,1,0,1,10,6.1,0,6.4,6.4,5.55,6.2,6.6,5.8,6.4,6.7,5.7,6.1,6.1,6.6,6.1,6.3,6.4,6.1,6.1,6.3,7.0,6.5,7.0,5.9,7.0,7.0,6.3,6.6,6.6,6.1,6.6,6.2,1.0,1.0,1.0,1.0,1.0,1.0,1.0,1.0,1.0,1.0,68.2,5,0,7,22,1,0,0.056356749733794016,0.06265365484351716,23 de May de 2026,23_05_26
15-011,9,9A,no_risk,0.01719539299449434,0.8723941979623707,0,False,Sin Riesgo,Random Forest v2,2026-05-25,5.15,5.58,4.4,5.01,5.04,5.5,5.85,5.11,5.96,5.23,confiable,confiable,confiable,confiable,confiable,orientativo,confiable,confiable,orientativo,no_viable,4.625107190860215,4.8225,3.4000000000000004,4.015894736842105,3.968285714285714,4.972564102564102,5.251954191033138,4.059272727272727,5.391111111111111,4.7998039215686275,6.161,6.829166666666667,6.203333333333333,6.1205,6.164761904761904,6.029166666666667,6.666666666666667,7.0,6.534285714285715,5.567142857142857,1.535892809139785,2.006666666666667,2.803333333333333,2.104605263157895,2.19647619047619,1.0566025641025645,1.4147124756335288,2.9407272727272726,1.1431746031746037,0.7673389355742293,1.797,0,Rendimiento sólido,5.84,6.035,0.19500000000000012,0,0,42,0,0,0,7,4.4,0,5.1,6.45,5.15,5.8,5.0,4.4,5.4,4.4,3.1,6.0,6.2,6.4,5.2,6.1,4.3,5.6,6.0,5.7,6.5,6.8,7.0,6.1,7.0,7.0,6.1,6.1,5.6,6.6,6.3,5.5,1.34,1.9,2.65,1.0,1.52,1.3,1.0,1.0,1.0,1.0,40.5,0,2,25,42,0,0,0.11041040904313519,0.12760580203762953,23 de May de 2026,23_05_26
15-049,9,9A,no_risk,0.06625590268107047,0.6865685849171267,0,False,Sin Riesgo,Random Forest v2,2026-05-25,4.95,5.64,4.46,4.52,5.08,5.38,5.53,5.24,6.01,5.31,confiable,confiable,confiable,confiable,confiable,orientativo,confiable,confiable,orientativo,no_viable,4.5284135330261135,5.049318181818181,3.403521406727829,3.5969696969696967,4.084642857142857,4.957617094017094,5.035714285714286,3.8873737373737374,5.406192660550459,5.106050420168067,5.3571267741935475,6.402333333333334,5.913571428571427,5.7,5.9,5.943999999999999,6.302714285714285,6.867142857142857,6.734285714285714,5.5769432773109235,0.8287132411674341,1.3530151515151525,2.510050021843598,2.1030303030303035,1.8153571428571436,0.9863829059829055,1.2669999999999995,2.97976911976912,1.3280930537352553,0.47089285714285634,1.564,0,Rendimiento sólido,5.485,5.775,0.2900000000000002,0,0,42,0,1,3,5,4.2,0,4.75,6.15,5.5,4.9,4.2,4.5,6.0,4.6,2.8,4.6,5.2,3.7,5.6,6.4,4.8,6.1,5.3,5.0,5.0,6.8,7.0,6.1,7.0,5.3,6.1,6.4,4.6,5.7,5.7,5.9,1.83,3.18,2.05,2.65,1.0,1.45,1.15,1.0,1.0,1.45,73.8,13,0,11,42,0,1,0.2471755124018032,0.31343141508287364,23 de May de 2026,23_05_26
21-052,9,9A,critical,0.4510183557929361,0.4510183557929361,2,False,Riesgo Teórico,Random Forest v2,2026-05-25,4.58,5.13,3.65,4.07,4.52,5.06,5.01,4.42,5.73,5.32,confiable,confiable,confiable,confiable,confiable,orientativo,confiable,confiable,orientativo,no_viable,3.99439,4.448666666666666,2.955428571428571,3.05,3.7314285714285713,4.6395897435897435,4.524285714285715,2.575,4.930000000000001,5.00935294117647,5.008832150537635,5.80375,4.482215851172273,5.18,5.116918904958677,5.453846153846154,5.572116596638656,5.75,6.474285714285715,5.646634308895972,1.0144421505376346,1.3550833333333339,1.526787279743702,2.13,1.3854903335301056,0.8142564102564105,1.0478308823529412,3.175,1.5442857142857145,0.6372813677195017,1.463,1,Riesgo multidimensional,4.705,5.11,0.4049999999999999,2,2,161,0,0,0,2,3.1,0,4.05,4.9,4.9,2.7,3.1,5.0,4.0,3.4,2.6,4.7,5.2,4.6,5.0,5.8,4.8,3.9,5.1,3.3,5.5,6.8,,5.1,7.0,7.0,6.2,5.6,5.0,5.9,4.2,5.3,3.29,5.65,4.45,2.57,1.9,3.25,1.0,1.0,1.15,2.42,40.4,4,10,96,161,0,0,0.44427053496955654,0.8952888907624926,23 de May de 2026,23_05_26
14-046,9,9A,recovery,0.12960845141474597,0.6068540017962522,1,False,Sin Riesgo,Random Forest v2,2026-05-25,4.57,4.92,3.55,3.75,4.63,5.09,5.16,4.42,5.75,5.35,confiable,confiable,confiable,confiable,confiable,orientativo,confiable,confiable,orientativo,no_viable,4.059523809523809,3.5225,3.0,2.933333333333333,3.9450000000000003,4.600925390399074,4.8236904761904755,3.4786666666666664,5.025,5.083466386554622,4.913550866188769,5.591833333333333,4.334029640084686,4.5,5.154646464646465,5.543571428571429,5.65,5.165874999999999,6.474285714285715,5.681840336134453,0.8540270566649593,2.069333333333333,1.3340296400846858,1.5666666666666669,1.2096464646464646,0.9426460381723549,0.8263095238095248,1.6872083333333325,1.4492857142857147,0.5983739495798313,1.254,1,Riesgo multidimensional,4.819999999999999,5.37,0.5499999999999999,1,0,33,0,0,0,2,4.0,0,4.2,4.9,4.05,4.0,4.2,4.2,5.0,4.3,2.3,3.7,4.0,4.7,5.1,5.7,5.0,4.2,5.5,4.0,5.4,6.8,,4.8,7.0,5.3,6.4,6.0,6.6,5.4,5.3,5.3,3.18,3.85,3.03,4.22,1.9,2.73,1.0,1.15,1.0,1.98,72.7,2,0,9,33,0,0,0.6068540017962522,0.7364624532109981,23 de May de 2026,23_05_26
15-032,9,9A,no_risk,0.010105182922169617,0.9258260681867898,0,False,Sin Riesgo,Random Forest v2,2026-05-25,5.46,5.95,5.17,5.07,5.55,5.59,5.62,5.13,6.32,5.39,confiable,confiable,confiable,confiable,confiable,orientativo,confiable,confiable,orientativo,no_viable,4.77847125,5.317986111111111,3.9673518659032903,4.096,4.65409090909091,5.063820512820513,5.035714285714286,3.485,5.7164223201352,5.2234558823529404,6.497434101382488,6.721333333333334,6.253,6.056013986013985,6.3,6.25,6.208846153846154,7.0,7.0,5.602,1.7189628513824884,1.403347222222223,2.28564813409671,1.9600139860139851,1.6459090909090897,1.186179487179487,1.1731318681318683,3.515,1.2835776798648002,0.37854411764705986,1.655,0,Rendimiento sólido,5.87,6.165,0.2949999999999998,0,0,74,0,0,0,6,5.5,0,5.6,5.75,4.5,5.4,5.5,5.5,6.0,6.1,5.9,5.6,5.5,6.1,5.9,6.8,6.2,6.4,6.1,5.3,5.6,6.8,,6.1,7.0,3.5,6.2,6.5,7.0,5.9,5.6,5.7,1.49,1.82,1.0,1.68,1.0,1.0,1.0,1.0,1.0,1.38,70.3,6,0,22,74,0,0,0.06406874889104078,0.0741739318132104,23 de May de 2026,23_05_26
25-154,9,9A,critical,0.37886276871692703,0.5150284828921724,1,False,Riesgo Teórico,Random Forest v2,2026-05-25,4.62,5.09,3.76,3.79,4.64,5.03,5.02,4.59,5.73,5.34,confiable,confiable,confiable,confiable,confiable,orientativo,confiable,confiable,orientativo,no_viable,4.27752,4.059,3.006923076923077,2.9299999999999997,4.0,4.43,4.516071428571428,3.570922350922351,5.098888888888889,5.080514705882352,4.991484730009776,5.682189440993788,4.742614678899082,4.578787878787878,5.1014898989898985,5.517637362637362,5.549420634920636,5.674189189189189,6.455757575757575,5.6636356209150325,0.713964730009776,1.6231894409937881,1.7356916019760056,1.6487878787878785,1.1014898989898985,1.0876373626373619,1.0333492063492073,2.103266838266838,1.356868686868686,0.5831209150326808,1.299,1,Riesgo multidimensional,4.5600000000000005,5.17,0.6099999999999999,2,1,54,2,0,2,2,3.7,1,4.7,4.9,4.45,4.0,4.1,4.6,4.9,3.7,3.0,3.7,4.0,4.4,4.9,5.4,4.1,4.2,5.5,5.4,3.4,6.1,4.0,4.6,7.0,3.5,6.0,5.5,5.0,5.2,5.5,5.5,2.8,3.92,3.55,4.22,2.28,2.73,2.88,1.3,1.38,1.98,55.6,11,1,24,54,2,0,0.5150284828921724,0.8938912516090994,23 de May de 2026,23_05_26
22-195,9,9A,recovery,0.15554634435382303,0.42438126545355587,0,False,Sin Riesgo,Random Forest v2,2026-05-25,4.67,5.12,3.74,3.85,4.75,5.27,5.28,4.62,5.72,5.42,confiable,confiable,confiable,confiable,confiable,orientativo,confiable,confiable,orientativo,no_viable,4.337623333333333,4.448666666666667,3.0853246753246752,2.9225,4.224175824175824,4.708846153846154,4.8658982683982686,3.83125,5.0565,5.155823529411766,4.9805250973886315,5.672499999999999,4.557063254466441,4.752,5.233606060606061,5.933333333333334,5.8615,5.314800514800514,6.212027170077629,5.77469362745098,0.6429017640552983,1.2238333333333324,1.4717385791417659,1.8295,1.0094302364302363,1.2244871794871797,0.9956017316017318,1.4835505148005144,1.1555271700776295,0.6188700980392143,1.166,1,Riesgo multidimensional,4.865,5.58,0.715,1,0,41,2,0,2,3,4.2,0,4.25,4.9,4.25,4.1,4.2,4.5,4.9,4.3,3.8,4.2,5.6,4.7,4.9,6.0,4.3,5.8,5.6,4.2,3.9,6.3,,5.1,7.0,5.3,6.0,5.8,5.3,5.5,6.1,6.8,3.14,3.78,3.1,2.65,1.83,1.45,2.35,1.0,1.15,1.3,61.0,9,1,16,41,2,0,0.42438126545355587,0.5799276098073789,23 de May de 2026,23_05_26
15-033,9,9A,recovery,0.2832727988635473,0.5466003127838761,1,False,Sin Riesgo,Random Forest v2,2026-05-25,4.66,5.01,3.59,3.76,4.64,5.13,5.06,4.57,5.7,5.33,confiable,confiable,confiable,confiable,confiable,orientativo,confiable,confiable,orientativo,no_viable,4.275,3.9068749999999994,2.9709523809523812,2.766666666666666,3.7483333333333335,4.613857142857143,4.585910714285714,3.570922350922351,4.9,4.775333333333333,5.0233305852883685,5.6499999999999995,4.448958854601057,4.766424242424242,5.154646464646465,5.6045454545454545,5.678571428571428,5.488445945945945,6.471428571428571,5.701225490196078,0.7483305852883682,1.743125,1.4780064736486755,1.999757575757576,1.4063131313131314,0.9906883116883112,1.0926607142857137,1.917523595023594,1.5714285714285703,0.9258921568627452,1.387,1,Riesgo multidimensional,4.65,5.339999999999999,0.6900000000000002,1,1,70,0,0,0,2,3.4,0,4.0,5.0,3.45,4.4,4.2,4.0,4.7,3.4,2.3,4.7,5.2,4.7,5.1,6.0,4.9,4.5,4.9,3.7,1.6,6.5,,5.9,7.0,3.5,6.3,5.3,6.7,5.3,5.9,5.7,3.25,3.55,3.92,2.57,1.68,2.95,3.92,1.0,1.3,1.6,77.1,5,3,16,70,0,0,0.5466003127838761,0.8298731116474234,23 de May de 2026,23_05_26
23-172,9,9A,critical,0.628813696525752,0.628813696525752,4,True,Riesgo Confirmado,Random Forest v2,2026-05-25,4.64,5.21,3.9,3.65,4.5,4.95,4.88,4.49,5.81,5.31,confiable,confiable,confiable,confiable,confiable,orientativo,confiable,confiable,orientativo,no_viable,4.048335,4.489642857142857,2.9975,2.5,3.6636742424242423,4.545512820512821,4.203095238095238,2.5833333333333335,5.2386376146788995,5.1000000000000005,5.076343010752688,5.860666666666667,4.94440749235474,4.578703703703703,5.0337499999999995,5.444560439560439,5.4157142857142855,5.760111633372502,6.527499999999999,5.566666666666666,1.0280080107526883,1.3710238095238099,1.94690749235474,2.0787037037037033,1.3700757575757572,0.899047619047618,1.2126190476190475,3.1767783000391687,1.2888623853210994,0.4666666666666659,1.484,1,Riesgo multidimensional,3.7399999999999998,4.62,0.8800000000000001,7,2,69,0,1,3,1,2.9,0,3.5,4.6,4.1,3.8,4.8,3.6,3.3,2.9,2.9,2.4,3.9,4.4,3.9,5.9,4.5,3.3,4.9,2.7,1.8,4.0,5.0,4.2,7.0,3.5,5.3,4.1,7.0,5.9,4.1,5.5,3.93,3.55,5.35,5.28,2.65,3.85,5.65,1.6,2.95,2.5,50.7,6,4,34,69,0,1,0.33431583577360063,0.9631295322993527,23 de May de 2026,23_05_26
22-125,9,9A,critical,0.5069342203322326,0.5069342203322326,2,False,Riesgo Teórico,Random Forest v2,2026-05-25,4.57,5.11,3.66,3.91,4.52,5.12,5.03,4.0,5.67,5.33,confiable,confiable,confiable,confiable,confiable,orientativo,confiable,confiable,orientativo,no_viable,3.9566529032258067,4.1875,2.975,2.86,3.612142857142857,4.535104895104895,4.194642857142856,2.1,4.98,5.065514705882353,5.022281418970813,5.743076923076922,4.511114678899083,4.999714285714286,5.244363636363636,5.541,5.680928571428571,5.279090347490346,6.3183853211009176,5.645489350912778,1.0656285157450065,1.5555769230769219,1.5361146788990827,2.139714285714286,1.6322207792207792,1.0058951048951057,1.4862857142857147,3.179090347490346,1.3383853211009171,0.5799746450304255,1.552,1,Riesgo multidimensional,4.8,4.96,0.16000000000000014,2,2,101,0,0,0,2,3.1,0,3.9,4.9,4.15,4.2,4.0,4.8,5.1,3.1,2.3,3.3,4.4,5.4,5.0,5.0,5.0,4.0,3.8,3.9,5.6,6.3,6.0,5.1,7.0,1.8,6.5,6.0,4.7,5.3,5.1,5.7,3.4,3.85,3.85,4.23,2.5,4.15,1.08,1.0,1.0,2.2,62.4,16,3,38,101,0,0,0.41567172365481125,0.9226059439870438,23 de May de 2026,23_05_26
14-035,9,9A,recovery,0.17225949068597401,0.4700582188850016,1,False,Sin Riesgo,Random Forest v2,2026-05-25,4.81,5.38,3.96,4.14,4.91,5.27,5.31,4.85,5.75,5.22,confiable,confiable,confiable,confiable,confiable,orientativo,confiable,confiable,orientativo,no_viable,4.492892467741934,4.672380952380952,3.064,3.0298701298701296,3.964285714285714,4.8495961538461545,4.843482142857143,3.837083333333333,5.2975,4.8570955882352935,5.17928360801564,5.975,4.8275,5.093439153439154,5.730189393939393,5.680888888888888,6.0,6.231838820638821,6.29175739041794,5.52202614379085,0.686391140273706,1.3026190476190473,1.7634999999999996,2.0635690235690243,1.7659036796536793,0.8312927350427337,1.1565178571428572,2.3947554873054875,0.9942573904179399,0.6649305555555562,1.362,0,Rendimiento sólido,5.63,5.279999999999999,-0.35000000000000014,0,1,27,2,0,2,3,3.9,0,5.2,5.0,4.0,5.0,4.0,3.6,5.3,3.9,2.6,4.4,4.4,4.6,6.1,6.1,4.9,4.9,4.6,4.4,6.5,6.0,,5.9,7.0,7.0,6.9,6.3,5.5,6.1,5.5,5.3,2.35,3.25,3.1,3.4,1.0,2.88,1.0,1.0,1.0,1.3,70.4,4,0,8,27,2,0,0.4700582188850016,0.6423177095709756,23 de May de 2026,23_05_26
20-078,9,9A,no_risk,0.05145883308911139,0.6992472083782363,1,False,Sin Riesgo,Random Forest v2,2026-05-25,4.86,5.36,4.04,4.31,5.19,5.42,5.53,4.9,5.66,5.27,confiable,confiable,confiable,confiable,confiable,orientativo,confiable,confiable,orientativo,no_viable,4.5745537204301066,4.968666666666667,3.275749791492911,3.581752305665349,4.6135,5.101051282051282,5.035714285714286,4.098716216216217,5.012499999999999,5.003556149732619,5.126598266129032,5.785247035573122,4.77420871559633,5.093142857142857,5.825,5.83,6.085589285714285,6.09003276003276,6.185474006116207,5.5715651260504195,0.5520445456989256,0.8165803689064557,1.4984589241034194,1.5113905514775086,1.2115,0.7289487179487182,1.0498749999999992,1.9913165438165432,1.172974006116208,0.5680089763178007,1.11,0,Rendimiento sólido,5.3549999999999995,5.735,0.38000000000000017,0,0,29,0,0,0,3,4.3,0,4.25,5.95,4.8,5.1,4.9,4.9,4.8,4.3,3.0,5.6,5.4,5.2,5.6,6.3,6.2,5.1,6.0,4.8,6.0,6.8,,5.7,7.0,7.0,5.5,4.9,4.8,5.9,5.8,5.9,2.35,2.5,3.18,1.75,1.08,1.68,1.0,1.0,2.2,1.22,51.7,4,0,14,29,0,0,0.2492939585326527,0.3007527916217641,23 de May de 2026,23_05_26
24-209,9,9A,no_risk,0.005313441474224759,0.9345926910888809,0,False,Sin Riesgo,Random Forest v2,2026-05-25,6.33,6.42,6.07,5.65,6.09,5.64,5.54,6.47,6.39,5.5,confiable,confiable,confiable,confiable,confiable,orientativo,confiable,confiable,orientativo,no_viable,5.828814842845326,5.845,5.6,5.0649999999999995,5.575,4.964450549450549,5.035714285714286,5.105833333333333,5.270833333333334,5.291176470588234,6.67,7.0,6.467500000000001,6.417857142857143,6.567500000000001,6.333333333333333,6.075,7.0,6.961499999999999,5.963725490196079,0.8411851571546736,1.1550000000000002,0.8675000000000015,1.3528571428571432,0.9925000000000006,1.3688827838827837,1.0392857142857146,1.894166666666667,1.6906666666666652,0.6725490196078443,1.187,0,Rendimiento sólido,6.3100000000000005,6.375000000000001,0.06500000000000013,0,0,38,0,0,0,7,5.1,0,5.5,6.85,5.8,5.9,6.0,5.4,6.1,6.2,6.2,6.8,6.4,6.4,6.1,6.7,5.9,6.5,6.0,6.0,6.8,6.8,,6.6,7.0,7.0,6.1,5.1,6.3,6.7,6.7,6.2,1.0,1.08,1.0,1.0,1.0,1.0,1.0,1.0,1.6,1.0,68.4,4,2,12,38,0,0,0.060093867436894315,0.06540730891111907,23 de May de 2026,23_05_26
15-044,9,9B,critical,0.6462755653827064,0.6462755653827064,2,False,Riesgo Teórico,Random Forest v2,2026-05-25,4.71,4.72,3.39,5.02,3.88,5.06,3.83,4.86,5.39,4.95,confiable,confiable,confiable,confiable,confiable,orientativo,confiable,confiable,orientativo,no_viable,4.1000000000000005,3.6966666666666668,2.325,3.429222222222222,3.1769999999999996,4.543947368421052,2.2,3.6999999999999997,4.72875,4.157411764705882,5.062601268817205,5.633636363636363,4.805216847372811,6.266666666666666,4.775941558441558,5.5675,5.102857142857142,6.175,5.999395806028834,5.372941176470587,0.9626012688172043,1.9369696969696961,2.4802168473728106,2.8374444444444435,1.5989415584415587,1.0235526315789478,2.902857142857142,2.475,1.270645806028834,1.215529411764705,1.87,1,Riesgo multidimensional,4.755000000000001,4.805,0.050000000000000086,1,2,109,0,0,0,1,3.4,0,4.65,4.95,5.0,4.0,3.8,4.0,4.8,3.4,2.6,4.3,4.7,5.6,4.7,4.2,3.4,4.6,4.4,5.7,3.6,4.8,6.5,5.1,6.6,4.7,6.6,5.8,4.5,5.2,5.4,4.9,2.8,4.15,3.85,3.25,3.32,3.25,3.7,1.23,1.0,2.05,54.1,34,2,50,109,0,0,0.29040124375462995,0.9366768091373363,23 de May de 2026,23_05_26
17-047,7,7B,no_risk,0.052906970839898995,0.6715996747320678,0,False,Sin Riesgo,Random Forest v2,2026-05-25,5.16,5.78,4.64,4.78,5.06,5.22,5.26,5.63,5.96,5.23,confiable,confiable,confiable,confiable,confiable,orientativo,confiable,confiable,orientativo,no_viable,4.5860713861751154,4.833928571428572,3.3388571428571434,3.579710144927536,3.9975,4.789587912087911,4.822142857142857,4.327252747252747,5.218214285714287,5.0047058823529404,6.250126923076923,6.739393939393938,5.933666666666666,6.354230769230768,5.8999999999999995,5.726785714285714,6.036535714285714,7.0,6.9205,5.443999999999999,1.6640555369018077,1.9054653679653661,2.594809523809523,2.774520624303232,1.9024999999999994,0.9371978021978027,1.2143928571428573,2.6727472527472527,1.702285714285713,0.4392941176470586,1.781,0,Rendimiento sólido,5.5,5.488888888888889,-0.011111111111111072,0,0,16,0,0,0,2,4.3,0,5.3,4.5,4.8,6.2,6.6,5.0,5.8,4.3,4.5,5.1,4.8,5.1,5.1,5.6,4.8,4.7,4.7,4.7,5.9,7.0,3.5,5.6,6.0,3.1,5.8,5.9,6.0,,,,2.65,1.0,2.42,2.58,1.98,2.95,1.0,1.3,1.22,,31.2,2,0,11,16,0,0,0.2754933544280335,0.3284003252679325,23 de May de 2026,23_05_26
22-174,9,9A,no_risk,0.09778738349648121,0.5954435059336193,0,False,Sin Riesgo,Random Forest v2,2026-05-25,5.0,5.52,4.21,4.64,5.2,5.62,5.83,4.72,6.05,5.31,confiable,confiable,confiable,confiable,confiable,orientativo,confiable,confiable,orientativo,no_viable,4.625447670250896,5.083333333333333,3.4789999999999996,3.945833333333334,4.5218181818181815,5.132153846153846,5.110017857142857,3.5547619047619046,5.4507170558799,5.004411764705882,5.320862016129032,5.98975,4.887830075787794,5.603999999999999,5.981999999999999,6.133333333333334,6.825,6.178108108108107,6.9350000000000005,5.614857142857143,0.6954143458781363,0.9064166666666669,1.4088300757877943,1.658166666666665,1.4601818181818178,1.0011794871794875,1.714982142857143,2.6233462033462027,1.4842829441201006,0.6104453781512609,1.356,0,Rendimiento sólido,5.785,5.77,-0.015000000000000124,0,0,25,0,0,0,5,4.0,0,5.25,5.2,4.8,5.1,5.0,5.9,5.3,4.0,4.5,6.4,6.1,5.8,6.0,6.0,6.1,6.2,5.1,5.6,6.1,6.8,7.0,5.4,7.0,7.0,6.2,6.2,7.0,5.9,6.3,5.9,2.16,2.43,3.03,1.0,1.0,1.53,1.0,1.0,1.0,1.0,28.0,2,0,18,25,0,0,0.3067691105698999,0.4045564940663811,23 de May de 2026,23_05_26
22-103,9,9A,critical,0.5744095647137547,0.5744095647137547,2,False,Riesgo Teórico,Random Forest v2,2026-05-25,4.6,4.69,3.54,3.64,4.6,5.17,5.27,4.55,5.45,5.21,confiable,confiable,confiable,confiable,confiable,orientativo,confiable,confiable,orientativo,no_viable,4.1692857142857145,2.908,3.0,2.7590000000000003,3.8190000000000004,4.698,4.814785714285715,3.8710101010101012,4.25,4.645588235294117,4.967562007168458,5.612499999999999,4.2908728188523115,4.567777777777778,5.135764462809917,5.697613122171946,5.789214703425231,5.224695945945946,6.286285714285714,5.64003803245436,0.7982762928827434,2.704499999999999,1.2908728188523115,1.8087777777777774,1.3167644628099162,0.9996131221719455,0.9744289891395166,1.3536858449358449,2.0362857142857136,0.9944497971602431,1.428,1,Riesgo multidimensional,4.82,5.470000000000001,0.6500000000000001,1,2,61,2,1,5,3,3.7,0,5.1,5.5,5.45,4.3,3.8,3.9,4.0,3.7,2.8,2.8,5.8,4.2,4.9,6.1,4.2,5.3,4.9,4.4,4.3,6.8,6.0,6.0,7.0,5.6,5.9,5.2,4.0,5.6,5.9,6.0,2.05,3.92,4.22,3.55,1.75,2.35,1.67,1.0,1.67,1.38,65.6,8,1,21,61,2,1,0.3098116014889851,0.8842211662027398,23 de May de 2026,23_05_26
24-210,8,8A,recovery,0.07352110985983243,0.4677342741134484,1,False,Sin Riesgo,Random Forest v2,2026-05-25,4.48,5.3,4.53,4.43,4.8,5.1,5.17,4.7,5.54,5.28,confiable,confiable,confiable,confiable,confiable,orientativo,confiable,confiable,orientativo,no_viable,3.443335,4.6065,3.3793404689092768,3.599848484848485,3.9225,4.494002313475998,4.771607142857143,3.548333333333333,4.59789824854045,5.144485294117647,5.126638901689708,5.9315454545454545,5.425833333333334,5.518571428571429,5.7025,5.6894570135746605,5.879642857142858,6.001531531531532,6.4265,5.478529411764706,1.6833039016897078,1.3250454545454549,2.0464928644240574,1.9187229437229436,1.7799999999999998,1.1954547000986624,1.1080357142857142,2.4531981981981987,1.8286017514595496,0.33404411764705877,1.567,0,Rendimiento sólido,5.133333333333334,5.122222222222224,-0.011111111111110973,0,0,50,1,0,1,0,4.4,0,4.6,4.4,2.9,4.6,4.7,5.0,4.7,5.2,5.2,5.6,6.0,5.9,5.5,5.6,4.8,4.8,4.9,4.4,5.2,4.6,6.0,4.7,5.0,4.1,6.5,5.7,5.5,,,,3.25,3.03,2.57,1.3,1.68,2.72,2.65,2.72,1.0,,44.0,6,0,28,50,1,0,0.4677342741134484,0.5412553839732809,23 de May de 2026,23_05_26
25-207,8,8A,recovery,0.1689786341982836,0.45502773611881575,0,False,Sin Riesgo,Random Forest v2,2026-05-25,4.67,5.58,4.62,4.19,4.74,4.92,4.91,5.03,5.68,5.32,confiable,confiable,confiable,confiable,confiable,orientativo,confiable,confiable,orientativo,no_viable,3.985499255583126,4.741666666666667,3.312064220183486,3.286666666666667,3.9925,4.332857142857143,4.696666666666667,3.39,4.998510938602681,5.246527149321266,5.181375,6.489999999999999,5.845238095238096,5.568,5.51566844919786,5.502637362637363,5.49897142857143,6.729166666666667,6.456052631578947,5.475521390374332,1.195875744416874,1.7483333333333322,2.53317387505461,2.2813333333333325,1.5231684491978599,1.16978021978022,0.8023047619047627,3.339166666666667,1.4575416929762657,0.22899424105306565,1.628,1,Riesgo multidimensional,4.9,5.133333333333333,0.2333333333333332,2,0,12,1,0,1,1,4.1,0,5.1,4.1,5.4,6.4,5.8,6.4,3.6,4.1,4.5,2.9,5.3,5.7,5.0,5.4,6.0,4.6,5.1,5.0,4.8,5.3,5.7,5.7,5.0,6.7,6.0,6.1,5.8,,,,3.1,1.0,4.23,3.85,2.2,2.73,2.43,1.98,1.0,,50.0,4,0,6,12,1,0,0.45502773611881575,0.6240063703170994,23 de May de 2026,23_05_26
16-018,8,8A,no_risk,0.04864951672723789,0.6978221194506001,0,False,Sin Riesgo,Random Forest v2,2026-05-25,4.74,5.71,4.44,4.3,5.23,5.22,5.28,5.63,5.79,5.24,confiable,confiable,confiable,confiable,confiable,orientativo,confiable,confiable,orientativo,no_viable,4.432223333333333,5.1957051282051285,3.5658846657929226,3.7140476190476193,4.497516233766234,4.7376479289940825,5.007142857142858,4.424603174603175,5.332468723936613,5.105756302521008,5.099841505376345,6.3999999999999995,5.245,4.912685185185185,5.9,5.688888888888888,5.67595238095238,6.809166666666667,6.244081576989834,5.392681660899653,0.6676181720430119,1.204294871794871,1.6791153342070775,1.198637566137566,1.4024837662337664,0.9512409598948057,0.6688095238095224,2.384563492063492,0.9116128530532208,0.2869253583786451,1.136,0,Rendimiento sólido,5.233333333333333,5.388888888888888,0.1555555555555557,0,0,11,0,0,0,0,4.4,0,5.7,4.7,4.1,5.5,5.3,6.1,4.0,4.4,3.9,4.3,4.9,3.5,5.6,6.0,6.9,5.0,5.7,4.6,5.7,5.6,5.3,5.1,6.0,6.9,6.2,5.9,5.8,,,,2.2,1.9,3.7,3.1,1.3,1.98,1.52,1.68,1.0,,81.8,5,0,2,11,0,0,0.2535283638221621,0.3021778805494,23 de May de 2026,23_05_26
16-010,8,8A,critical,0.307595436360314,0.45826512826892746,1,False,Riesgo Teórico,Random Forest v2,2026-05-25,4.85,5.43,4.27,4.51,4.85,5.2,5.07,5.5,5.75,5.24,confiable,confiable,confiable,confiable,confiable,orientativo,confiable,confiable,orientativo,no_viable,4.468509536290322,4.8741666666666665,3.208,3.4603703703703705,3.8112500000000002,4.815825174825175,4.665,4.32309004857392,5.215481651376147,5.0482450980392155,5.234283984427976,5.993728070175438,5.138357798165138,5.97878205128205,5.729085497835498,5.540135746606334,5.547642857142858,6.889300069300069,6.284128440366972,5.478,0.7657744481376536,1.1195614035087713,1.9303577981651374,2.51841168091168,1.9178354978354974,0.7243105717811593,0.8826428571428577,2.5662100207261496,1.0686467889908249,0.42975490196078425,1.392,1,Riesgo multidimensional,5.211111111111112,4.71111111111111,-0.5,1,2,44,0,0,0,1,3.6,1,4.3,4.4,5.1,5.7,3.9,3.9,5.4,4.4,5.3,3.4,3.6,3.7,5.7,4.9,5.9,4.9,5.3,5.8,5.2,4.1,5.3,5.6,7.0,6.8,6.7,4.8,5.3,,,,3.47,2.8,2.65,4.75,2.05,2.35,3.03,1.0,1.38,,36.4,3,1,28,44,0,0,0.45826512826892746,0.7658605646292415,23 de May de 2026,23_05_26
25-262,8,8A,critical,0.5353433829828808,0.5353433829828808,0,False,Riesgo Teórico,Random Forest v2,2026-05-25,4.57,5.4,4.17,3.75,4.41,4.94,4.88,4.05,5.9,5.33,confiable,confiable,confiable,confiable,confiable,orientativo,confiable,confiable,orientativo,no_viable,3.864393575268817,4.787857142857143,3.1072727272727274,2.455,3.2163333333333335,4.328214285714285,4.046785714285714,1.7000000000000002,5.345000000000001,5.217367647058823,5.076343010752688,6.125416666666666,5.391192660550459,4.851666666666667,5.18875,5.434218089602705,5.518071428571428,5.684300822561691,6.6,5.566666666666666,1.211949435483871,1.3375595238095235,2.2839199332777316,2.3966666666666665,1.9724166666666663,1.1060038038884201,1.471285714285714,3.984300822561691,1.254999999999999,0.3492990196078436,1.737,1,Riesgo multidimensional,,5.066666666666666,,0,2,24,0,0,0,2,2.7,0,,4.3,5.4,,4.5,5.0,,2.7,4.3,,3.9,4.6,,5.5,5.6,,5.8,5.5,,5.4,5.7,,7.0,7.0,,6.5,6.9,,,,,,,,,,,,,,70.8,2,2,7,24,0,0,0.3628789709267595,0.8982223539096403,23 de May de 2026,23_05_26
16-082,8,8A,no_risk,0.13280892590118143,0.5164686845694857,0,False,Sin Riesgo,Random Forest v2,2026-05-25,4.71,5.51,4.53,4.2,4.74,4.91,4.97,4.94,5.71,5.31,confiable,confiable,confiable,confiable,confiable,orientativo,confiable,confiable,orientativo,no_viable,4.033348333333333,4.8374999999999995,3.337083333333333,3.348333333333333,4.107775974025974,4.3273809523809526,4.742532467532468,3.867920761670762,5.133333333333334,5.216544117647058,5.168,6.4526666666666666,5.876666666666666,5.401666666666667,5.236545454545455,5.494503205128205,5.540771428571429,6.34846332046332,6.45730886850153,5.45856862745098,1.1346516666666675,1.615166666666667,2.539583333333333,2.053333333333334,1.1287694805194812,1.1671222527472525,0.7982389610389617,2.480542558792558,1.3239755351681959,0.24202450980392154,1.448,1,Riesgo multidimensional,4.711111111111112,5.466666666666665,0.7555555555555554,2,0,59,0,1,3,1,4.7,0,4.8,5.5,4.7,6.1,5.6,6.7,4.5,4.7,5.8,3.0,5.0,6.1,3.9,6.1,5.0,4.4,5.3,5.2,4.4,5.2,5.0,5.6,6.0,4.4,5.7,5.8,4.8,,,,2.28,1.22,3.1,4.0,2.5,2.72,2.8,1.3,1.38,,59.3,21,0,24,59,0,1,0.3507223895293329,0.4835313154305143,23 de May de 2026,23_05_26
16-077,8,8A,recovery,0.1699872898927843,0.5721194891706065,1,False,Sin Riesgo,Random Forest v2,2026-05-25,4.63,5.45,4.37,3.87,4.53,4.83,4.86,4.71,5.51,5.32,confiable,confiable,confiable,confiable,confiable,orientativo,confiable,confiable,orientativo,no_viable,3.9589820000000002,4.848125,3.258266055045871,3.2786666666666666,3.9415714285714287,4.236692307692307,4.533333333333334,3.570922350922351,4.8180000000000005,5.227241486068111,5.113550866188769,6.035892857142857,5.2688749999999995,4.607619047619048,5.1,5.4552564102564105,5.357925849105523,5.832200772200771,6.187716430358632,5.496650326797385,1.1545688661887685,1.1877678571428572,2.0106089449541287,1.3289523809523813,1.158428571428571,1.2185641025641036,0.8245925157721885,2.26127842127842,1.3697164303586318,0.26940884072927407,1.278,1,Riesgo multidimensional,4.733333333333333,4.966666666666667,0.23333333333333334,0,1,61,0,0,0,1,3.9,0,4.3,4.6,5.0,5.3,5.3,4.6,4.2,4.9,4.6,4.3,3.9,3.1,4.9,5.2,2.9,4.4,4.2,4.8,4.8,4.3,4.7,4.8,7.0,4.4,5.6,5.3,3.8,,,,3.32,2.05,3.18,3.85,2.43,3.55,3.18,1.15,1.83,,60.7,20,2,24,61,0,0,0.5721194891706065,0.7421067790633908,23 de May de 2026,23_05_26
16-011,8,8A,recovery,0.1218743567747091,0.6684217705255724,1,False,Sin Riesgo,Random Forest v2,2026-05-25,4.55,5.21,4.25,3.9,4.66,4.86,4.95,4.73,5.59,5.29,confiable,confiable,confiable,confiable,confiable,orientativo,confiable,confiable,orientativo,no_viable,3.918,4.057333333333334,3.2542660550458717,3.2245,4.166477272727273,4.242648351648351,4.65,3.6770024570024575,5.0360000000000005,5.158470588235295,5.017720387096774,5.8384375,5.216972477064219,4.4551333333333325,5.118409090909092,5.444560439560439,5.4307500000000015,5.752466216216216,6.168542303771661,5.507360294117647,1.0997203870967738,1.7811041666666663,1.9627064220183477,1.2306333333333326,0.9519318181818184,1.2019120879120875,0.7807500000000012,2.075463759213758,1.1325423037716602,0.34888970588235235,1.257,1,Riesgo multidimensional,4.422222222222222,5.155555555555555,0.7333333333333334,1,0,36,1,1,4,1,4.4,1,5.1,5.1,4.0,4.2,4.8,3.6,4.2,4.9,4.3,3.4,4.4,3.3,5.0,5.0,4.8,4.1,4.6,4.1,4.3,5.0,4.7,4.2,7.0,4.4,5.3,5.6,5.8,,,,2.35,3.25,3.18,4.15,2.5,3.48,3.02,1.6,1.83,,58.3,10,2,15,36,1,1,0.6684217705255724,0.7902961273002815,23 de May de 2026,23_05_26
25-239,8,8A,no_risk,0.06374888761444061,0.7362769560506879,0,False,Sin Riesgo,Random Forest v2,2026-05-25,5.1,5.92,4.78,4.64,5.18,5.21,5.36,5.61,5.97,5.31,confiable,confiable,confiable,confiable,confiable,orientativo,confiable,confiable,orientativo,no_viable,4.526232304147466,5.1765,3.606009174311927,3.625714285714286,4.247399209486166,4.710857142857143,5.035714285714286,4.150761904761905,5.406242060691602,5.199411764705882,6.2675,6.857428571428571,6.099999999999999,5.825499999999999,5.929166666666666,5.701428571428572,5.922370129870129,6.963999999999999,6.722385321100917,5.480832219251337,1.7412676958525344,1.6809285714285709,2.493990825688072,2.199785714285713,1.6817674571805004,0.9905714285714291,0.8866558441558432,2.813238095238094,1.3161432604093148,0.2814204545454544,1.609,0,Rendimiento sólido,5.366666666666667,5.844444444444444,0.47777777777777797,1,0,55,0,0,0,2,4.8,0,5.7,5.4,6.0,6.7,5.9,7.0,4.8,4.8,5.5,2.8,5.4,5.6,6.0,5.9,6.2,5.2,5.9,5.9,5.2,6.0,6.7,5.8,7.0,6.8,6.1,6.3,6.7,,,,1.67,1.0,2.8,3.85,1.08,1.67,1.6,1.0,1.0,,58.2,4,1,23,55,0,0,0.19997415633487153,0.2637230439493121,23 de May de 2026,23_05_26
15-023,8,8A,no_risk,0.0036051830943423487,0.9376822938773712,0,False,Sin Riesgo,Random Forest v2,2026-05-25,5.27,6.12,5.23,4.73,5.48,5.48,5.45,5.77,6.2,5.34,confiable,confiable,confiable,confiable,confiable,orientativo,confiable,confiable,orientativo,no_viable,4.66611583400999,5.278125,3.9082226416750805,3.9475000000000002,4.737727272727272,4.848589743589743,5.035714285714286,4.319538461538462,5.648185524974516,5.226582480818415,6.213323333333332,7.0,6.3,5.706666666666666,6.273000000000001,6.3,5.909642857142857,7.0,6.851,5.495882352941176,1.547207499323342,1.7218749999999998,2.3917773583249193,1.7591666666666659,1.5352727272727282,1.4514102564102567,0.8739285714285714,2.680461538461538,1.2028144750254839,0.26929987212276085,1.543,0,Rendimiento sólido,5.644444444444445,5.833333333333333,0.1888888888888891,0,0,35,0,0,0,2,5.0,0,5.1,5.0,5.3,6.0,5.4,7.0,5.9,5.5,6.3,4.7,5.5,4.7,5.5,5.9,5.9,6.2,6.4,5.4,4.5,5.9,5.7,6.3,7.0,7.0,6.6,5.9,6.2,,,,2.43,1.45,1.45,2.35,1.45,1.0,2.2,1.0,1.0,,62.9,9,4,13,35,0,0,0.05871252302828644,0.06231770612262879,23 de May de 2026,23_05_26
25-195,8,8A,no_risk,0.12863479113191376,0.4409669829293651,0,False,Sin Riesgo,Random Forest v2,2026-05-25,4.68,5.45,4.26,4.17,4.97,5.19,5.19,5.16,5.76,5.26,confiable,confiable,confiable,confiable,confiable,orientativo,confiable,confiable,orientativo,no_viable,4.047499999999999,4.93,3.3793404689092768,3.40047619047619,4.036262237762239,4.682339743589743,4.866315789473685,4.166666666666667,5.2875,5.11655462184874,5.105086105137396,6.110533333333334,5.086917048929662,5.038571428571428,5.7209797979797985,5.618942307692306,5.766666666666667,6.469,6.247177370030581,5.480021390374331,1.0575861051373963,1.1805333333333339,1.707576580020385,1.638095238095238,1.6847175602175595,0.9366025641025626,0.9003508771929818,2.3023333333333333,0.9596773700305814,0.36346676852559057,1.273,0,Rendimiento sólido,5.188888888888888,5.044444444444444,-0.14444444444444451,0,0,43,0,0,0,1,4.1,0,5.3,4.6,5.6,4.9,4.3,6.4,4.6,4.3,4.5,4.1,4.1,5.0,5.3,6.4,5.2,4.9,4.5,4.8,5.4,5.2,6.0,5.9,6.0,6.8,6.3,6.0,5.5,,,,2.58,3.1,3.33,3.85,1.23,2.95,2.05,1.08,1.0,,60.5,6,1,17,43,0,0,0.43039822593872146,0.5590330170706352,23 de May de 2026,23_05_26
20-178,8,8A,no_risk,0.018521373572714377,0.8317395272380393,0,False,Sin Riesgo,Random Forest v2,2026-05-25,4.96,5.94,4.76,4.5,5.18,5.29,5.31,5.66,5.94,5.28,confiable,confiable,confiable,confiable,confiable,orientativo,confiable,confiable,orientativo,no_viable,4.53891470046083,5.248749999999999,3.7582142857142853,3.730087719298245,4.548333333333333,4.737948717948718,5.007142857142858,4.215714285714286,5.477963302752293,5.165588235294117,5.352071747725392,6.720000000000001,5.77,5.553571428571428,5.830333333333333,5.776849112426036,5.795,6.92,6.4591666666666665,5.392331314878892,0.8131570472645624,1.4712500000000013,2.0117857142857143,1.8234837092731828,1.282,1.0389003944773183,0.7878571428571419,2.7042857142857137,0.9812033639143731,0.22674307958477513,1.314,0,Rendimiento sólido,5.466666666666667,5.4111111111111105,-0.05555555555555555,0,0,61,0,0,0,1,4.9,0,4.9,4.9,5.3,6.6,5.5,4.9,4.6,5.1,4.7,4.4,4.9,5.0,4.9,5.4,5.8,5.9,6.1,5.5,5.5,5.2,5.3,5.8,6.0,6.8,6.6,5.6,5.5,,,,2.65,1.0,2.73,3.02,2.28,1.0,1.98,1.15,1.0,,52.5,8,1,29,61,0,0,0.14973909918924624,0.16826047276196063,23 de May de 2026,23_05_26
17-190,8,8A,critical,0.31373447766119955,0.42477220811692107,0,False,Riesgo Teórico,Random Forest v2,2026-05-25,4.47,5.08,4.2,4.0,4.64,5.0,4.91,4.67,5.49,5.27,confiable,confiable,confiable,confiable,confiable,orientativo,confiable,confiable,orientativo,no_viable,3.6461418181818184,4.16,3.1225,3.0666666666666664,4.015,4.524625374625375,4.4275,3.5597297297297303,4.578584236864054,5.074779411764706,5.0088171505376335,5.680953177257525,5.225833333333334,4.9957142857142856,5.153636363636363,5.5,5.517857142857142,5.75,6.100293577981652,5.487904411764705,1.3626753323558152,1.5209531772575247,2.103333333333334,1.9290476190476191,1.1386363636363637,0.9753746253746254,1.0903571428571421,2.1902702702702697,1.5217093411175977,0.4131249999999991,1.425,1,Riesgo multidimensional,4.855555555555556,4.622222222222223,-0.2333333333333332,0,1,39,0,0,0,0,3.2,1,5.1,5.3,2.6,5.0,3.2,6.1,4.5,4.3,5.4,4.0,4.2,4.5,5.6,5.2,5.3,4.1,4.5,3.8,4.6,5.3,4.3,4.6,5.0,4.0,6.2,4.6,5.5,,,,2.2,3.85,3.4,3.85,1.9,3.55,2.58,2.8,1.9,,69.2,13,2,12,39,0,0,0.42477220811692107,0.7385066857781206,23 de May de 2026,23_05_26
22-163,8,8A,recovery,0.23451622905567188,0.5628497505030309,2,False,Sin Riesgo,Random Forest v2,2026-05-25,4.74,5.17,3.96,4.33,4.32,5.0,4.5,4.75,5.76,5.21,confiable,confiable,confiable,confiable,confiable,orientativo,confiable,confiable,orientativo,no_viable,4.289,4.3325,2.6980428134556576,3.0949999999999998,3.598,4.5,2.6,3.05,5.028510938602682,4.779470588235293,5.10043001344086,5.790526315789474,5.036467889908257,6.137,4.9351594896331745,5.475,5.244041353383459,6.258333333333333,6.751666666666667,5.42756862745098,0.8114300134408605,1.4580263157894748,2.3384250764526,3.042,1.3371594896331747,0.9749999999999996,2.6440413533834586,3.208333333333333,1.7231557280639853,0.6480980392156868,1.819,1,Riesgo multidimensional,4.633333333333333,4.655555555555556,0.02222222222222224,2,0,74,0,1,3,0,4.1,0,5.6,5.4,5.0,5.3,4.6,5.6,3.7,4.1,3.7,4.2,4.8,4.2,4.3,4.3,4.1,3.5,4.7,2.9,5.8,4.3,4.7,4.8,5.0,4.0,4.5,4.7,6.7,,,,1.75,2.58,4.15,3.25,3.55,3.85,2.42,2.65,3.1,,45.9,7,4,40,74,0,1,0.5628497505030309,0.7973659795587027,23 de May de 2026,23_05_26
15-037,8,8A,recovery,0.15209240201174698,0.654257825565074,1,False,Sin Riesgo,Random Forest v2,2026-05-25,4.6,5.4,4.3,3.96,4.63,4.86,4.92,4.83,5.61,5.29,confiable,confiable,confiable,confiable,confiable,orientativo,confiable,confiable,orientativo,no_viable,3.992166666666667,4.883809523809523,3.2425,3.0666666666666664,4.0838068181818175,4.310262237762237,4.697857142857143,3.8690663390663396,4.933333333333334,5.192859477124181,5.060537204301075,5.975833333333333,5.349219862706101,4.867037037037037,5.1014898989898985,5.388115384615384,5.4307500000000015,5.999350821409644,6.320481651376147,5.480948169477581,1.068370537634408,1.09202380952381,2.106719862706101,1.8003703703703708,1.017683080808081,1.0778531468531467,0.7328928571428586,2.1302844823433045,1.3871483180428132,0.2880886923533996,1.27,1,Riesgo multidimensional,4.211111111111111,5.0777777777777775,0.8666666666666667,2,0,44,1,1,4,0,4.3,0,4.3,5.0,4.2,5.2,4.8,3.5,4.0,4.3,4.4,2.8,4.6,3.7,4.1,5.8,4.7,4.1,5.0,4.1,3.9,4.6,4.7,4.4,6.0,4.4,5.1,5.6,4.5,,,,3.02,2.5,3.78,4.45,2.58,3.18,3.63,2.2,1.98,,50.0,8,2,22,44,1,1,0.654257825565074,0.806350227576821,23 de May de 2026,23_05_26
25-193,8,8A,no_risk,0.049133125571972705,0.7786955943724387,1,False,Sin Riesgo,Random Forest v2,2026-05-25,5.19,5.9,4.76,4.79,5.18,5.31,5.47,5.53,6.07,5.3,confiable,confiable,confiable,confiable,confiable,orientativo,confiable,confiable,orientativo,no_viable,4.610194450844855,5.030666666666667,3.4483333333333337,3.652619047619047,3.9388571428571426,4.736686390532544,5.035714285714286,3.966666666666667,5.406192660550459,5.138539215686274,6.351666666666667,6.882999999999999,6.203333333333333,6.126888888888888,6.227499999999999,5.9375,6.101111111111112,7.0,6.824769230769229,5.614857142857143,1.7414722158218119,1.8523333333333323,2.7549999999999994,2.474269841269841,2.2886428571428565,1.2008136094674562,1.0653968253968262,3.033333333333333,1.4185765702187707,0.47631792717086885,1.831,0,Rendimiento sólido,5.888888888888888,5.944444444444445,0.05555555555555555,1,0,37,0,0,0,5,4.6,0,5.8,5.6,5.5,6.7,6.3,6.9,5.4,4.6,4.9,3.8,4.7,3.4,5.8,6.4,5.7,6.8,6.7,6.3,5.8,5.8,5.7,6.0,7.0,7.0,6.9,6.4,6.7,,,,1.45,1.0,2.5,3.63,1.0,1.0,1.3,1.0,1.0,,54.1,2,3,17,37,0,0,0.1721712800555884,0.2213044056275611,23 de May de 2026,23_05_26
14-004,8,8B,no_risk,0.004497878929053331,0.9513944253019876,0,False,Sin Riesgo,Random Forest v2,2026-05-25,6.28,6.53,5.87,5.55,5.73,5.35,5.64,5.85,6.47,5.34,confiable,confiable,confiable,confiable,confiable,orientativo,confiable,confiable,orientativo,no_viable,5.20999,5.875,5.029051987767584,4.9225,4.667792207792208,4.922499999999999,5.035714285714286,4.439333333333333,5.578,5.291176470588234,7.0,7.0,6.366666666666667,6.257499999999999,6.4,5.833333333333333,6.075,7.0,6.951,5.49229831932773,1.7900099999999997,1.125,1.337614678899083,1.334999999999999,1.7322077922077925,0.9108333333333336,1.0392857142857146,2.560666666666667,1.3729999999999993,0.20112184873949612,1.34,0,Rendimiento sólido,6.033333333333333,6.222222222222221,0.1888888888888888,0,0,6,0,0,0,6,5.6,0,5.2,6.0,7.0,7.0,6.2,7.0,5.8,6.3,6.1,5.3,5.8,6.1,6.2,6.1,5.6,5.3,5.6,5.0,5.8,6.1,6.0,6.9,7.0,5.6,6.8,6.9,6.7,,,,1.6,1.0,1.0,1.68,1.0,1.83,1.07,1.0,1.0,,66.7,3,0,2,6,0,0,0.044107695768959294,0.048605574698012625,23 de May de 2026,23_05_26
22-220,8,8B,no_risk,0.0012278047021738556,0.9410285819381682,0,False,Sin Riesgo,Random Forest v2,2026-05-25,6.06,6.68,5.91,5.61,5.89,5.16,5.67,6.55,5.83,5.33,confiable,confiable,confiable,confiable,confiable,orientativo,confiable,confiable,orientativo,no_viable,5.249,5.962857142857143,5.0305963302752295,4.9075,5.01,4.8,5.078961038961039,5.177,4.7,5.291176470588234,6.651666666666666,7.0,6.385714285714286,6.21125,6.5,5.75,6.0,7.0,6.92,5.493205882352941,1.4026666666666667,1.0371428571428574,1.3551179554390567,1.30375,1.4900000000000002,0.9500000000000002,0.9210389610389607,1.8230000000000004,2.2199999999999998,0.20202941176470635,1.27,0,Rendimiento sólido,6.122222222222223,6.0777777777777775,-0.044444444444444585,0,0,27,0,0,0,4,5.3,0,6.0,6.3,6.1,7.0,6.6,7.0,6.0,5.3,5.9,5.7,6.0,6.4,6.4,5.8,6.1,6.3,6.6,5.0,5.2,5.7,6.0,6.4,7.0,7.0,6.1,5.4,4.7,,,,1.0,1.0,1.53,1.23,1.0,1.0,1.82,1.0,1.37,,66.7,3,1,9,27,0,0,0.05774361335965819,0.058971418061832044,23 de May de 2026,23_05_26
15-018,8,8A,no_risk,0.08267053278303306,0.46999976970965407,0,False,Sin Riesgo,Random Forest v2,2026-05-25,4.61,5.45,4.56,4.04,4.75,4.87,4.99,4.91,5.5,5.33,confiable,confiable,confiable,confiable,confiable,orientativo,confiable,confiable,orientativo,no_viable,3.8910032258064517,4.798508771929824,3.389859327217126,3.388333333333333,4.175333333333334,4.249076923076923,4.738098330241188,3.8275061425061425,4.8,5.227264705882353,5.137192490399385,6.039285714285714,5.4325,4.643703703703704,5.236545454545455,5.534166666666668,5.4390247252747255,6.144195624195625,6.187610091743119,5.488359728506786,1.246189264592933,1.2407769423558896,2.0426406727828743,1.2553703703703705,1.0612121212121215,1.2850897435897446,0.7009263950335374,2.3166894816894823,1.3876100917431193,0.26109502262443307,1.28,0,Rendimiento sólido,4.855555555555556,5.0,0.14444444444444424,0,0,48,1,0,1,1,4.2,1,5.4,5.1,5.3,5.9,4.8,6.4,4.0,4.5,5.3,4.1,4.2,4.0,5.5,6.2,4.8,4.0,5.1,4.3,4.4,4.6,5.0,4.7,5.0,4.3,5.7,5.5,4.1,,,,2.12,1.98,3.62,3.78,1.23,3.18,3.25,2.72,1.6,,64.6,15,1,17,48,1,0,0.44732969750731294,0.530000230290346,23 de May de 2026,23_05_26
19-030,8,8B,no_risk,0.0030737208065305124,0.956701497835531,0,False,Sin Riesgo,Random Forest v2,2026-05-25,6.48,6.71,6.28,5.72,6.37,5.72,5.92,6.54,6.61,5.38,confiable,confiable,confiable,confiable,confiable,orientativo,confiable,confiable,orientativo,no_viable,6.136995,6.241,5.8,5.2867500000000005,5.9225,5.107692307692307,5.31726345083488,5.237,5.75,5.291176470588234,6.722500000000001,7.0,6.635,6.251,6.859999999999999,6.2265,6.446,7.0,7.0,5.563725490196078,0.5855050000000013,0.7590000000000003,0.835,0.9642499999999998,0.9374999999999991,1.1188076923076924,1.1287365491651196,1.763,1.25,0.27254901960784395,0.961,0,Rendimiento sólido,6.6000000000000005,6.588888888888889,-0.01111111111111127,0,0,38,0,0,0,9,6.1,0,6.9,6.8,6.9,6.9,6.2,7.0,6.2,6.7,6.7,6.5,6.6,6.4,6.6,6.8,7.0,6.8,6.1,6.0,6.1,6.8,6.3,6.7,7.0,7.0,6.7,6.3,7.0,,,,1.0,1.0,1.0,1.0,1.0,1.0,1.0,1.0,1.0,,52.6,8,1,18,38,0,0,0.040224781357938486,0.043298502164469,23 de May de 2026,23_05_26
23-151,8,8B,no_risk,0.0007798242420288979,0.9413368071177971,0,False,Sin Riesgo,Random Forest v2,2026-05-25,6.3,6.75,6.15,5.69,6.18,5.24,5.73,6.51,5.85,5.35,confiable,confiable,confiable,confiable,confiable,orientativo,confiable,confiable,orientativo,no_viable,5.893333076923077,6.295,5.696923076923077,5.295,5.653272727272728,4.8,5.238642857142857,5.128333333333334,4.7,5.291176470588234,6.7,7.0,6.481999999999999,6.146,6.6080000000000005,6.0183333333333335,6.0755,7.0,6.95,5.495588235294117,0.8066669230769232,0.7050000000000001,0.7850769230769226,0.851,0.9547272727272729,1.2183333333333337,0.8368571428571432,1.8716666666666661,2.25,0.20441176470588296,1.048,0,Rendimiento sólido,6.0777777777777775,6.2666666666666675,0.188888888888889,0,0,52,1,0,1,5,5.7,1,6.3,6.7,6.4,7.0,6.9,7.0,5.3,6.0,6.4,5.8,5.9,6.6,6.0,6.0,6.7,5.5,6.1,4.7,6.1,6.1,5.7,6.9,7.0,7.0,5.8,5.7,5.2,,,,1.0,1.0,1.53,1.22,1.0,1.3,1.0,1.0,1.37,,53.8,2,0,24,52,1,0,0.0578833686401741,0.058663192882202994,23 de May de 2026,23_05_26
15-010,8,8B,no_risk,0.10096810212416672,0.45149508471798916,0,False,Sin Riesgo,Random Forest v2,2026-05-25,4.79,5.54,4.4,4.16,4.88,4.97,5.13,5.06,5.71,5.31,confiable,confiable,confiable,confiable,confiable,orientativo,confiable,confiable,orientativo,no_viable,4.061857142857143,4.975,3.3,3.3173636363636363,4.173022727272727,4.348626373626373,4.736464285714287,3.7830000000000004,5.0,5.199133126934984,5.348571428571428,6.4407499999999995,5.4435,5.3325,5.702857142857142,5.54302036199095,5.578960084033613,6.726,6.603000000000001,5.486323529411764,1.286714285714285,1.4657499999999999,2.1435000000000004,2.0151363636363633,1.529834415584415,1.1943939883645776,0.8424957983193266,2.9429999999999996,1.6030000000000006,0.28719040247677974,1.531,1,Riesgo multidimensional,5.088888888888889,5.333333333333334,0.24444444444444446,1,0,30,1,1,4,2,4.2,0,5.3,5.2,5.9,5.5,6.2,7.0,4.5,5.0,3.7,3.7,4.2,4.6,4.9,5.4,5.1,4.9,4.4,4.3,5.9,5.0,5.0,4.8,7.0,5.7,6.3,5.6,5.3,,,,2.12,1.23,2.88,4.07,2.28,3.03,1.82,1.15,1.08,,73.3,8,1,8,30,1,1,0.44753681315784416,0.5485049152820108,23 de May de 2026,23_05_26
15-081,8,8B,critical,0.32867684024560373,0.4486419227164085,0,False,Riesgo Teórico,Random Forest v2,2026-05-25,4.73,5.65,4.71,3.96,4.74,4.82,4.91,5.1,5.71,5.33,confiable,confiable,confiable,confiable,confiable,orientativo,confiable,confiable,orientativo,no_viable,4.26114670250896,5.005999999999999,3.2542660550458717,3.1966666666666668,4.10814393939394,4.183000000000001,4.533333333333334,3.7830000000000004,5.226238532110091,5.247630090497736,5.2190960967741935,6.395833333333333,6.303750000000001,4.824,5.201999999999999,5.43030303030303,5.378270676691728,6.4366666666666665,6.2170000000000005,5.495588235294117,0.9579493942652331,1.3898333333333337,3.049483944954129,1.627333333333333,1.0938560606060594,1.247303030303029,0.844937343358394,2.653666666666666,0.9907614678899099,0.24795814479638079,1.41,1,Riesgo multidimensional,4.888888888888889,5.011111111111111,0.12222222222222218,1,2,32,0,0,0,2,3.7,0,4.6,3.8,4.8,6.2,5.1,6.5,3.2,3.7,6.3,4.1,5.1,4.5,5.6,5.6,4.9,4.0,4.2,4.0,4.5,4.5,4.7,5.6,7.0,6.2,6.2,6.1,6.5,,,,3.7,1.53,4.82,3.1,1.6,3.85,3.25,1.0,1.0,,62.5,3,0,12,32,0,0,0.4486419227164085,0.7773187629620122,23 de May de 2026,23_05_26
24-022,8,8B,no_risk,0.003966416641241494,0.9515055238028691,0,False,Sin Riesgo,Random Forest v2,2026-05-25,6.33,6.4,5.89,5.55,5.93,5.57,5.72,5.61,6.6,5.37,confiable,confiable,confiable,confiable,confiable,orientativo,confiable,confiable,orientativo,no_viable,5.553196532258065,5.766666666666666,4.9497094801223245,5.096,5.263606060606061,4.997884615384615,5.218095238095238,3.966666666666667,5.785502948885976,5.291176470588234,7.0,7.0,6.368571428571429,6.2,6.5,6.2410000000000005,6.110035714285715,7.0,7.0,5.545416666666666,1.446803467741935,1.2333333333333343,1.4188619484491047,1.104,1.2363939393939392,1.2431153846153853,0.8919404761904772,3.033333333333333,1.2144970511140238,0.25424019607843196,1.308,0,Rendimiento sólido,6.055555555555555,6.322222222222222,0.2666666666666667,0,0,48,0,0,0,6,5.3,0,6.5,6.6,7.0,6.1,6.7,6.1,5.5,6.8,6.1,5.7,6.2,5.2,6.2,6.0,5.9,6.0,5.3,6.0,5.7,6.4,6.0,6.3,7.0,5.0,6.5,5.9,7.0,,,,1.0,1.0,1.0,1.08,1.0,1.53,1.0,1.0,1.0,,39.6,3,2,29,48,0,0,0.04452805955588944,0.04849447619713093,23 de May de 2026,23_05_26
25-148,8,8B,critical,0.3560296316767693,0.3560296316767693,0,False,Riesgo Teórico,Random Forest v2,2026-05-25,4.99,5.36,4.23,5.08,4.35,5.17,4.75,5.04,5.97,5.24,confiable,confiable,confiable,confiable,confiable,orientativo,confiable,confiable,orientativo,no_viable,4.382844064516129,3.95,3.1970642201834867,3.4,3.3770000000000002,4.827846153846155,2.344047619047619,2.2866666666666666,5.283333333333333,4.966862745098039,5.566651666666666,6.233333333333334,5.014385321100918,6.6,5.33560606060606,5.529714285714286,6.019464285714285,7.0,6.699999999999999,5.4815588235294115,1.1838076021505373,2.283333333333334,1.8173211009174315,3.1999999999999997,1.9586060606060598,0.7018681318681317,3.675416666666666,4.713333333333333,1.416666666666666,0.5146960784313723,2.147,1,Riesgo multidimensional,5.388888888888889,4.7444444444444445,-0.6444444444444443,0,2,31,0,0,0,1,3.2,0,5.6,4.4,4.4,4.7,3.3,6.1,5.6,5.7,4.8,4.6,4.2,3.9,5.6,4.7,5.0,4.2,3.2,4.7,6.0,5.5,5.7,5.8,7.0,1.6,6.4,4.7,5.0,,,,2.5,4.0,1.53,3.4,2.28,4.45,1.38,1.0,1.68,,38.7,4,0,19,31,0,0,0.3466277634094069,0.7026573950861762,23 de May de 2026,23_05_26
19-049,8,8B,no_risk,0.020346590488995623,0.7729807466825477,0,False,Sin Riesgo,Random Forest v2,2026-05-25,4.62,5.72,4.68,4.29,5.02,5.19,5.36,5.41,5.94,5.27,confiable,confiable,confiable,confiable,confiable,orientativo,confiable,confiable,orientativo,no_viable,3.8729029032258064,5.1125,3.612857142857143,3.5831818181818185,4.13439393939394,4.616888888888888,5.035714285714286,4.150144787644788,5.398613659531091,5.089382352941176,5.1214228673835125,6.43975,6.0775,5.093142857142857,5.690476190476191,5.7615,5.911476190476191,6.75,6.6000000000000005,5.433516746411484,1.248519964157706,1.3272500000000003,2.4646428571428567,1.509961038961039,1.556082251082251,1.1446111111111117,0.8757619047619052,2.5998552123552123,1.2013863404689094,0.3441343934703074,1.427,0,Rendimiento sólido,5.322222222222222,5.71111111111111,0.3888888888888889,0,0,80,0,0,0,4,4.5,0,5.3,5.1,2.3,5.1,5.3,6.2,4.7,5.0,6.3,5.0,5.4,4.4,5.5,6.1,4.8,5.7,4.5,4.7,4.0,6.2,6.0,6.0,7.0,6.7,6.6,6.8,7.0,,,,2.2,2.2,2.72,2.2,1.3,2.35,2.35,1.0,1.0,,41.2,3,0,47,80,0,0,0.20667266282845695,0.22701925331745257,23 de May de 2026,23_05_26
22-165,8,8B,recovery,0.23307562768113727,0.5811155760115982,0,False,Sin Riesgo,Random Forest v2,2026-05-25,4.59,5.43,4.51,4.42,4.38,4.88,4.79,5.16,5.59,5.28,confiable,confiable,confiable,confiable,confiable,orientativo,confiable,confiable,orientativo,no_viable,3.8136457820136855,4.812258771929824,3.1599999999999997,3.403333333333333,3.425,4.312368881118881,4.147576530612245,4.092,4.93375,5.1410294117647055,5.185017240143369,6.010000000000001,5.621333333333333,6.050555555555556,5.010291866028708,5.41815987933635,5.394436090225563,7.0,6.246320081549439,5.4460588235294125,1.3713714581296839,1.1977412280701767,2.4613333333333336,2.6472222222222235,1.585291866028708,1.1057909982174685,1.246859559613318,2.9080000000000004,1.3125700815494392,0.305029411764707,1.614,1,Riesgo multidimensional,5.077777777777778,5.01111111111111,-0.06666666666666672,1,1,13,2,0,2,1,3.8,0,5.1,3.8,3.4,5.5,4.9,5.9,3.7,4.0,5.5,5.4,5.7,4.4,4.6,4.6,3.8,4.7,4.6,4.3,4.9,5.1,5.0,6.0,7.0,4.8,5.8,5.4,3.2,,,,3.33,2.2,4.22,1.67,3.1,3.02,2.5,1.0,1.6,,46.2,5,0,7,13,2,0,0.5811155760115982,0.8141912036927355,23 de May de 2026,23_05_26
25-232,8,8B,critical,0.4546448518878028,0.4546448518878028,0,False,Riesgo Teórico,Random Forest v2,2026-05-25,4.61,5.35,4.26,3.82,4.5,4.9,4.8,4.51,5.74,5.31,confiable,confiable,confiable,confiable,confiable,orientativo,confiable,confiable,orientativo,no_viable,3.7974999999999994,4.557857142857142,3.038857142857143,2.7,3.6299999999999994,4.2975,4.016071428571428,2.1599999999999997,5.2409945788156795,5.178382352941177,5.076343010752688,5.974285714285715,5.621333333333333,4.868888888888889,5.180571428571429,5.47967298402081,5.520833333333333,6.002857142857143,6.361777777777778,5.573088235294117,1.2788430107526887,1.4164285714285727,2.58247619047619,2.1688888888888886,1.5505714285714292,1.1821729840208093,1.5047619047619047,3.842857142857143,1.1207831989620987,0.39470588235294013,1.704,1,Riesgo multidimensional,,5.133333333333334,,0,1,24,1,0,1,2,3.3,0,,4.1,5.3,,4.4,7.0,,3.3,3.4,,6.0,5.1,,6.2,5.2,,4.4,4.5,,4.8,5.7,,7.0,4.9,,6.0,5.3,,,,,,,,,,,,,,37.5,3,0,15,24,1,0,0.42732873422140727,0.8819735861092101,23 de May de 2026,23_05_26
15-029,8,8B,no_risk,0.04512003246626468,0.7701787885543057,0,False,Sin Riesgo,Random Forest v2,2026-05-25,4.93,6.0,4.96,4.49,5.16,5.15,5.22,5.6,5.91,5.28,confiable,confiable,confiable,confiable,confiable,orientativo,confiable,confiable,orientativo,no_viable,4.433736236559139,5.262857142857142,3.725428571428572,3.6277142857142857,4.198571428571428,4.558000000000001,4.892857142857142,3.8474774774774776,5.288,5.193494117647058,5.4759583824664295,7.0,6.230250000000001,5.760769230769231,5.9,5.688888888888888,5.7675,6.853,6.529166666666667,5.429003267973855,1.0422221459072905,1.7371428571428584,2.5048214285714288,2.1330549450549454,1.701428571428572,1.1308888888888875,0.8746428571428577,3.005522522522522,1.2411666666666665,0.23550915032679764,1.561,0,Rendimiento sólido,5.244444444444444,5.466666666666667,0.2222222222222222,0,0,61,1,0,1,1,4.6,0,4.9,5.2,5.1,5.8,5.4,7.0,4.7,5.4,6.5,4.4,5.4,3.9,4.8,5.9,5.9,5.3,4.8,4.7,5.0,4.6,5.0,5.9,7.0,6.4,6.4,5.5,5.7,,,,2.43,1.6,2.42,2.65,1.98,2.43,2.8,1.0,1.08,,34.4,1,2,40,61,1,0,0.1847011789794296,0.22982121144569426,23 de May de 2026,23_05_26
16-076,8,8B,no_risk,0.006164933660593168,0.914334787932919,0,False,Sin Riesgo,Random Forest v2,2026-05-25,5.27,6.26,5.19,4.92,5.34,5.18,5.39,5.86,6.25,5.32,confiable,confiable,confiable,confiable,confiable,orientativo,confiable,confiable,orientativo,no_viable,4.572070403225807,5.474166666666665,4.298042813455657,3.9300000000000006,4.556428571428572,4.5267307692307694,5.035714285714286,3.885,5.626965923984272,5.231617647058823,6.252808974358975,7.0,6.143571428571429,6.127999999999999,6.1,5.804903846153846,5.898214285714286,7.0,6.921333333333333,5.495588235294117,1.6807385711331682,1.5258333333333347,1.8455286151157715,2.1979999999999986,1.5435714285714273,1.2781730769230766,0.8625000000000007,3.115,1.2943674093490607,0.26397058823529385,1.561,0,Rendimiento sólido,5.666666666666667,6.099999999999999,0.4333333333333333,0,0,41,0,0,0,5,5.0,0,5.7,5.0,4.7,6.7,6.4,7.0,5.0,6.5,5.0,4.6,6.0,4.8,5.9,6.1,5.9,5.4,5.4,4.0,5.7,5.7,5.3,5.3,7.0,7.0,6.7,6.8,6.5,,,,1.98,1.0,1.38,2.05,1.0,1.9,1.45,1.0,1.0,,34.1,2,0,27,41,0,0,0.07950027840648789,0.08566521206708105,23 de May de 2026,23_05_26
19-113,8,8B,critical,0.7316724516002083,0.7316724516002083,4,True,Riesgo Confirmado,Random Forest v2,2026-05-25,4.28,5.47,4.27,3.3,4.01,4.71,4.69,3.13,6.07,5.29,confiable,confiable,confiable,confiable,confiable,orientativo,confiable,confiable,orientativo,no_viable,3.5916725,4.864,3.472885321100918,1.9,2.5,4.276923076923077,3.0917857142857144,1.1179999999999999,5.275,5.257146542827657,4.954403646138807,6.2,5.105044481512371,4.355263157894736,4.913333333333333,5.195384615384616,5.421785714285715,5.415619107479572,6.8,5.430213235294117,1.3627311461388065,1.3360000000000003,1.6321591604114527,2.4552631578947364,2.413333333333333,0.9184615384615391,2.3300000000000005,4.297619107479573,1.5249999999999995,0.17306669246645967,1.844,1,Riesgo multidimensional,4.5777777777777775,4.2555555555555555,-0.322222222222222,2,4,73,1,1,4,1,2.6,0,5.3,3.0,3.7,4.5,2.6,5.4,3.1,4.2,4.1,3.1,3.5,3.4,4.6,4.9,3.9,4.3,3.6,4.0,5.3,4.7,5.2,5.4,7.0,2.1,5.6,4.8,6.1,,,,3.78,4.68,4.53,5.05,2.88,4.07,2.5,1.0,2.2,,54.8,18,1,33,73,1,1,0.2212052555389024,0.9528777071391108,23 de May de 2026,23_05_26
22-234,8,8B,critical,0.60945783389458,0.60945783389458,2,False,Riesgo Teórico,Random Forest v2,2026-05-25,4.79,5.28,4.22,4.37,4.17,4.92,4.39,4.9,5.8,5.22,confiable,confiable,confiable,confiable,confiable,orientativo,confiable,confiable,orientativo,no_viable,4.33572476702509,4.4857499999999995,2.6980428134556576,3.0709523809523813,3.1483333333333334,4.3970414201183425,2.47,2.78875,5.156428571428572,4.924579831932773,5.185729252199414,5.95375,5.59357894736842,6.199999999999999,5.044575216450216,5.386153846153846,5.1467857142857145,6.701513513513514,6.522935779816514,5.4037700534759345,0.850004485174324,1.4680000000000009,2.8955361339127625,3.129047619047618,1.8962418831168826,0.9891124260355033,2.6767857142857143,3.912763513513514,1.366507208387942,0.4791902215431616,1.966,1,Riesgo multidimensional,4.222222222222222,4.588888888888889,0.36666666666666675,3,2,47,0,0,0,1,3.5,1,6.1,4.3,4.2,3.4,4.4,7.0,2.5,3.5,5.1,4.2,3.6,3.6,4.9,4.2,5.1,2.6,4.9,4.7,4.4,4.5,4.7,4.2,7.0,6.8,5.7,4.9,6.0,,,,2.2,4.15,5.5,4.15,3.18,4.37,3.32,1.6,2.05,,48.9,4,1,24,47,0,0,0.3154602864864976,0.9249181203810776,23 de May de 2026,23_05_26
15-082,8,8B,critical,0.5343521480323068,0.5343521480323068,1,False,Riesgo Teórico,Random Forest v2,2026-05-25,4.69,5.48,4.66,3.83,4.68,4.74,4.9,4.87,5.75,5.3,confiable,confiable,confiable,confiable,confiable,orientativo,confiable,confiable,orientativo,no_viable,4.134791458333334,4.948333333333333,3.1966666666666668,3.0490000000000004,4.063352272727273,4.1786666666666665,4.495,3.5647297297297302,5.2155000000000005,5.2067499999999995,5.120862862903226,6.134711538461538,6.351,4.41921568627451,5.168,5.325545454545455,5.357925849105523,6.04136036036036,6.228820081549438,5.4815588235294115,0.9860714045698922,1.1863782051282046,3.154333333333333,1.3702156862745092,1.1046477272727273,1.146878787878788,0.8629258491055225,2.47663063063063,1.0133200815494376,0.27480882352941194,1.358,1,Riesgo multidimensional,4.4,4.688888888888889,0.2888888888888889,2,2,48,1,1,4,1,3.0,0,4.3,4.0,4.1,5.3,4.8,4.9,2.8,3.0,6.8,3.5,3.6,3.9,4.3,4.9,4.9,4.2,4.6,4.3,4.2,4.6,5.0,5.1,7.0,5.6,5.9,5.7,6.5,,,,3.78,2.43,5.65,4.68,3.1,3.4,3.4,1.0,1.3,,50.0,5,3,24,48,1,1,0.41183065621281784,0.9461828042451246,23 de May de 2026,23_05_26
25-044,9,9A,no_risk,0.08536619404332967,0.6439685342471015,1,False,Sin Riesgo,Random Forest v2,2026-05-25,4.99,5.53,4.35,4.79,4.87,5.3,5.35,5.35,5.93,5.29,confiable,confiable,confiable,confiable,confiable,orientativo,confiable,confiable,orientativo,no_viable,4.492892467741934,5.0112499999999995,3.275749791492911,3.566071428571429,3.8040000000000003,4.998917378917379,5.035317460317461,4.173214285714286,5.36335372069317,5.088333333333333,5.879318999999999,6.41460606060606,5.5448623853211,6.103296703296704,5.725479797979798,5.792426035502959,6.008214285714286,7.0,6.6,5.542299019607844,1.3864265322580644,1.4033560606060602,2.2691125938281886,2.537225274725275,1.9214797979797975,0.7935086565855798,0.9728968253968251,2.8267857142857142,1.2366462793068296,0.45396568627451117,1.58,0,Rendimiento sólido,5.305000000000001,5.630000000000001,0.32500000000000007,1,0,21,1,0,1,4,4.4,0,5.05,5.5,5.1,3.3,4.4,3.8,5.3,4.9,3.9,6.3,5.4,6.1,4.9,5.2,5.0,5.1,5.1,6.3,4.2,6.3,4.0,6.3,7.0,7.0,6.7,6.2,5.6,5.9,6.3,5.5,2.09,4.23,2.35,1.23,2.43,2.35,2.13,1.0,1.0,1.0,76.2,11,2,5,21,1,0,0.2706652717095688,0.35603146575289846,23 de May de 2026,23_05_26
22-109,9,9A,no_risk,0.15057368325263817,0.5134114309350709,0,False,Sin Riesgo,Random Forest v2,2026-05-25,4.71,5.19,3.74,3.9,4.71,5.28,5.18,4.59,5.85,5.32,confiable,confiable,confiable,confiable,confiable,orientativo,confiable,confiable,orientativo,no_viable,4.36125,4.255,3.049,2.718,3.7267045454545453,4.826363636363636,4.658839285714286,3.697272727272727,5.197500000000001,5.068245798319327,5.047981426523297,5.8233823529411755,4.647248897891099,5.311666666666666,5.32803475935829,5.846923076923077,5.7693650793650795,5.956469178538144,6.65,5.632622549019608,0.6867314265232967,1.5683823529411756,1.5982488978910987,2.5936666666666657,1.6013302139037444,1.020559440559441,1.110525793650793,2.259196451265417,1.4524999999999997,0.5643767507002808,1.446,0,Rendimiento sólido,4.935,5.825,0.8899999999999999,2,0,9,0,0,0,3,4.7,0,4.45,5.55,5.3,3.8,4.7,5.1,5.0,5.1,3.3,4.7,5.9,4.9,4.7,6.2,4.8,5.2,5.5,5.8,3.2,6.5,6.0,5.5,7.0,5.3,6.8,6.0,6.6,6.0,5.8,5.1,2.5,3.63,2.43,2.05,1.82,1.98,2.72,1.0,1.0,1.15,66.7,1,0,3,9,0,0,0.336014885812291,0.4865885690649292,23 de May de 2026,23_05_26
25-142,9,9A,no_risk,0.05044064485055093,0.705186559849877,0,False,Sin Riesgo,Random Forest v2,2026-05-25,4.85,5.43,4.14,4.46,5.01,5.34,5.47,5.01,5.8,5.28,confiable,confiable,confiable,confiable,confiable,orientativo,confiable,confiable,orientativo,no_viable,4.531925508960574,4.967,3.3270547546235623,3.6,4.262262899262899,4.851442307692308,5.030714285714286,4.1075,5.3105015290519875,5.03721568627451,5.177912003910068,5.930124999999999,4.958701714147754,5.603333333333333,5.702979797979798,5.779230769230769,6.044821428571428,6.4412351825509715,6.273246594384209,5.563834033613445,0.6459864949494936,0.9631249999999998,1.6316469595241916,2.0033333333333325,1.4407168987168992,0.9277884615384613,1.0141071428571422,2.3337351825509716,0.9627450653322214,0.5266183473389354,1.245,0,Rendimiento sólido,5.455,5.555000000000001,0.1,0,0,26,0,0,0,3,4.6,0,4.75,5.05,4.8,4.4,4.6,3.7,5.7,4.9,3.0,5.0,4.9,5.7,5.3,6.1,5.7,4.7,5.4,3.8,6.3,6.3,5.0,5.6,7.0,5.3,6.3,5.7,6.6,6.5,5.6,4.9,2.65,3.25,2.05,2.58,1.45,2.42,1.0,1.0,1.0,1.0,53.8,1,1,12,26,0,0,0.24437279529957243,0.29481344015012334,23 de May de 2026,23_05_26
23-149,7,7A,recovery,0.2574517623071006,0.4098220950249008,0,False,Sin Riesgo,Random Forest v2,2026-05-25,4.63,5.17,3.91,3.82,4.52,5.08,5.11,4.13,5.78,5.33,confiable,confiable,confiable,confiable,confiable,orientativo,confiable,confiable,orientativo,no_viable,3.8816800000000007,4.190625,3.0792727272727274,2.758,3.6316666666666664,4.43,4.724428571428572,1.8450000000000002,5.0,5.0,5.12698841781874,6.126461538461538,4.901538461538462,5.2435,5.367443181818182,5.617179487179486,5.8205,5.468716216216216,6.6,5.64003803245436,1.2453084178187397,1.9358365384615386,1.8222657342657347,2.4855,1.7357765151515152,1.1871794871794865,1.0960714285714284,3.623716216216216,1.5999999999999996,0.6400380324543598,1.737,1,Riesgo multidimensional,4.877777777777777,5.388888888888888,0.5111111111111113,0,0,58,0,0,0,3,4.0,1,5.0,4.5,6.2,4.3,5.7,7.0,4.6,4.0,6.1,4.3,4.0,4.5,4.0,6.4,5.3,4.0,4.0,4.5,5.6,7.0,7.0,6.2,7.0,4.6,5.9,5.9,5.7,,,,2.88,2.5,3.55,3.78,2.2,4.0,1.0,1.0,1.15,,69.0,16,4,18,58,0,0,0.4098220950249008,0.6672738573320014,23 de May de 2026,23_05_26
21-111,8,8A,recovery,0.2174424049658065,0.5938858990859391,1,False,Sin Riesgo,Random Forest v2,2026-05-25,4.39,5.01,4.16,3.59,4.34,4.86,4.93,3.88,5.79,5.29,confiable,confiable,confiable,confiable,confiable,orientativo,confiable,confiable,orientativo,no_viable,3.599445,3.816666666666667,3.097272727272727,2.4786666666666664,3.5,4.25,4.3655,1.7000000000000002,4.948333333333333,5.2515473922362474,5.0325730179211465,5.875,5.1175,5.04562962962963,5.055094696969697,5.4525,5.5,5.993990461049284,6.5200000000000005,5.481751336898395,1.4331280179211467,2.058333333333333,2.0202272727272725,2.566962962962964,1.5550946969696966,1.2024999999999997,1.1345,4.293990461049284,1.5716666666666672,0.230203944662148,1.807,1,Riesgo multidimensional,4.4111111111111105,4.788888888888889,0.3777777777777778,2,0,50,1,0,1,0,4.0,0,4.0,4.1,4.1,4.8,5.5,2.8,4.2,4.3,4.9,3.5,4.3,3.6,4.6,5.2,3.8,4.0,4.0,4.3,3.5,4.8,5.0,4.8,5.0,6.9,6.3,5.9,5.7,,,,3.92,2.28,3.63,4.15,2.65,4.0,3.78,2.65,1.0,,60.0,9,0,20,50,1,0,0.5938858990859391,0.8113283040517456,23 de May de 2026,23_05_26
20-157,7,7A,critical,0.39633237333377,0.39633237333377,2,False,Riesgo Teórico,Random Forest v2,2026-05-25,4.61,5.36,4.04,3.73,4.53,4.99,5.01,4.03,5.75,5.35,confiable,confiable,confiable,confiable,confiable,orientativo,confiable,confiable,orientativo,no_viable,3.97440840860215,4.725,3.070454545454545,2.7129999999999996,3.5833333333333335,4.370295857988165,4.05,1.7379999999999998,4.9825,5.157686274509804,5.076343010752688,6.187264957264957,5.277477064220183,4.765999999999999,5.3,5.475459866220735,5.667857142857143,5.902249034749034,6.522,5.6173804694291505,1.1019346021505383,1.4622649572649573,2.2070225187656383,2.0529999999999995,1.7166666666666663,1.1051640082325704,1.6178571428571429,4.164249034749035,1.5395000000000003,0.45969419491934627,1.743,1,Riesgo multidimensional,4.9222222222222225,5.111111111111111,0.18888888888888897,0,2,85,0,0,0,3,3.2,0,4.6,3.9,5.5,5.9,4.6,5.0,4.1,3.2,4.4,4.2,4.4,4.7,5.3,5.7,4.8,4.5,4.0,3.4,4.5,7.0,5.3,5.0,7.0,3.9,6.2,6.2,5.7,,,,3.63,2.12,4.53,3.55,1.75,3.63,1.38,1.0,1.0,,70.6,11,8,25,85,0,0,0.3775129113930408,0.7738452847268108,23 de May de 2026,23_05_26
24-098,7,7A,no_risk,0.024803807916369297,0.892007486838221,0,False,Sin Riesgo,Random Forest v2,2026-05-25,5.54,5.96,4.97,5.34,5.21,5.35,5.41,5.81,6.12,5.3,confiable,confiable,confiable,confiable,confiable,orientativo,confiable,confiable,orientativo,no_viable,4.668472396313365,5.049,3.5010963302752294,4.174166666666667,3.9,4.85,5.035714285714286,4.31,4.98960244648318,4.997058823529412,6.555829999999999,7.0,6.3,6.553,6.3,5.967499999999999,6.211244113029827,7.0,6.9350000000000005,5.55844537815126,1.8873576036866346,1.9509999999999996,2.7989036697247704,2.3788333333333327,2.4,1.1174999999999997,1.1755298273155415,2.6900000000000004,1.9453975535168206,0.5613865546218486,1.891,0,Rendimiento sólido,6.0555555555555545,6.066666666666666,0.011111111111110973,0,0,116,0,0,0,5,4.9,0,5.3,6.0,3.6,6.9,4.9,7.0,6.6,5.2,4.9,6.5,6.5,5.3,5.7,6.6,6.0,4.7,5.1,4.1,5.9,7.0,3.8,6.5,7.0,4.7,6.4,6.3,5.7,,,,1.53,1.15,1.15,1.0,1.0,2.65,1.0,1.0,1.0,,83.6,13,7,19,116,0,0,0.08318870524540976,0.10799251316177906,23 de May de 2026,23_05_26
24-178,7,7A,critical,0.5466051898218738,0.5466051898218738,4,True,Riesgo Confirmado,Random Forest v2,2026-05-25,4.47,5.44,3.99,3.78,4.43,4.99,4.87,4.15,5.88,5.33,confiable,confiable,confiable,confiable,confiable,orientativo,confiable,confiable,orientativo,no_viable,3.831287383512545,4.811842105263158,3.049,2.739333333333333,3.633333333333333,4.493556969346443,4.261428571428572,2.1,5.278650629910891,5.2515473922362474,4.938171505376344,6.099999999999999,4.93520588862812,4.5377777777777775,5.066666666666666,5.42378021978022,5.423051948051948,5.415619107479572,6.504,5.564019607843137,1.106884121863799,1.288157894736841,1.8862058886281203,1.7984444444444443,1.4333333333333336,0.9302232504337766,1.1616233766233766,3.3156191074795722,1.2253493700891083,0.3124722156068893,1.446,1,Riesgo multidimensional,4.544444444444443,4.7124999999999995,0.3625000000000002,3,2,82,0,1,3,1,3.6,0,4.1,4.2,3.5,3.5,4.0,7.0,4.1,4.0,3.2,3.8,3.6,4.1,4.7,5.2,4.0,3.5,3.8,3.2,6.1,,3.5,5.3,7.0,5.2,5.8,5.9,6.4,,,,3.78,4.38,3.93,4.45,2.57,4.53,,1.0,1.22,,52.4,2,12,39,82,0,1,0.3866027330654974,0.9332079228873712,23 de May de 2026,23_05_26
25-149,7,7A,recovery,0.2494902174676833,0.5747172551868703,2,False,Sin Riesgo,Random Forest v2,2026-05-25,4.56,5.15,3.69,3.74,4.61,5.07,5.08,4.4,5.79,5.31,confiable,confiable,confiable,confiable,confiable,orientativo,confiable,confiable,orientativo,no_viable,3.9905,4.497142857142857,3.0,2.9225,3.8725,4.578736263736263,4.758928571428571,3.2566666666666673,5.191688073394496,5.025619047619047,4.968739692780337,5.750454545454545,4.506093674553356,4.567777777777778,5.184253246753246,5.4958585164835165,5.655584415584416,5.286085176085176,6.455757575757575,5.620357843137255,0.9782396927803374,1.2533116883116877,1.5060936745533562,1.6452777777777778,1.3117532467532462,0.9171222527472533,0.8966558441558448,2.0294185094185084,1.2640695023630792,0.5947387955182082,1.24,1,Riesgo multidimensional,4.7,5.4,0.7000000000000001,2,1,40,0,0,0,3,3.9,0,4.0,4.5,4.4,4.4,4.7,6.7,3.8,3.9,3.3,3.6,4.0,3.7,5.3,6.4,5.7,4.4,5.2,3.4,6.0,7.0,1.5,5.2,7.0,2.8,5.6,5.9,7.0,,,,3.62,3.17,4.23,4.3,1.23,2.8,1.0,1.0,1.38,,55.0,8,1,18,40,0,0,0.5747172551868703,0.8242074726545536,23 de May de 2026,23_05_26
17-009,7,7A,recovery,0.18690506893373984,0.5222509438716693,2,False,Sin Riesgo,Random Forest v2,2026-05-25,4.6,5.06,3.83,3.7,4.59,4.99,5.06,4.49,5.73,5.35,confiable,confiable,confiable,confiable,confiable,orientativo,confiable,confiable,orientativo,no_viable,4.0,3.8935416666666662,3.0,2.8,3.825714285714286,4.31125,4.647142857142858,2.99,5.000444601270289,5.00935294117647,5.076343010752688,5.93025974025974,4.837999999999999,4.567777777777778,5.154646464646465,5.618391608391607,5.608655462184873,5.4993895293895285,6.471428571428571,5.6764705882352935,1.0763430107526881,2.036718073593074,1.8379999999999992,1.767777777777778,1.3289321789321789,1.307141608391607,0.9615126050420155,2.5093895293895283,1.470983970158282,0.6671176470588236,1.496,1,Riesgo multidimensional,4.711111111111111,5.366666666666666,0.6555555555555557,1,0,35,0,0,0,3,4.0,1,3.8,4.1,2.8,5.5,5.2,7.0,4.1,4.2,3.4,4.0,4.0,4.5,5.3,6.3,5.8,4.1,4.7,3.8,4.1,7.0,6.6,5.6,7.0,5.4,5.9,5.8,5.7,,,,4.08,1.98,3.78,4.0,1.3,3.4,1.68,1.0,1.22,,54.3,1,4,16,35,0,0,0.5222509438716693,0.7091560128054091,23 de May de 2026,23_05_26
16-070,7,7A,critical,0.5189676842109692,0.5189676842109692,3,True,Riesgo Confirmado,Random Forest v2,2026-05-25,4.71,5.07,3.65,4.5,4.05,5.12,4.32,4.34,5.71,5.17,confiable,confiable,confiable,confiable,confiable,orientativo,confiable,confiable,orientativo,no_viable,4.238171505376344,4.057333333333334,2.678385321100918,2.738,3.0650000000000004,4.601978021978022,2.419047619047619,1.9795,4.830000000000001,4.6437745098039205,5.16508008064516,5.906666666666666,4.875794302269436,6.229714285714286,5.025499999999999,5.5267857142857135,5.652857142857143,6.657846153846154,6.6,5.566666666666666,0.9269085752688166,1.8493333333333322,2.1974089811685182,3.4917142857142864,1.9604999999999988,0.9248076923076916,3.233809523809524,4.678346153846154,1.7699999999999987,0.922892156862746,2.196,1,Riesgo multidimensional,4.766666666666667,4.777777777777778,0.01111111111111117,2,3,76,0,1,3,2,2.2,0,3.9,3.9,2.5,5.0,4.7,5.0,4.4,2.2,3.4,4.0,4.4,3.8,5.4,4.3,4.3,2.8,3.7,3.7,6.0,7.0,1.8,5.3,7.0,1.2,6.1,5.8,5.7,,,,4.15,2.72,5.05,3.7,2.72,5.12,1.0,1.0,1.07,,43.4,9,3,43,76,0,1,0.40133646879307744,0.9203041530040466,23 de May de 2026,23_05_26
18-048,7,7A,recovery,0.1312152737801846,0.4452339731771689,0,False,Sin Riesgo,Random Forest v2,2026-05-25,4.66,5.25,3.96,4.05,4.83,5.14,5.16,4.91,5.68,5.32,confiable,confiable,confiable,confiable,confiable,orientativo,confiable,confiable,orientativo,no_viable,4.148763430107526,4.476999999999999,3.036769230769231,3.11,4.131022727272728,4.578736263736263,4.758035714285714,4.002,5.0225,5.07111344537815,5.076343010752688,6.031025641025642,5.164180865006553,5.013333333333333,5.466666666666666,5.6525320512820505,5.65,6.3213333333333335,6.279348623853211,5.645489350912778,0.9275795806451619,1.5540256410256426,2.1274116342373217,1.9033333333333329,1.3356439393939379,1.0737957875457873,0.8919642857142867,2.3193333333333337,1.2568486238532106,0.5743759055346285,1.396,0,Rendimiento sólido,5.066666666666666,5.388888888888889,0.32222222222222197,0,0,16,0,0,0,2,4.0,0,4.2,5.2,6.3,5.7,4.8,6.7,4.4,4.0,4.4,4.4,4.6,4.7,5.0,5.3,5.0,4.4,4.6,4.0,5.6,7.0,5.1,5.9,7.0,6.2,6.0,6.0,5.7,,,,2.95,2.12,3.7,3.25,2.28,3.25,1.0,1.0,1.0,,87.5,3,5,2,16,0,0,0.4452339731771689,0.5764492469573534,23 de May de 2026,23_05_26
20-096,7,7A,critical,0.4828686340291545,0.4828686340291545,2,False,Riesgo Teórico,Random Forest v2,2026-05-25,4.55,5.16,3.74,3.6,4.51,5.03,5.12,3.86,5.8,5.36,confiable,confiable,confiable,confiable,confiable,orientativo,confiable,confiable,orientativo,no_viable,3.881681666666667,4.469285714285714,3.0,2.6599999999999997,3.5385714285714287,4.4,4.611071428571429,1.8,4.9975000000000005,5.120735294117647,5.026208229064841,5.8045,4.555729921133108,4.453466666666666,5.2410000000000005,5.553888888888888,5.736224489795918,5.2465300675675675,6.6,5.645489350912778,1.1445265623981742,1.3352142857142857,1.555729921133108,1.7934666666666659,1.7024285714285718,1.153888888888888,1.1251530612244887,3.4465300675675676,1.6024999999999991,0.524754056795131,1.538,1,Riesgo multidimensional,4.588888888888889,5.0,0.41111111111111115,3,3,60,0,0,0,2,3.7,1,3.8,3.8,4.8,4.6,4.0,7.0,4.5,3.7,4.6,3.7,3.8,4.1,5.2,5.7,5.7,3.3,4.1,3.3,4.5,7.0,5.3,5.4,7.0,4.6,6.3,5.9,5.7,,,,4.3,3.55,3.85,4.37,1.82,4.45,1.38,1.0,1.0,,61.7,19,2,23,60,0,0,0.4175082132629187,0.9003768472920732,23 de May de 2026,23_05_26
15-079,7,7B,critical,0.3990911878863463,0.4713610267199247,0,False,Riesgo Teórico,Random Forest v2,2026-05-25,4.61,5.03,3.7,3.95,4.49,5.04,5.08,4.27,5.68,5.28,confiable,confiable,confiable,confiable,confiable,orientativo,confiable,confiable,orientativo,no_viable,3.9850099999999995,4.026,3.0,2.9483333333333337,3.707857142857143,4.43,4.421547619047619,2.1,4.8975,4.779470588235293,5.065649380440347,5.743076923076922,4.559403004919559,5.38240036231884,5.154646464646465,5.493333333333333,5.68297619047619,5.486576576576575,6.555,5.598014705882353,1.0806393804403478,1.717076923076922,1.5594030049195586,2.4340670289855066,1.4467893217893217,1.0633333333333335,1.2614285714285716,3.386576576576575,1.6574999999999998,0.8185441176470594,1.643,1,Riesgo multidimensional,4.777777777777778,5.033333333333333,0.2555555555555554,1,1,66,1,0,1,2,3.4,0,5.0,4.6,4.5,4.7,4.1,5.4,4.1,3.4,5.4,2.9,4.0,5.2,5.2,4.9,4.6,4.1,4.3,4.1,4.9,7.0,5.6,6.2,7.0,5.9,5.9,6.0,6.0,,,,2.8,3.4,4.38,4.82,2.42,3.7,1.08,1.0,1.08,,72.7,19,2,18,66,1,0,0.4713610267199247,0.870452214606271,23 de May de 2026,23_05_26
24-092,7,7B,no_risk,0.05618746098773729,0.7270673485817156,0,False,Sin Riesgo,Random Forest v2,2026-05-25,5.22,5.92,4.95,4.85,5.22,5.34,5.36,5.58,6.11,5.32,confiable,confiable,confiable,confiable,confiable,orientativo,confiable,confiable,orientativo,no_viable,4.600302177419355,5.0981250000000005,3.6142332896461338,3.665,4.098939393939394,4.903173076923077,5.035714285714286,4.326538461538462,5.495,5.185065359477124,6.202666,6.843333333333333,6.203333333333333,6.012818181818181,6.203333333333333,5.845494505494505,5.909642857142857,7.0,6.868333333333333,5.495588235294117,1.602363822580645,1.7452083333333324,2.5891000436871994,2.347818181818181,2.1043939393939395,0.9423214285714288,0.8739285714285714,2.673461538461538,1.373333333333333,0.3105228758169929,1.656,0,Rendimiento sólido,5.5,5.9,0.40000000000000013,1,0,10,1,0,1,3,4.9,0,5.6,5.1,5.5,6.3,4.9,6.4,5.7,5.4,6.0,3.6,5.6,5.2,5.6,6.2,6.1,4.8,5.9,5.8,5.7,7.0,7.0,6.4,7.0,4.7,5.8,6.0,4.5,,,,1.98,1.6,1.67,3.1,1.15,1.98,1.0,1.0,1.15,,60.0,4,0,4,10,1,0,0.21674519043054696,0.27293265141828427,23 de May de 2026,23_05_26
23-228,7,7B,critical,0.3279540695106127,0.47562312692556796,1,False,Riesgo Teórico,Random Forest v2,2026-05-25,4.65,4.97,3.97,3.75,4.63,4.98,5.04,4.64,5.63,5.3,confiable,confiable,confiable,confiable,confiable,orientativo,confiable,confiable,orientativo,no_viable,4.062857142857142,3.18,3.0,2.7475,3.7650000000000006,4.295,4.662142857142857,2.9,4.728888888888889,4.85078431372549,5.076343010752688,5.967500000000001,5.217001668056714,4.739333333333334,5.24009090909091,5.590000000000001,5.65,6.089169884169884,6.471428571428571,5.620935091277891,1.0134858678955458,2.787500000000001,2.2170016680567137,1.9918333333333336,1.475090909090909,1.2950000000000008,0.987857142857143,3.189169884169884,1.7425396825396815,0.7701507775524012,1.747,1,Riesgo multidimensional,4.844444444444445,5.277777777777778,0.43333333333333307,2,1,48,0,0,0,2,3.5,0,4.4,4.1,3.8,6.2,5.0,7.0,3.7,3.5,3.7,3.7,4.5,5.3,4.2,6.1,5.8,4.0,5.3,5.8,5.3,7.0,5.3,6.2,6.0,4.5,5.9,6.0,4.5,,,,3.62,1.6,4.6,3.85,2.28,3.02,1.0,1.0,1.08,,41.7,2,0,28,48,0,0,0.47562312692556796,0.8035771964361806,23 de May de 2026,23_05_26
15-043,7,7B,no_risk,0.015237550422836492,0.9194898624724444,0,False,Sin Riesgo,Random Forest v2,2026-05-25,5.8,6.31,5.44,5.19,5.61,5.33,5.57,5.7,6.12,5.34,confiable,confiable,confiable,confiable,confiable,orientativo,confiable,confiable,orientativo,no_viable,4.891082521994135,5.415909090909092,3.9285562530178666,4.02975,4.5,4.7975,5.035714285714286,3.5777142857142854,4.7,5.2693891402714925,6.7,7.0,6.366666666666667,6.175,6.5,6.014523809523809,6.123,7.0,6.933333333333334,5.543382352941176,1.8089174780058652,1.584090909090908,2.4381104136488005,2.14525,2.0,1.217023809523809,1.0872857142857146,3.4222857142857146,2.2333333333333334,0.2739932126696836,1.821,0,Rendimiento sólido,6.166666666666667,6.288888888888889,0.12222222222222229,0,0,43,0,0,0,6,5.5,0,6.2,6.3,5.2,7.0,5.9,7.0,7.0,5.5,6.2,4.5,5.5,5.9,5.9,6.3,5.1,5.7,6.2,4.9,6.6,7.0,6.4,5.8,7.0,4.7,6.8,6.9,5.2,,,,1.0,1.0,1.0,2.5,1.0,1.08,1.0,1.0,1.0,,60.5,4,1,17,43,0,0,0.06527258710471912,0.0805101375275556,23 de May de 2026,23_05_26
25-082,7,7B,no_risk,0.013720205616120999,0.8852526446723558,0,False,Sin Riesgo,Random Forest v2,2026-05-25,5.29,5.94,4.79,4.86,5.23,5.36,5.58,5.43,6.1,5.26,confiable,confiable,confiable,confiable,confiable,orientativo,confiable,confiable,orientativo,no_viable,4.625107190860215,4.932222222222221,3.475333333333334,3.8274999999999992,4.117999999999999,4.8,5.035714285714286,3.8314285714285714,5.286666666666666,5.1000000000000005,6.3755,7.0,6.199999999999999,6.093,6.199999999999999,6.0208571428571425,6.338095238095238,7.0,6.925833333333334,5.495588235294117,1.7503928091397851,2.0677777777777786,2.7246666666666655,2.2655000000000007,2.082,1.2208571428571426,1.3023809523809522,3.1685714285714286,1.639166666666668,0.3955882352941167,1.862,0,Rendimiento sólido,5.800000000000001,5.988888888888889,0.18888888888888872,0,0,40,0,0,0,4,4.9,0,6.0,5.6,6.6,7.0,6.8,7.0,5.9,4.9,4.7,4.9,5.6,4.2,5.3,6.1,5.8,5.5,4.9,4.3,6.2,7.0,5.6,5.9,7.0,4.4,5.5,6.0,6.0,,,,1.3,1.0,1.9,2.13,1.45,2.2,1.0,1.0,1.38,,62.5,0,0,15,40,0,0,0.1010271497115233,0.1147473553276443,23 de May de 2026,23_05_26
16-043,7,7B,no_risk,0.02381480849758671,0.8641540959141044,0,False,Sin Riesgo,Random Forest v2,2026-05-25,5.22,5.91,4.8,4.74,5.3,5.36,5.51,5.62,6.08,5.31,confiable,confiable,confiable,confiable,confiable,orientativo,confiable,confiable,orientativo,no_viable,4.610194450844855,5.060714285714286,3.543152031454784,3.740238095238096,4.3999999999999995,4.814835164835165,5.035714285714286,4.218214285714287,5.45,5.138539215686274,6.350555,6.755,6.099999999999999,5.921999999999999,6.075499999999999,6.038974358974358,6.123,7.0,6.921333333333333,5.563063725490196,1.7403605491551453,1.694285714285714,2.5568479685452146,2.181761904761903,1.6754999999999995,1.2241391941391937,1.0872857142857146,2.7817857142857134,1.471333333333333,0.42452450980392165,1.684,0,Rendimiento sólido,5.611111111111111,5.9,0.28888888888888914,0,0,35,0,0,0,4,4.8,0,5.1,5.5,5.2,6.0,6.2,7.0,5.5,4.8,5.6,4.2,5.0,5.6,6.1,6.5,6.5,5.6,5.2,5.7,6.1,7.0,7.0,6.1,7.0,7.0,5.8,5.9,6.0,,,,2.05,1.0,2.28,3.1,1.0,1.9,1.0,1.0,1.22,,65.7,9,4,12,35,0,0,0.11203109558830884,0.13584590408589556,23 de May de 2026,23_05_26
25-178,7,7B,recovery,0.11806723912393192,0.4645998968607128,1,False,Sin Riesgo,Random Forest v2,2026-05-25,4.77,5.23,3.88,3.96,4.84,5.19,5.27,4.85,5.77,5.33,confiable,confiable,confiable,confiable,confiable,orientativo,confiable,confiable,orientativo,no_viable,4.264642857142857,4.322692307692306,3.031111111111111,2.92,4.0,4.521002024291498,4.9228571428571435,3.4800000000000004,5.090000000000001,5.083466386554622,5.115316132133994,6.21125,4.880333333333333,5.1499999999999995,5.5688502673796805,5.8028571428571425,5.876428571428572,6.470795454545453,6.551666666666667,5.654901960784313,0.850673274991137,1.8885576923076934,1.8492222222222217,2.2299999999999995,1.5688502673796805,1.2818551185656446,0.9535714285714283,2.9907954545454523,1.461666666666666,0.5714355742296915,1.565,0,Rendimiento sólido,5.066666666666666,5.688888888888888,0.6222222222222222,1,0,9,0,0,0,3,4.0,0,5.1,4.8,6.2,5.4,5.6,6.5,4.9,4.4,5.9,3.0,4.0,4.0,5.1,5.9,4.6,5.4,5.5,6.0,5.1,7.0,7.0,5.3,7.0,4.6,6.3,7.0,7.0,,,,2.58,1.75,3.03,4.75,1.75,1.82,1.0,1.0,1.0,,44.4,2,0,5,9,0,0,0.4645998968607128,0.5826671359846447,23 de May de 2026,23_05_26
22-219,8,8A,no_risk,0.0030737208065305124,0.9562339647838259,0,False,Sin Riesgo,Random Forest v2,2026-05-25,6.44,6.72,6.2,5.56,6.32,5.72,5.88,6.44,6.55,5.37,confiable,confiable,confiable,confiable,confiable,orientativo,confiable,confiable,orientativo,no_viable,5.829997692307692,6.3225,5.798571428571428,4.9675,5.868285714285713,5.024562937062936,5.355604395604395,5.147,5.7266153846153856,5.291176470588234,6.8,7.0,6.55,6.0765,6.833333333333333,6.3,6.35,7.0,6.967142857142856,5.543382352941176,0.9700023076923081,0.6775000000000002,0.7514285714285718,1.109,0.9650476190476196,1.2754370629370637,0.9943956043956046,1.8529999999999998,1.2405274725274706,0.25220588235294183,1.009,0,Rendimiento sólido,6.411111111111111,6.4111111111111105,9.868649107779169e-17,0,0,43,1,0,1,7,5.8,0,6.6,6.3,6.6,7.0,6.7,7.0,6.8,6.7,6.1,5.8,6.2,6.1,6.3,6.7,6.7,6.4,6.3,5.9,6.1,6.0,6.0,6.5,7.0,6.8,6.2,5.8,6.9,,,,1.0,1.0,1.0,1.0,1.0,1.0,1.0,1.0,1.0,,62.8,2,1,16,43,1,0,0.04069231440964355,0.04376603521617406,23 de May de 2026,23_05_26
24-201,7,7B,critical,0.5217283747785803,0.5217283747785803,5,True,Riesgo Confirmado,Random Forest v2,2026-05-25,4.54,5.23,3.95,3.45,4.34,4.96,4.88,3.78,5.76,5.33,confiable,confiable,confiable,confiable,confiable,orientativo,confiable,confiable,orientativo,no_viable,4.035073720430108,4.101624999999999,3.032857142857143,2.184,3.0175000000000005,4.463333333333334,3.1,1.578,4.945,5.007130718954248,5.029770159498208,6.2,4.839999999999999,4.416764705882353,5.185892857142856,5.439134615384615,5.611428571428571,5.305525525525525,6.523000000000001,5.598014705882353,0.9946964390680995,2.0983750000000008,1.807142857142856,2.232764705882353,2.1683928571428557,0.9758012820512816,2.511428571428571,3.7275255255255244,1.5780000000000003,0.5908839869281044,1.869,1,Riesgo multidimensional,4.611111111111111,4.788888888888888,0.17777777777777765,2,2,78,2,0,2,1,3.0,0,4.4,4.1,3.2,5.5,4.3,1.9,3.5,3.3,2.8,3.2,3.0,3.3,4.9,5.2,3.0,4.0,4.2,3.0,5.1,7.0,3.8,5.0,6.0,3.1,5.9,6.0,6.0,,,,3.62,2.65,4.9,5.35,2.43,3.85,1.0,1.75,1.08,,37.2,4,0,49,78,2,0,0.37764030537119225,0.8993686801497724,23 de May de 2026,23_05_26
17-010,7,7B,recovery,0.18221923881066196,0.5580860846375488,2,False,Sin Riesgo,Random Forest v2,2026-05-25,4.73,5.03,3.85,3.94,4.63,5.06,5.04,4.69,5.71,5.3,confiable,confiable,confiable,confiable,confiable,orientativo,confiable,confiable,orientativo,no_viable,4.273888054740958,3.3125,3.0107692307692306,2.9266666666666663,3.7966666666666664,4.3966666666666665,4.486071428571428,3.4533333333333336,4.915,4.972857142857143,5.095671505376344,5.929047619047619,5.056666666666667,5.580571428571429,5.284381818181818,5.646005244755244,5.678928571428571,6.10826661247714,6.476285714285715,5.662916666666666,0.8217834506353858,2.616547619047619,2.045897435897436,2.6539047619047627,1.4877151515151517,1.2493385780885777,1.192857142857143,2.654933279143806,1.5612857142857148,0.6900595238095226,1.697,1,Riesgo multidimensional,4.988888888888889,5.244444444444444,0.25555555555555554,1,0,77,0,0,0,2,4.0,0,4.4,4.1,3.0,5.4,4.6,4.7,4.7,4.0,4.3,3.3,4.7,4.7,5.2,5.4,4.3,4.3,4.5,2.3,5.6,7.0,7.0,6.4,7.0,4.7,5.6,5.9,4.5,,,,3.62,2.5,3.47,4.0,2.05,3.4,1.0,1.0,1.38,,49.4,9,0,39,77,0,0,0.5580860846375488,0.7403053234482108,23 de May de 2026,23_05_26
24-200,7,7B,critical,0.4705639900277844,0.4705639900277844,4,True,Riesgo Confirmado,Random Forest v2,2026-05-25,4.8,5.12,3.82,4.59,4.2,5.13,4.54,4.51,5.74,5.18,confiable,confiable,confiable,confiable,confiable,orientativo,confiable,confiable,orientativo,no_viable,4.2795,4.025,2.825,2.758,3.4599999999999995,4.626230769230769,2.3333333333333335,1.8689285714285715,4.8180000000000005,4.65,5.311571730670763,6.037067307692308,4.97708256880734,6.438157894736842,5.1000000000000005,5.6308974358974355,5.684047619047618,7.0,6.639999999999999,5.503655462184874,1.0320717306707632,2.0120673076923072,2.15208256880734,3.6801578947368423,1.640000000000001,1.0046666666666662,3.3507142857142846,5.1310714285714285,1.8219999999999983,0.8536554621848733,2.268,1,Riesgo multidimensional,4.677777777777778,4.877777777777776,0.19999999999999984,2,2,108,1,0,1,3,2.9,0,4.2,4.0,5.7,5.5,5.3,1.0,3.0,2.9,3.4,2.4,4.2,3.9,5.2,4.2,3.8,4.0,3.9,1.8,5.7,7.0,6.4,6.4,6.1,4.2,5.7,6.3,4.5,,,,3.85,1.9,5.57,5.05,2.95,4.07,1.0,1.0,1.0,,41.7,10,1,63,108,1,0,0.38951084696408944,0.8600748369918738,23 de May de 2026,23_05_26
19-163,7,7B,critical,0.3455032448770731,0.48231150474524515,1,False,Riesgo Teórico,Random Forest v2,2026-05-25,4.68,5.06,4.09,3.82,4.54,4.93,5.07,4.55,5.71,5.27,confiable,confiable,confiable,confiable,confiable,orientativo,confiable,confiable,orientativo,no_viable,4.0117417419354835,2.6,3.097272727272727,2.7741666666666664,3.75,4.355,4.72934693877551,2.331666666666667,4.6225000000000005,4.773313725490196,5.334285714285714,6.30125,5.8549999999999995,5.031333333333333,5.203333333333333,5.407784615384616,5.65,6.677141891891891,6.687,5.614680672268907,1.3225439723502301,3.7012499999999995,2.7577272727272724,2.257166666666667,1.4533333333333331,1.0527846153846152,0.9206530612244901,4.345475225225224,2.0645,0.8413669467787113,2.072,1,Riesgo multidimensional,4.622222222222222,5.2555555555555555,0.6333333333333333,3,2,53,0,2,6,2,3.4,0,3.4,5.1,5.0,5.8,3.9,6.9,3.0,3.4,5.9,3.0,4.0,4.7,5.1,5.8,4.2,4.3,5.4,5.4,5.1,7.0,5.3,6.4,7.0,4.7,5.5,5.7,5.3,,,,3.63,2.72,5.2,4.75,1.83,2.72,1.0,1.0,1.6,,69.8,16,0,16,53,0,2,0.48231150474524515,0.8278147496223183,23 de May de 2026,23_05_26
25-188,7,7B,no_risk,0.032882043077238354,0.7535017457782484,0,False,Sin Riesgo,Random Forest v2,2026-05-25,5.03,5.86,4.77,4.61,5.15,5.25,5.32,5.25,5.98,5.28,confiable,confiable,confiable,confiable,confiable,orientativo,confiable,confiable,orientativo,no_viable,4.433736236559139,5.189166666666667,3.6688106159895155,3.648333333333334,4.138787878787879,4.7398461538461545,4.960142857142857,3.255,5.34086500655308,5.103648459383753,5.803333076923076,6.7,6.1,5.7204999999999995,5.867500000000001,5.703076923076923,5.90875,6.827878787878788,6.672,5.458457983193277,1.3695968403639371,1.5108333333333333,2.431189384010484,2.0721666666666656,1.728712121212122,0.9632307692307682,0.948607142857143,3.572878787878788,1.3311349934469199,0.35480952380952413,1.628,0,Rendimiento sólido,5.3999999999999995,5.800000000000001,0.4000000000000001,0,0,164,0,0,0,3,4.7,0,5.8,5.3,4.3,6.2,5.2,7.0,5.5,6.4,,4.1,4.8,3.4,5.5,5.8,4.7,4.0,4.7,5.7,6.2,7.0,4.1,5.5,6.0,3.1,5.8,7.0,6.0,,,,1.67,1.45,1.08,3.33,1.52,3.47,1.0,1.38,1.0,,47.6,6,24,86,164,0,0,0.21361621114451335,0.2464982542217517,23 de May de 2026,23_05_26
23-044,7,7B,no_risk,0.006360259603524135,0.9656404110826096,0,False,Sin Riesgo,Random Forest v2,2026-05-25,6.14,6.56,5.83,5.47,5.9,5.42,5.7,6.26,6.22,5.35,confiable,confiable,confiable,confiable,confiable,orientativo,confiable,confiable,orientativo,no_viable,5.131958114143921,5.754999999999999,4.625172018348625,4.65,4.825227272727273,4.8,5.154642857142857,4.993333333333333,4.7,5.291176470588234,6.851666666666667,7.0,6.433333333333334,6.117500000000001,6.575,6.152730769230769,6.203333333333333,7.0,6.95,5.543382352941176,1.7197085525227456,1.245000000000001,1.8081613149847087,1.4675000000000002,1.7497727272727275,1.352730769230769,1.048690476190476,2.006666666666667,2.25,0.25220588235294183,1.49,0,Rendimiento sólido,6.222222222222221,6.3,0.0777777777777777,0,0,39,0,0,0,6,5.6,0,6.6,6.0,6.4,7.0,6.7,6.5,6.6,5.6,5.7,5.2,6.2,5.3,5.9,5.8,5.9,5.8,6.1,5.1,6.1,7.0,7.0,6.4,7.0,7.0,6.4,6.3,6.0,,,,1.0,1.0,1.0,1.45,1.22,1.07,1.0,1.0,1.0,,84.6,1,1,6,39,0,0,0.027999329313866478,0.03435958891739061,23 de May de 2026,23_05_26
23-251,7,7B,critical,0.5834749328024217,0.5834749328024217,3,True,Riesgo Confirmado,Random Forest v2,2026-05-25,4.58,5.1,3.82,3.66,4.46,5.03,5.07,3.92,5.7,5.31,confiable,confiable,confiable,confiable,confiable,orientativo,confiable,confiable,orientativo,no_viable,3.9579566236559143,3.310833333333333,3.064,2.655,3.595,4.501282051282051,4.3566666666666665,1.7633333333333334,4.848538782318599,4.852705882352941,5.054318207885304,5.959761904761905,4.878355681016232,4.584999999999999,5.2,5.453846153846154,5.678571428571428,5.357184684684684,6.466666666666666,5.599443277310924,1.0963615842293897,2.6489285714285717,1.8143556810162318,1.9299999999999993,1.605,0.9525641025641027,1.3219047619047615,3.5938513513513506,1.618127884348067,0.7467373949579832,1.733,1,Riesgo multidimensional,4.5888888888888895,4.911111111111111,0.3222222222222222,3,3,103,0,0,0,2,2.9,0,3.7,4.6,4.4,5.3,4.0,4.5,3.9,2.9,3.3,2.5,3.7,3.6,4.9,5.5,4.1,4.0,3.8,4.1,5.1,7.0,5.3,6.2,7.0,7.0,5.7,5.7,6.0,,,,3.77,3.03,4.9,5.35,2.2,4.15,1.0,1.0,1.45,,56.3,21,6,45,103,0,0,0.33473702585863035,0.918211958661052,23 de May de 2026,23_05_26
20-160,7,7B,no_risk,0.015236232409136906,0.8565628392853466,0,False,Sin Riesgo,Random Forest v2,2026-05-25,5.13,5.84,4.69,4.65,5.27,5.31,5.43,5.6,5.96,5.31,confiable,confiable,confiable,confiable,confiable,orientativo,confiable,confiable,orientativo,no_viable,4.526323607503608,5.0807142857142855,3.385192660550459,3.6569047619047623,4.532500000000001,4.792653846153845,5.035714285714286,4.220000000000001,5.286,5.165588235294117,6.306995,6.755,6.099999999999999,5.912222222222222,6.001666666666667,5.945999999999999,6.051,7.0,6.804,5.545343137254902,1.7806713924963917,1.6742857142857144,2.7148073394495396,2.2553174603174595,1.4691666666666663,1.1533461538461536,1.0152857142857146,2.7799999999999994,1.5180000000000007,0.37975490196078443,1.674,0,Rendimiento sólido,5.411111111111111,5.822222222222223,0.4111111111111112,0,0,29,2,0,2,3,4.9,0,5.4,5.3,4.5,5.5,5.9,5.5,5.0,4.9,3.8,4.6,5.3,5.1,5.6,6.1,4.4,5.2,5.2,5.1,5.8,7.0,6.2,6.1,7.0,5.9,5.5,5.7,4.5,,,,1.98,1.45,2.58,2.58,1.23,2.2,1.0,1.0,1.6,,75.9,9,4,7,29,2,0,0.1282009283055167,0.1434371607146536,23 de May de 2026,23_05_26
18-131,7,7B,recovery,0.175114344958712,0.4575141026778726,0,False,Sin Riesgo,Random Forest v2,2026-05-25,4.89,5.55,4.31,4.24,5.06,5.25,5.35,5.24,5.77,5.29,confiable,confiable,confiable,confiable,confiable,orientativo,confiable,confiable,orientativo,no_viable,4.48560435483871,4.64,3.11,3.4,4.1714393939393934,4.794274725274724,4.9779285714285715,4.173214285714286,5.1242857142857146,5.075661764705881,5.234598979947689,6.4430000000000005,5.81243119266055,5.313286713286713,5.754939393939395,5.7583076923076915,5.909642857142857,6.7,6.409780219780221,5.57406512605042,0.7489946251089794,1.8030000000000008,2.70243119266055,1.913286713286713,1.5835000000000017,0.964032967032967,0.9317142857142855,2.5267857142857144,1.2854945054945066,0.4984033613445389,1.496,1,Riesgo multidimensional,5.355555555555555,5.622222222222223,0.2666666666666667,0,1,73,0,1,3,3,3.5,0,5.1,5.4,3.5,6.3,5.7,6.5,4.9,3.5,5.6,4.0,4.6,5.6,5.6,6.4,5.0,4.4,5.0,3.5,5.5,7.0,4.4,6.0,7.0,4.7,6.4,6.0,5.2,,,,2.12,1.0,3.7,3.55,1.0,2.95,1.0,1.0,1.0,,67.1,14,9,24,73,0,1,0.4575141026778726,0.6326284476365847,23 de May de 2026,23_05_26
21-191,7,7B,no_risk,0.003966416641241494,0.9533817784590375,0,False,Sin Riesgo,Random Forest v2,2026-05-25,6.14,6.44,5.87,5.38,5.88,5.57,5.65,5.97,6.46,5.39,confiable,confiable,confiable,confiable,confiable,orientativo,confiable,confiable,orientativo,no_viable,5.097634301075269,5.608999999999999,4.762499999999999,4.571515151515151,4.825227272727273,4.99715976331361,5.035714285714286,4.199166666666668,5.578,5.291176470588234,6.841,7.0,6.4,6.175,6.576071428571429,6.3,6.15,7.0,6.960666666666666,5.766911764705881,1.7433656989247313,1.391000000000001,1.637500000000001,1.6034848484848485,1.750844155844156,1.3028402366863903,1.1142857142857148,2.8008333333333324,1.3826666666666654,0.4757352941176469,1.52,0,Rendimiento sólido,6.333333333333333,6.4111111111111105,0.0777777777777777,0,0,17,0,0,0,7,5.9,0,5.9,6.0,6.8,6.5,6.1,7.0,6.5,6.5,6.9,5.0,5.9,5.9,6.0,6.7,5.9,6.7,6.2,5.7,6.7,7.0,7.0,6.9,7.0,7.0,6.8,6.3,6.7,,,,1.08,1.0,1.0,1.82,1.0,1.0,1.0,1.0,1.0,,64.7,6,0,6,17,0,0,0.04265180489972103,0.046618221540962526,23 de May de 2026,23_05_26
19-150,7,7B,no_risk,0.11691012251067381,0.6062497951560544,1,False,Sin Riesgo,Random Forest v2,2026-05-25,5.1,5.69,4.52,4.91,4.89,5.25,5.27,5.6,6.03,5.27,confiable,confiable,confiable,confiable,confiable,orientativo,confiable,confiable,orientativo,no_viable,4.599072013978494,4.860694444444444,3.429021406727829,3.6333333333333333,3.83,4.814835164835165,4.820714285714286,4.332857142857143,5.4456880733944955,5.0476336898395715,6.119999999999999,6.579999999999999,5.851666666666667,6.402499999999999,5.8,5.726785714285714,6.084642857142857,7.0,6.736,5.458019607843137,1.5209279860215048,1.7193055555555548,2.4226452599388377,2.7691666666666657,1.9699999999999998,0.9119505494505491,1.263928571428571,2.6671428571428573,1.2903119266055043,0.4103859180035654,1.695,0,Rendimiento sólido,5.711111111111112,5.533333333333333,-0.17777777777777773,0,0,43,0,0,0,3,4.0,0,5.6,4.9,4.6,6.9,5.8,4.4,5.1,4.0,4.4,5.0,4.8,2.6,6.0,5.3,3.0,5.5,4.7,3.6,5.1,7.0,5.3,6.0,7.0,3.1,6.2,6.3,4.5,,,,2.13,1.0,3.18,2.65,1.53,2.35,1.0,1.0,1.0,,55.8,9,0,19,43,0,0,0.2768400823332722,0.39375020484394596,23 de May de 2026,23_05_26
16-002,7,7B,no_risk,0.14971719199555852,0.46759216913936086,0,False,Sin Riesgo,Random Forest v2,2026-05-25,4.88,5.55,4.4,4.34,5.09,5.29,5.33,5.3,5.86,5.28,confiable,confiable,confiable,confiable,confiable,orientativo,confiable,confiable,orientativo,no_viable,4.48685435483871,4.675714285714286,3.2225,3.3971428571428572,4.128939393939394,4.7994615384615384,5.035,4.05825,5.354285714285713,5.105756302521008,5.295396153846154,6.43375,5.81243119266055,5.4425,5.80125,5.79414201183432,5.909642857142857,6.780333333333334,6.6336666666666675,5.495882352941176,0.8085417990074442,1.7580357142857137,2.5899311926605497,2.0453571428571427,1.6723106060606057,0.9946804733727816,0.8746428571428568,2.722083333333334,1.2793809523809543,0.390126050420168,1.514,0,Rendimiento sólido,5.333333333333333,5.622222222222223,0.288888888888889,1,0,40,0,0,0,3,4.0,1,4.8,5.2,6.0,6.8,5.6,6.5,4.9,4.0,4.8,3.8,4.3,4.7,4.7,6.4,5.5,5.5,5.7,4.5,5.5,7.0,7.0,5.9,6.0,4.7,6.1,6.4,6.0,,,,2.5,1.0,3.33,3.93,1.67,1.6,1.0,1.08,1.0,,45.0,2,2,22,40,0,0,0.3826906388650805,0.532407830860639,23 de May de 2026,23_05_26
16-059,7,7B,no_risk,0.003966416641241494,0.9599775507960118,0,False,Sin Riesgo,Random Forest v2,2026-05-25,6.23,6.54,5.9,5.51,5.93,5.45,5.68,6.1,6.28,5.37,confiable,confiable,confiable,confiable,confiable,orientativo,confiable,confiable,orientativo,no_viable,5.257928800661704,5.72875,4.694128440366972,4.766,4.8065454545454545,4.85,5.035714285714286,4.498333333333333,4.7,5.291176470588234,6.841,7.0,6.468000000000001,6.255961538461539,6.5775,6.168333333333334,6.2,7.0,6.95,5.543382352941176,1.5830711993382964,1.2712500000000002,1.7738715596330286,1.4899615384615386,1.7709545454545452,1.3183333333333342,1.1642857142857146,2.501666666666667,2.25,0.25220588235294183,1.538,0,Rendimiento sólido,6.455555555555555,6.322222222222223,-0.13333333333333325,0,0,15,0,0,0,5,5.7,0,5.9,6.3,6.5,7.0,5.9,7.0,6.7,5.7,6.0,5.5,5.9,5.1,6.4,6.4,5.7,6.1,6.0,4.2,6.8,7.0,7.0,6.9,7.0,6.7,6.8,6.7,6.0,,,,1.0,1.0,1.0,1.45,1.0,1.0,1.0,1.0,1.0,,73.3,4,2,4,15,0,0,0.03605603256274683,0.04002244920398833,23 de May de 2026,23_05_26
17-067,7,7B,critical,0.4337882093882831,0.4337882093882831,4,True,Riesgo Confirmado,Random Forest v2,2026-05-25,4.53,4.38,3.57,3.86,4.3,4.96,5.02,4.34,5.42,5.2,confiable,confiable,confiable,confiable,confiable,orientativo,confiable,confiable,orientativo,no_viable,3.9666666666666663,2.4985714285714287,2.9791428571428566,2.770833333333333,3.45,4.2601025641025645,4.091785714285715,2.8966666666666665,4.326666666666666,4.6274509803921555,5.00961926267281,5.635,4.47,5.500625,5.154646464646465,5.473653846153846,5.678571428571428,5.22683277027027,6.263547400611621,5.620935091277891,1.042952596006144,3.136428571428571,1.490857142857143,2.7297916666666673,1.7046464646464647,1.2135512820512817,1.5867857142857131,2.330166103603603,1.936880733944955,0.9934841108857357,1.817,1,Riesgo multidimensional,4.933333333333334,5.177777777777778,0.24444444444444446,2,1,19,2,0,2,3,3.3,0,5.0,5.4,3.2,5.7,5.0,1.0,4.8,3.3,3.1,3.5,4.7,3.6,4.8,4.8,3.3,3.5,4.2,3.3,4.9,7.0,5.3,5.6,6.1,3.1,6.6,6.1,4.5,,,,2.2,1.98,3.93,3.85,2.8,4.23,1.08,1.23,1.0,,42.1,3,0,11,19,2,0,0.4060497044030898,0.839837913791373,23 de May de 2026,23_05_26
20-077,7,7B,critical,0.31601390341517627,0.5124104826301641,2,False,Riesgo Teórico,Random Forest v2,2026-05-25,4.66,4.87,3.81,3.99,4.43,4.98,4.97,4.72,5.6,5.24,confiable,confiable,confiable,confiable,confiable,orientativo,confiable,confiable,orientativo,no_viable,4.177483483870968,3.166,3.006923076923077,2.7975,3.6180000000000003,4.3999999999999995,4.208966836734694,3.318571428571429,4.811333333333334,4.758039215686274,5.076343010752688,5.67875,4.796862385321101,5.580571428571429,5.071428571428571,5.470042735042735,5.605,6.166666666666667,6.236320081549439,5.564640522875816,0.8988595268817203,2.51275,1.7899393083980244,2.783071428571429,1.4534285714285708,1.070042735042736,1.3960331632653062,2.848095238095238,1.4249867482161056,0.8066013071895419,1.698,1,Riesgo multidimensional,4.777777777777779,5.055555555555555,0.27777777777777773,3,1,41,1,0,1,1,3.2,0,5.0,4.3,2.7,5.5,5.0,4.4,3.6,3.2,3.9,3.2,5.0,4.3,5.1,4.8,3.8,3.7,4.5,4.9,5.4,7.0,7.0,5.9,6.0,5.9,5.6,5.7,6.0,,,,3.03,2.12,4.9,3.85,2.58,3.85,1.0,1.08,1.53,,63.4,13,0,15,41,1,0,0.5124104826301641,0.8284243860453404,23 de May de 2026,23_05_26
22-087,7,7B,no_risk,0.0030737208065305124,0.9395076255981678,0,False,Sin Riesgo,Random Forest v2,2026-05-25,5.2,5.95,4.84,4.76,5.29,5.42,5.51,5.43,6.15,5.32,confiable,confiable,confiable,confiable,confiable,orientativo,confiable,confiable,orientativo,no_viable,4.612580437788019,5.158333333333333,3.6134469200524246,3.816111111111111,4.472,4.938571428571429,5.081428571428572,3.7375,5.586440366972477,5.15485294117647,6.234999000000001,6.9350000000000005,6.1499999999999995,5.8075,6.166666666666667,6.133333333333333,6.0755,7.0,6.85,5.528705882352941,1.6224185622119824,1.7766666666666673,2.536553079947575,1.9913888888888893,1.6946666666666665,1.1947619047619042,0.994071428571428,3.2625,1.2635596330275227,0.3738529411764713,1.671,0,Rendimiento sólido,5.877777777777778,6.055555555555555,0.17777777777777765,0,0,10,0,0,0,5,5.1,0,5.7,5.1,5.7,6.4,5.7,6.5,5.6,5.2,4.7,4.4,5.1,5.1,6.3,6.5,6.1,6.0,6.1,5.5,5.6,7.0,7.0,6.2,7.0,7.0,6.7,6.8,6.7,,,,1.9,1.0,1.9,2.87,1.0,1.0,1.0,1.0,1.0,,50.0,4,0,5,10,0,0,0.05741865359530169,0.0604923744018322,23 de May de 2026,23_05_26
15-022,7,7B,no_risk,0.04049990583918173,0.7286352554883271,0,False,Sin Riesgo,Random Forest v2,2026-05-25,5.01,5.69,4.54,4.51,5.13,5.34,5.37,5.42,5.98,5.28,confiable,confiable,confiable,confiable,confiable,orientativo,confiable,confiable,orientativo,no_viable,4.498817150537635,4.898571428571428,3.384942660550459,3.5983333333333336,4.395181818181818,4.904326923076923,5.035714285714286,4.2282142857142855,5.36335372069317,5.08542156862745,6.170008666666666,6.711000000000001,5.903,5.583571428571428,5.8774999999999995,5.79414201183432,6.052499999999999,6.921333333333333,6.721333333333334,5.49229831932773,1.6711915161290314,1.8124285714285735,2.5180573394495407,1.9852380952380946,1.4823181818181812,0.8898150887573975,1.0167857142857137,2.6931190476190476,1.3579796126401638,0.4068767507002802,1.583,0,Rendimiento sólido,5.444444444444445,5.677777777777777,0.2333333333333332,0,0,70,0,0,0,2,4.3,0,5.7,5.5,5.0,6.0,5.7,6.0,4.8,4.3,4.3,4.4,5.3,4.4,5.4,5.5,6.4,5.8,4.8,4.7,4.4,7.0,5.0,6.3,7.0,4.2,6.2,6.0,4.5,,,,1.6,1.23,3.18,2.72,1.82,2.05,1.45,1.0,1.0,,37.1,5,0,44,70,0,0,0.23086483867249152,0.27136474451167325,23 de May de 2026,23_05_26
24-189,9,9B,critical,0.4215225681238311,0.4764279767968713,1,False,Riesgo Teórico,Random Forest v2,2026-05-25,4.8,5.08,3.67,5.14,4.02,5.13,4.15,5.24,5.63,5.18,confiable,confiable,confiable,confiable,confiable,orientativo,confiable,confiable,orientativo,no_viable,4.3437611995967735,4.3999999999999995,2.5916666666666663,3.595,3.2786666666666666,4.6501223776223775,2.5642857142857145,4.164285714285715,5.113,4.65,5.133274802867384,5.6499999999999995,4.701847372810675,6.261500000000001,4.8823803827751195,5.526681318681319,5.100079365079365,7.0,6.293722149410224,5.509553921568627,0.7895136032706107,1.25,2.1101807061440083,2.6665000000000005,1.603713716108453,0.8765589410589412,2.5357936507936505,2.8357142857142854,1.1807221494102231,0.8595539215686268,1.671,1,Riesgo multidimensional,4.805000000000001,4.8999999999999995,0.09499999999999989,2,1,86,0,0,0,1,2.8,0,4.95,4.6,4.65,4.3,4.3,4.8,4.3,2.8,3.5,3.4,5.1,5.9,5.6,4.3,4.2,5.0,4.8,4.6,3.3,5.6,5.3,5.1,6.6,5.3,6.1,5.6,5.4,6.0,5.3,5.5,2.84,3.55,4.68,3.63,2.58,2.65,3.33,1.23,1.22,1.53,36.0,4,1,55,86,0,0,0.4764279767968713,0.8979505449207024,23 de May de 2026,23_05_26
16-045,7,7B,critical,0.4084582244097457,0.4501285522176865,1,False,Riesgo Teórico,Random Forest v2,2026-05-25,4.62,4.97,3.63,3.91,4.58,5.05,5.02,4.5,5.61,5.31,confiable,confiable,confiable,confiable,confiable,orientativo,confiable,confiable,orientativo,no_viable,4.14,3.3175,2.951428571428571,2.9333333333333336,3.75,4.4,4.055714285714285,3.0080000000000005,4.8180000000000005,4.795485294117646,5.076343010752688,5.685178571428571,4.500071355759429,5.322499999999999,5.204,5.5158516483516475,5.6566558441558445,5.497567567567567,6.283461773700306,5.6595693277310914,0.9363430107526884,2.367678571428571,1.5486427843308581,2.3891666666666653,1.4539999999999997,1.1158516483516472,1.6009415584415594,2.489567567567567,1.465461773700305,0.8640840336134454,1.623,1,Riesgo multidimensional,4.877777777777777,5.088888888888889,0.21111111111111105,1,2,38,0,0,0,2,3.4,1,5.0,4.4,4.1,5.2,4.1,5.4,4.8,3.4,5.4,2.5,3.6,2.8,5.3,5.7,4.7,4.4,5.5,5.5,5.3,7.0,7.0,5.5,6.1,4.7,5.9,6.0,4.5,,,,2.95,3.03,3.85,5.42,1.75,2.57,1.0,1.3,1.08,,52.6,7,4,18,38,0,0,0.4501285522176865,0.8585867766274322,23 de May de 2026,23_05_26
25-136,7,7A,recovery,0.206733525812205,0.5109573151699373,1,False,Sin Riesgo,Random Forest v2,2026-05-25,4.57,5.19,4.16,3.83,4.62,4.89,5.05,4.61,5.7,5.28,confiable,confiable,confiable,confiable,confiable,orientativo,confiable,confiable,orientativo,no_viable,3.864408575268817,3.946875,3.065,2.8,3.8794999999999997,4.240725274725275,4.722040816326531,2.415,5.1000000000000005,4.852705882352941,5.076343010752688,6.187403846153846,5.660574049803407,4.77,5.235,5.455528846153847,5.65,6.280357142857142,6.435695371142619,5.577016806722688,1.211934435483871,2.2405288461538464,2.5955740498034072,1.9699999999999998,1.3555000000000006,1.2148035714285719,0.9279591836734697,3.8653571428571416,1.3356953711426183,0.724310924369747,1.744,1,Riesgo multidimensional,4.4,5.366666666666666,0.9666666666666666,1,0,73,0,0,0,2,4.0,0,4.7,4.1,5.0,4.0,5.1,7.0,4.0,4.8,5.5,4.5,5.0,5.0,4.2,5.3,4.5,1.8,4.0,4.4,5.1,7.0,5.1,5.7,7.0,6.8,5.6,6.0,5.7,,,,3.4,3.18,3.4,2.88,2.88,5.65,1.0,1.0,1.3,,65.8,8,7,25,73,0,0,0.5109573151699373,0.7176908409821423,23 de May de 2026,23_05_26
25-298,8,8A,critical,0.5458829310534301,0.5458829310534301,0,False,Riesgo Teórico,Random Forest v2,2026-05-25,4.66,5.38,4.16,3.94,3.8,4.88,4.07,3.97,5.87,5.22,confiable,confiable,confiable,confiable,confiable,orientativo,confiable,confiable,orientativo,no_viable,4.049446666666666,4.166250000000001,2.62,1.8999999999999997,2.2,4.379230769230769,2.155,1.132,5.2155000000000005,4.998,5.085805806451613,6.365666666666667,5.31524186822352,6.142857142857142,4.923376623376623,5.3795726495726495,5.035714285714286,6.274999999999999,6.656269113149847,5.343442146089203,1.0363591397849463,2.199416666666666,2.69524186822352,4.242857142857143,2.7233766233766232,1.0003418803418809,2.880714285714286,5.142999999999999,1.4407691131498463,0.3454421460892032,2.371,0,Rendimiento sólido,,,,0,0,6,1,0,1,0,,0,,,5.2,,,5.6,,,5.3,,,5.5,,,6.3,,,4.6,,,,,,1.6,,,7.0,,,,,,,,,,,,,,66.7,1,0,2,6,1,0,0.34063760582680547,0.8865205368802356,23 de May de 2026,23_05_26
15-031,8,8A,no_risk,0.06241689707474283,0.7047808953050672,0,False,Sin Riesgo,Random Forest v2,2026-05-25,4.78,5.71,4.5,4.27,5.18,5.29,5.27,5.58,5.86,5.29,confiable,confiable,confiable,confiable,confiable,orientativo,confiable,confiable,orientativo,no_viable,4.433736236559139,5.167666666666666,3.731337973215228,3.631282051282051,4.465018262987013,4.846442307692308,4.987479591836735,4.387558247903076,5.47131699661999,5.1590098039215695,5.158688624787775,6.381166666666667,5.325833333333334,5.007083333333334,5.8333471074380165,5.7225,5.602226890756302,6.780333333333334,6.301111111111111,5.486617647058822,0.724952388228636,1.2135000000000007,1.5944953601181058,1.3758012820512828,1.3683288444510033,0.8760576923076924,0.6147472989195677,2.392775085430258,0.8297941144911212,0.3276078431372529,1.132,0,Rendimiento sólido,5.411111111111111,5.177777777777778,-0.2333333333333334,0,0,33,0,0,0,2,4.1,0,5.7,4.9,4.6,5.9,4.7,6.8,5.5,4.3,4.5,4.1,4.1,4.6,5.7,6.1,5.6,4.9,5.0,5.3,4.6,5.4,5.3,6.0,6.0,6.8,6.3,6.1,5.9,,,,2.05,2.05,2.65,3.85,1.15,2.58,2.5,1.0,1.0,,66.7,5,1,11,33,0,0,0.23280220762019005,0.2952191046949329,23 de May de 2026,23_05_26
22-036,8,8A,no_risk,0.0030737208065305124,0.9546195772239582,0,False,Sin Riesgo,Random Forest v2,2026-05-25,6.46,6.75,6.29,5.75,6.37,5.67,5.92,6.57,6.57,5.36,confiable,confiable,confiable,confiable,confiable,orientativo,confiable,confiable,orientativo,no_viable,6.136995,6.308999999999999,5.85,5.33,5.839333333333332,5.105299145299145,5.287743506493506,5.475,5.62,5.291176470588234,6.719999999999999,7.0,6.651,6.2775,6.859999999999999,6.160666666666667,6.434444444444445,7.0,7.0,5.529044117647058,0.5830049999999991,0.6910000000000007,0.8010000000000002,0.9474999999999998,1.020666666666667,1.055367521367522,1.1467009379509392,1.5250000000000004,1.38,0.2378676470588239,0.939,0,Rendimiento sólido,6.733333333333333,6.533333333333333,-0.19999999999999987,0,0,28,0,0,0,8,5.9,0,7.0,6.5,6.5,7.0,6.5,7.0,6.7,6.7,6.7,6.6,6.7,6.8,6.6,6.6,6.9,6.5,6.4,6.7,6.7,6.5,6.7,6.9,7.0,7.0,6.6,5.9,6.9,,,,1.0,1.0,1.0,1.0,1.0,1.0,1.0,1.0,1.0,,67.9,0,0,9,28,0,0,0.04230670196951119,0.0453804227760417,23 de May de 2026,23_05_26
15-020,8,8A,no_risk,0.03245084672154565,0.8243014637027546,0,False,Sin Riesgo,Random Forest v2,2026-05-25,4.96,5.62,4.61,4.6,5.03,5.27,5.23,5.56,5.98,5.3,confiable,confiable,confiable,confiable,confiable,orientativo,confiable,confiable,orientativo,no_viable,4.491943602150537,5.0313888888888885,3.6785190039318487,3.711666666666667,4.0,4.766296958855098,4.888061224489795,4.296645381645382,5.483463302752293,5.161529411764706,5.51665,6.381166666666667,5.651666666666666,5.945480769230769,5.760666666666666,5.754273504273504,5.876428571428572,6.925833333333333,6.7,5.499297385620915,1.0247063978494637,1.3497777777777786,1.9731476627348177,2.233814102564102,1.7606666666666664,0.9879765454184062,0.9883673469387766,2.6291879516879515,1.2165366972477072,0.3377679738562094,1.45,0,Rendimiento sólido,5.733333333333333,5.211111111111111,-0.5222222222222224,0,0,65,0,0,0,1,4.4,0,6.0,4.7,4.6,6.4,4.9,6.3,5.5,4.4,5.5,4.8,4.4,5.6,5.2,5.8,5.2,5.7,5.1,4.1,5.7,5.5,5.7,6.4,6.0,6.8,5.9,6.1,5.8,,,,1.98,1.52,2.58,3.1,1.75,1.9,1.6,1.0,1.0,,35.4,5,1,42,65,0,0,0.14324768957569972,0.17569853629724536,23 de May de 2026,23_05_26
17-086,8,8A,no_risk,0.015550976001486765,0.8704414550029325,0,False,Sin Riesgo,Random Forest v2,2026-05-25,4.95,5.91,4.68,4.66,5.12,5.24,5.34,5.62,6.02,5.28,confiable,confiable,confiable,confiable,confiable,orientativo,confiable,confiable,orientativo,no_viable,4.4919566236559145,5.2369642857142855,3.7547619047619043,3.7832758620689657,4.232754010695187,4.796296958855098,5.035714285714286,4.310857142857143,5.552830930537352,5.15,5.407776666666667,6.732272727272728,5.708502024291498,5.890454545454546,5.758272727272728,5.715357142857143,5.889642857142857,6.963999999999999,6.579166666666666,5.423347523219815,0.9158200430107524,1.4953084415584428,1.9537401195295936,2.10717868338558,1.5255187165775412,0.9190601840020447,0.8539285714285718,2.6531428571428552,1.0263357361293135,0.27334752321981437,1.372,0,Rendimiento sólido,5.5,5.611111111111111,0.11111111111111131,0,0,51,0,0,0,1,4.8,0,6.1,5.8,5.2,5.6,5.5,7.0,4.7,4.9,5.0,4.4,4.8,5.8,5.8,6.0,4.8,5.9,5.7,4.4,5.1,5.4,5.7,5.6,6.0,7.0,6.3,6.4,6.7,,,,1.07,1.68,2.8,3.1,1.15,1.3,2.12,1.3,1.0,,49.0,7,2,26,51,0,0,0.1140075689955808,0.12955854499706757,23 de May de 2026,23_05_26
25-299,8,8A,critical,0.546708841476469,0.546708841476469,0,False,Riesgo Teórico,Random Forest v2,2026-05-25,4.62,5.41,4.24,3.88,3.82,4.86,4.12,3.96,5.88,5.23,confiable,confiable,confiable,confiable,confiable,orientativo,confiable,confiable,orientativo,no_viable,4.019665357142856,4.196666666666667,2.698042813455657,1.8999999999999997,2.2,4.368557692307692,2.1966666666666668,1.132,5.2155000000000005,5.074558823529412,5.083422867383512,6.421666666666667,5.31524186822352,6.058333333333334,4.922954545454545,5.352664835164835,5.035714285714286,6.507432432432432,6.643608562691131,5.327180727554179,1.0637575102406558,2.2249999999999996,2.617199054767863,4.158333333333334,2.722954545454545,0.9841071428571428,2.839047619047619,5.375432432432432,1.428108562691131,0.2526219040247666,2.367,0,Rendimiento sólido,,,,0,0,1,0,0,0,0,,0,,,,,,7.0,,,,,,4.0,,,6.5,,,4.0,,,,,,,,,7.0,,,,,,,,,,,,,,100.0,0,0,0,1,0,0,0.3372215990457375,0.8839304405222066,23 de May de 2026,23_05_26
15-065,8,8B,critical,0.6153816377179918,0.6153816377179918,2,False,Riesgo Teórico,Random Forest v2,2026-05-25,4.55,5.6,4.47,3.92,4.27,4.83,4.69,3.93,5.95,5.28,confiable,confiable,confiable,confiable,confiable,orientativo,confiable,confiable,orientativo,no_viable,3.86254476702509,4.881142857142857,3.418236493374108,2.635,3.1425,4.3,3.5516269841269845,1.6223809523809525,5.242016584333098,5.218382352941176,5.075134301075268,6.3080952380952375,5.409192660550458,5.382307692307691,5.147142857142857,5.275576923076923,5.3574206349206355,5.934189189189189,6.703333333333333,5.430213235294117,1.2125895340501782,1.4269523809523808,1.9909561671763498,2.7473076923076913,2.0046428571428567,0.9755769230769236,1.805793650793651,4.311808236808236,1.4613167490002352,0.2118308823529409,1.815,1,Riesgo multidimensional,4.366666666666666,4.511111111111111,0.14444444444444438,1,4,69,0,1,3,2,3.2,0,4.4,3.2,4.1,4.4,3.2,4.4,2.2,4.0,5.1,4.0,4.8,4.1,4.5,4.4,5.3,4.1,3.9,4.7,4.6,3.5,5.0,5.2,7.0,3.7,5.9,6.6,6.2,,,,4.3,4.3,5.35,3.4,3.33,4.0,3.92,1.0,1.0,,39.1,8,1,42,69,0,1,0.3345167577034358,0.9498983954214276,23 de May de 2026,23_05_26
15-053,8,8B,no_risk,0.1371773168169001,0.46924554254538825,0,False,Sin Riesgo,Random Forest v2,2026-05-25,4.86,5.81,4.69,4.39,4.92,5.01,5.11,5.53,5.8,5.27,confiable,confiable,confiable,confiable,confiable,orientativo,confiable,confiable,orientativo,no_viable,4.436298093465674,5.15,3.5264110965487117,3.5796363636363635,4.177983766233766,4.41,4.805,4.27598506401138,5.2988888888888885,5.161529411764706,5.247507499999999,6.636727272727273,5.8516666666666675,5.59,5.590803921568627,5.500989010989012,5.560505952380951,6.779999999999999,6.4035124508519,5.356292016806722,0.8112094065343252,1.486727272727273,2.325255570117956,2.0103636363636364,1.4128201553348605,1.090989010989012,0.7555059523809513,2.5040149359886197,1.1046235619630114,0.19476260504201637,1.37,1,Riesgo multidimensional,5.28888888888889,5.088888888888889,-0.20000000000000007,0,1,37,1,1,4,1,3.8,0,5.2,3.8,5.1,6.8,5.6,7.0,4.1,4.7,6.0,4.5,4.9,4.5,5.0,5.0,4.9,4.9,4.2,4.0,5.0,4.6,4.7,5.4,7.0,5.6,6.7,6.0,5.7,,,,3.25,1.0,3.4,2.95,2.5,3.18,2.8,1.0,1.0,,48.6,8,1,19,37,1,1,0.39357714063771176,0.5307544574546119,23 de May de 2026,23_05_26
16-008,8,8B,critical,0.3136783494681434,0.5508003285775032,1,False,Riesgo Teórico,Random Forest v2,2026-05-25,4.79,5.63,4.81,3.86,4.71,4.77,4.84,5.05,5.65,5.27,confiable,confiable,confiable,confiable,confiable,orientativo,confiable,confiable,orientativo,no_viable,4.286878100358423,4.9325,3.24052752293578,3.0650000000000004,4.015,4.15,4.575333333333334,3.7780000000000005,5.170833333333334,5.178382352941177,5.334285714285714,6.511666666666666,6.424666666666666,4.543333333333333,5.202,5.397226495726494,5.346230158730158,6.143528957528957,6.149761467889908,5.430062091503268,1.047407613927291,1.5791666666666657,3.184139143730886,1.4783333333333326,1.1870000000000003,1.247226495726494,0.7708968253968242,2.365528957528957,0.9789281345565737,0.2516797385620908,1.409,1,Riesgo multidimensional,4.377777777777778,4.788888888888889,0.4111111111111111,2,1,16,1,1,4,1,3.8,1,4.5,4.5,5.4,6.0,3.8,7.0,2.9,4.2,6.7,2.7,4.3,4.0,4.5,4.9,5.0,4.0,4.4,5.0,4.4,4.5,4.7,5.2,7.0,5.2,5.2,5.5,5.5,,,,3.25,2.65,4.68,4.75,2.95,3.7,3.32,1.0,1.98,,43.8,4,0,9,16,1,1,0.5508003285775032,0.8644786780456466,23 de May de 2026,23_05_26
23-094,8,8B,no_risk,0.10315553517359342,0.5220516318763428,0,False,Sin Riesgo,Random Forest v2,2026-05-25,4.81,5.86,4.92,4.38,4.84,5.09,5.23,5.45,5.93,5.28,confiable,confiable,confiable,confiable,confiable,orientativo,confiable,confiable,orientativo,no_viable,4.0385,5.189166666666667,3.675504587155964,3.5666666666666664,3.86,4.525897435897436,4.892857142857142,3.7725,5.277626911314984,5.193494117647058,5.367332,6.636727272727273,6.162999999999999,5.599142857142857,5.693142857142857,5.668,5.77686507936508,6.805,6.6000000000000005,5.4527777777777775,1.3288320000000002,1.4475606060606063,2.4874954128440354,2.0324761904761903,1.8331428571428572,1.1421025641025642,0.8840079365079374,3.0324999999999998,1.3223730886850165,0.2592836601307198,1.577,1,Riesgo multidimensional,5.2555555555555555,5.277777777777777,0.022222222222222095,1,0,26,1,1,4,1,4.1,0,5.0,5.1,4.3,6.7,4.3,6.1,3.6,5.3,6.0,4.7,5.7,4.7,4.9,6.0,2.8,4.7,4.7,5.0,5.6,4.1,5.3,6.1,7.0,6.7,6.0,5.3,6.5,,,,2.43,1.75,3.32,2.2,1.83,2.95,2.73,1.0,1.53,,38.5,2,0,16,26,1,1,0.3747928329500637,0.47794836812365715,23 de May de 2026,23_05_26
15-048,8,8B,recovery,0.23510879572655657,0.615051064593,2,False,Sin Riesgo,Random Forest v2,2026-05-25,4.69,5.46,4.51,3.93,4.65,4.82,4.9,4.92,5.83,5.28,confiable,confiable,confiable,confiable,confiable,orientativo,confiable,confiable,orientativo,no_viable,4.1000000000000005,4.433833333333333,3.1,2.9492857142857143,3.7966666666666664,4.069285714285714,4.618125,3.570922350922351,5.24235696413678,5.088333333333333,5.14958149001536,6.3278333333333325,6.479285714285715,4.999999999999999,5.233333333333333,5.444560439560439,5.4510000000000005,6.1925,6.403360091743118,5.529714285714286,1.0495814900153597,1.8939999999999992,3.379285714285715,2.050714285714285,1.436666666666667,1.3752747252747248,0.8328750000000005,2.621577649077649,1.161003127606338,0.4413809523809533,1.624,1,Riesgo multidimensional,3.7777777777777777,5.144444444444444,1.3666666666666667,6,0,36,0,0,0,1,4.2,0,3.6,5.1,6.9,4.3,4.4,6.5,2.4,4.2,6.7,2.2,4.3,4.1,3.5,5.4,5.3,3.9,4.6,3.3,3.0,5.3,5.0,5.5,7.0,7.0,5.6,6.0,6.3,,,,3.48,3.47,5.05,5.12,3.32,3.63,3.78,1.0,1.3,,41.7,4,0,21,36,0,0,0.615051064593,0.8501598603195566,23 de May de 2026,23_05_26
20-131,8,8B,critical,0.779042001323816,0.779042001323816,2,False,Riesgo Teórico,Random Forest v2,2026-05-25,4.63,5.46,4.37,3.75,4.47,4.9,4.82,4.11,5.83,5.34,confiable,confiable,confiable,confiable,confiable,orientativo,confiable,confiable,orientativo,no_viable,3.8666650000000002,4.95,3.238394495412844,2.7384999999999997,3.4633333333333334,4.3622499999999995,4.014464285714285,1.794,5.274166666666667,5.2695490702741035,5.168225725806452,6.0445714285714285,5.614892966360856,4.823,5.082,5.453846153846154,5.518071428571428,5.502567567567566,6.544752293577982,5.563725490196078,1.3015607258064517,1.0945714285714283,2.3764984709480124,2.0845000000000007,1.6186666666666665,1.0915961538461545,1.5036071428571427,3.7085675675675662,1.2705856269113154,0.29417641992197474,1.634,1,Riesgo multidimensional,4.5,4.4,-0.10000000000000003,2,3,75,0,0,0,1,2.4,0,5.2,4.0,5.6,4.0,2.4,5.5,2.8,2.6,5.7,3.7,4.1,3.5,4.8,5.2,4.5,5.1,3.8,4.7,4.7,4.5,3.1,4.2,7.0,5.3,6.0,6.0,6.2,,,,3.1,5.2,5.95,4.15,2.5,3.33,3.1,1.6,1.0,,42.7,9,0,43,75,0,0,0.18352195638834634,0.9625639577121623,23 de May de 2026,23_05_26
14-048,8,8B,critical,0.45414755448488137,0.45414755448488137,2,False,Riesgo Teórico,Random Forest v2,2026-05-25,4.71,5.4,4.64,4.05,4.55,4.74,4.83,4.92,5.65,5.27,confiable,confiable,confiable,confiable,confiable,orientativo,confiable,confiable,orientativo,no_viable,4.149308214285714,4.838500000000001,3.2685517693315864,3.208,3.7957142857142854,4.146428571428572,4.441666666666666,3.3662857142857145,5.1000000000000005,5.11964705882353,5.157306671786994,5.947575757575756,5.986999999999999,5.156444444444444,5.1167768595041325,5.404417919245505,5.357925849105523,6.128018018018018,6.2,5.398582887700534,1.0079984575012801,1.1090757575757557,2.718448230668413,1.9484444444444442,1.3210625737898471,1.2579893478169328,0.9162591824388562,2.7617323037323036,1.0999999999999996,0.2789358288770041,1.442,1,Riesgo multidimensional,4.444444444444444,4.544444444444445,0.10000000000000003,3,3,30,0,0,0,1,3.7,1,4.9,3.8,5.2,5.6,3.7,5.0,2.4,4.2,6.1,3.0,4.2,4.2,5.5,4.8,4.1,3.6,3.7,3.3,4.2,4.8,5.0,5.0,7.0,5.3,5.8,4.7,5.4,,,,3.48,3.03,5.05,4.6,2.28,4.52,3.25,1.0,2.12,,63.3,13,1,11,30,0,0,0.4303049501571584,0.8844525046420397,23 de May de 2026,23_05_26
25-128,8,8B,critical,0.3037737102654273,0.5187171535269341,2,False,Riesgo Teórico,Random Forest v2,2026-05-25,4.68,5.39,4.3,3.84,4.75,4.92,5.0,4.78,5.67,5.35,confiable,confiable,confiable,confiable,confiable,orientativo,confiable,confiable,orientativo,no_viable,4.2989999999999995,4.861315789473684,3.069454545454545,3.0355844155844154,4.182228226319135,4.312368881118881,4.696666666666667,3.6999999999999997,5.131688073394495,5.223161764705881,5.076343010752688,5.983749999999999,5.637064220183485,4.537575757575757,5.191727272727272,5.47967298402081,5.449356357927786,5.988791732909379,6.162051282051282,5.601823529411765,0.7773430107526886,1.1224342105263148,2.5676096747289403,1.5019913419913418,1.0094990464081368,1.1673041029019284,0.7526896912611187,2.2887917329093797,1.0303632086567864,0.37866176470588364,1.26,1,Riesgo multidimensional,4.655555555555555,4.9,0.24444444444444458,3,1,22,2,0,2,1,3.2,0,4.9,4.2,3.8,5.8,4.4,4.9,3.6,3.2,3.7,3.1,4.5,2.9,5.1,5.2,4.3,3.7,5.1,4.3,4.3,5.1,5.3,5.6,7.0,4.6,5.8,5.4,3.2,,,,3.18,2.35,4.9,4.3,2.28,3.4,2.95,1.0,1.6,,54.5,7,0,10,22,2,0,0.5187171535269341,0.8224908637923615,23 de May de 2026,23_05_26
20-159,8,8B,no_risk,0.013830392945428309,0.9028827474239771,0,False,Sin Riesgo,Random Forest v2,2026-05-25,5.28,6.02,5.01,4.98,5.18,5.29,5.3,5.66,6.16,5.33,confiable,confiable,confiable,confiable,confiable,orientativo,confiable,confiable,orientativo,no_viable,4.652306872954651,5.244999999999999,3.8640000000000003,3.8708333333333336,4.215340909090909,4.899134615384615,5.035714285714286,4.398888888888889,5.662857142857143,5.214944852941176,6.273488,6.967499999999999,6.233333333333333,6.211222222222222,6.003636363636364,5.79414201183432,5.862928571428571,7.0,6.771558441558442,5.493205882352941,1.6211811270453493,1.7225000000000001,2.369333333333333,2.3403888888888886,1.7882954545454552,0.8950073964497047,0.8272142857142857,2.601111111111111,1.1087012987012992,0.2782610294117642,1.555,0,Rendimiento sólido,5.644444444444444,5.7,0.05555555555555566,0,0,42,1,0,1,2,4.9,1,4.9,5.7,5.6,6.3,4.9,7.0,5.2,5.4,6.0,4.6,5.3,5.3,6.3,5.8,5.0,5.7,5.4,5.0,5.2,5.2,5.3,6.3,7.0,5.3,6.3,6.6,6.7,,,,2.05,1.6,2.05,2.58,1.0,1.67,2.2,1.0,1.0,,42.9,6,3,24,42,1,0,0.08328685963059457,0.09711725257602288,23 de May de 2026,23_05_26
25-054,8,8A,no_risk,0.00657052342390722,0.9355678720918852,0,False,Sin Riesgo,Random Forest v2,2026-05-25,5.49,6.21,5.2,5.13,5.4,5.33,5.49,5.84,6.15,5.35,confiable,confiable,confiable,confiable,confiable,orientativo,confiable,confiable,orientativo,no_viable,4.7744216442652325,5.404848484848485,3.8397142857142854,4.00875,4.198571428571428,4.775,5.035714285714286,3.807857142857143,5.2825,5.225283613445377,6.467776666666666,7.0,6.305,6.302,6.4025,6.104,6.1,7.0,6.885,5.545416666666666,1.693355022401433,1.5951515151515148,2.4652857142857143,2.2932499999999996,2.2039285714285715,1.3289999999999997,1.064285714285714,3.192142857142857,1.6025,0.32013305322128893,1.776,0,Rendimiento sólido,5.866666666666666,5.955555555555556,0.08888888888888886,0,0,13,0,0,0,4,4.9,0,6.5,5.8,5.7,7.0,6.4,7.0,6.4,5.9,6.7,4.7,4.9,5.2,4.8,6.1,6.6,5.1,5.5,3.8,5.9,6.3,6.0,6.0,7.0,6.7,6.4,5.7,6.7,,,,1.0,1.0,1.0,2.8,1.83,2.05,1.0,1.0,1.0,,61.5,1,0,5,13,0,0,0.05786160448420766,0.06443212790811488,23 de May de 2026,23_05_26
15-027,8,8B,no_risk,0.03417206862887211,0.7399710862341412,0,False,Sin Riesgo,Random Forest v2,2026-05-25,5.2,5.94,4.89,4.83,5.34,5.39,5.7,3.97,6.37,5.31,confiable,confiable,confiable,confiable,confiable,orientativo,confiable,confiable,orientativo,no_viable,4.559316529162593,5.31,3.8320000000000003,3.9708333333333337,4.5467619047619054,5.015384615384615,5.0357142857142865,1.3385714285714287,5.599819473216928,5.174360962566844,6.360402903225807,6.7,6.099999999999999,5.923,6.042666666666667,5.938,6.440892857142857,6.9285,7.0,5.500999999999999,1.801086374063214,1.3900000000000006,2.2679999999999985,1.9521666666666664,1.4959047619047618,0.9226153846153844,1.4051785714285705,5.589928571428571,1.400180526783072,0.3266390374331545,1.855,0,Rendimiento sólido,5.7555555555555555,5.7333333333333325,-0.022222222222222143,0,0,39,0,0,0,2,4.1,0,6.6,5.2,4.8,5.4,5.8,6.1,4.0,5.6,5.1,5.3,5.9,4.8,6.0,5.9,5.8,5.8,4.1,5.3,6.1,6.3,6.3,5.8,7.0,1.6,6.8,5.8,7.0,,,,1.15,1.6,2.8,1.6,1.08,2.58,1.0,1.0,1.0,,46.2,4,0,21,39,0,0,0.225856845136987,0.2600289137658591,23 de May de 2026,23_05_26
16-053,8,8A,no_risk,0.18140024138664265,0.45113900611487745,0,False,Sin Riesgo,Random Forest v2,2026-05-25,4.78,5.51,4.4,4.34,4.99,5.21,5.12,5.32,5.77,5.25,confiable,confiable,confiable,confiable,confiable,orientativo,confiable,confiable,orientativo,no_viable,4.398788344086022,4.997142857142857,3.543152031454784,3.579114906832298,4.224204545454546,4.793153846153845,4.750321428571428,4.353303676347155,5.25,5.132216386554621,5.139575416666667,6.233708791208793,5.275642201834863,5.376245059288538,5.735704545454546,5.5880769230769225,5.57735294117647,6.6614662162162155,6.263547400611621,5.458301470588236,0.7407870725806456,1.2365659340659354,1.7324901703800788,1.7971301524562397,1.5114999999999998,0.7949230769230775,0.8270315126050427,2.308162539869061,1.0135474006116212,0.3260850840336147,1.229,0,Rendimiento sólido,5.333333333333333,4.900000000000001,-0.4333333333333334,0,1,63,0,0,0,0,3.9,0,6.3,4.4,3.8,6.2,4.5,6.3,4.9,3.9,4.8,4.2,5.0,3.8,5.7,5.0,6.2,4.6,4.5,4.6,4.9,5.1,5.3,5.3,6.0,4.3,5.9,5.7,6.0,,,,1.98,1.98,3.4,3.1,1.98,3.18,2.5,1.53,1.3,,55.6,6,6,28,63,0,0,0.36746075249847965,0.5488609938851223,23 de May de 2026,23_05_26
23-222,7,7A,no_risk,0.004497878929053331,0.951680201102054,0,False,Sin Riesgo,Random Forest v2,2026-05-25,6.02,6.49,5.8,5.5,5.8,5.47,5.58,6.5,6.35,5.39,confiable,confiable,confiable,confiable,confiable,orientativo,confiable,confiable,orientativo,no_viable,5.033333333333333,5.883181818181818,4.686472986748216,4.5325,4.792000000000001,4.8773333333333335,5.035714285714286,5.24,5.274166666666667,5.291176470588234,6.65416625,7.0,6.433333333333334,6.35,6.5,6.240285714285714,6.072857142857142,7.0,6.960666666666666,5.7063725490196076,1.620832916666667,1.1168181818181822,1.7468603465851178,1.8175,1.7079999999999993,1.3629523809523807,1.0371428571428565,1.7599999999999998,1.6864999999999988,0.4151960784313733,1.427,0,Rendimiento sólido,6.155555555555556,6.244444444444444,0.08888888888888877,0,0,28,0,0,0,6,5.3,0,5.2,5.3,5.8,6.8,6.4,7.0,5.9,5.3,5.6,5.7,5.8,5.6,6.0,6.7,6.9,6.2,6.2,5.8,6.4,7.0,5.3,6.7,7.0,7.0,6.5,6.5,7.0,,,,2.12,1.0,1.6,1.38,1.0,1.0,1.0,1.0,1.0,,89.3,4,1,3,28,0,0,0.043821919968892724,0.048319798897946055,23 de May de 2026,23_05_26
17-034,7,7A,no_risk,0.009480392509064406,0.9517694238585983,0,False,Sin Riesgo,Random Forest v2,2026-05-25,6.39,6.68,6.19,5.6,6.24,5.63,5.85,6.45,6.44,5.38,confiable,confiable,confiable,confiable,confiable,orientativo,confiable,confiable,orientativo,no_viable,5.76665,6.097499999999999,5.7457692307692305,5.172,5.7480769230769235,4.8999999999999995,5.258642857142857,5.1450000000000005,5.274166666666667,5.291176470588234,6.755,7.0,6.582,6.1775,6.833333333333333,6.2,6.374285714285714,7.0,7.0,5.6274509803921555,0.9883499999999996,0.9025000000000007,0.8362307692307693,1.0055000000000005,1.0852564102564095,1.3000000000000007,1.1156428571428565,1.8549999999999995,1.725833333333333,0.33627450980392126,1.115,0,Rendimiento sólido,6.544444444444445,6.644444444444444,0.10000000000000003,0,0,64,0,0,0,7,5.9,0,5.7,6.9,6.5,7.0,6.8,7.0,7.0,5.9,6.3,5.8,6.5,6.4,6.7,6.9,5.9,6.4,6.0,6.1,7.0,7.0,5.3,6.6,7.0,4.7,6.7,6.8,7.0,,,,1.0,1.0,1.0,1.0,1.0,1.0,1.0,1.0,1.0,,84.4,9,1,10,64,0,0,0.03875018363233734,0.04823057614140175,23 de May de 2026,23_05_26
16-073,7,7A,critical,0.5048561544990939,0.5048561544990939,2,False,Riesgo Teórico,Random Forest v2,2026-05-25,4.59,5.14,3.84,3.63,4.54,5.01,5.11,4.1,5.76,5.32,confiable,confiable,confiable,confiable,confiable,orientativo,confiable,confiable,orientativo,no_viable,3.950483483870968,3.9075,3.0393333333333334,2.7741666666666664,3.8641666666666667,4.3999999999999995,4.52452380952381,2.1,4.9750000000000005,4.921792717086835,5.059010344086021,5.983749999999999,4.915846153846154,4.445200000000001,5.1585714285714275,5.4805276848755105,5.678928571428571,5.323333333333332,6.55,5.645489350912778,1.1085268602150529,2.0762499999999986,1.8765128205128203,1.6710333333333343,1.2944047619047607,1.080527684875511,1.154404761904761,3.2233333333333323,1.5749999999999993,0.7236966338259432,1.578,1,Riesgo multidimensional,4.555555555555556,5.033333333333334,0.47777777777777797,3,2,62,0,1,3,2,2.9,0,3.7,3.9,3.6,5.2,4.2,5.0,3.1,2.9,2.5,3.8,4.5,4.0,4.8,5.7,4.8,4.0,4.4,4.1,4.8,7.0,3.5,6.0,7.0,7.0,5.6,5.7,5.7,,,,4.3,2.95,5.5,3.78,2.12,3.7,1.15,1.0,1.53,,67.7,18,3,20,62,0,1,0.4180926238729324,0.9229487783720263,23 de May de 2026,23_05_26
16-044,7,7A,no_risk,0.00472611514362466,0.9503671719811438,0,False,Sin Riesgo,Random Forest v2,2026-05-25,5.71,6.14,5.29,5.34,5.53,5.45,5.61,5.79,6.21,5.34,confiable,confiable,confiable,confiable,confiable,orientativo,confiable,confiable,orientativo,no_viable,4.8643526390168965,5.321249999999999,3.725428571428572,4.277,4.299734848484849,4.8999999999999995,5.035714285714286,4.105,5.4350000000000005,5.182450980392157,6.615268602150538,7.0,6.368571428571429,6.382380952380952,6.3774999999999995,6.1258333333333335,6.186359890109889,7.0,6.92,5.563725490196078,1.7509159631336413,1.6787500000000009,2.6431428571428572,2.105380952380952,2.07776515151515,1.225833333333334,1.1506456043956037,2.8949999999999996,1.4849999999999994,0.3812745098039212,1.739,0,Rendimiento sólido,6.0,6.233333333333333,0.2333333333333335,0,0,75,0,0,0,6,4.9,0,5.3,4.9,4.0,6.6,5.5,7.0,5.2,5.7,4.3,6.2,6.4,6.1,6.0,6.9,5.9,5.4,6.2,6.3,6.4,7.0,4.4,6.3,6.9,4.6,6.6,6.6,7.0,,,,2.35,1.0,1.82,1.0,1.0,1.3,1.0,1.0,1.0,,80.0,10,2,15,75,0,0,0.0449067128752314,0.04963282801885606,23 de May de 2026,23_05_26
24-067,7,7A,no_risk,0.0247425662511982,0.8319689526360337,0,False,Sin Riesgo,Random Forest v2,2026-05-25,4.95,5.65,4.46,4.47,5.12,5.31,5.38,5.38,5.85,5.31,confiable,confiable,confiable,confiable,confiable,orientativo,confiable,confiable,orientativo,no_viable,4.49625,4.993333333333333,3.337083333333333,3.581752305665349,4.262671990171989,4.846648351648351,5.02031512605042,4.2250000000000005,5.156428571428572,5.1177899159663855,5.41832,6.586666666666666,5.851666666666667,5.5569999999999995,5.825847107438016,5.8,5.926119047619047,6.867142857142857,6.577499999999999,5.556299019607843,0.9220699999999997,1.5933333333333328,2.5145833333333334,1.9752476943346506,1.5631751172660273,0.9533516483516484,0.9058039215686273,2.642142857142857,1.4210714285714268,0.438509103641457,1.493,0,Rendimiento sólido,5.333333333333333,5.811111111111112,0.47777777777777775,0,0,51,0,0,0,4,4.7,0,4.1,5.1,6.6,5.9,5.7,5.0,5.2,4.7,4.6,5.0,5.2,5.1,5.7,6.4,6.4,5.1,5.1,4.9,5.5,7.0,6.4,5.7,7.0,7.0,5.8,6.1,6.0,,,,3.1,1.3,2.58,2.35,1.0,2.35,1.0,1.0,1.07,,70.6,9,5,15,51,0,0,0.1432884811127682,0.1680310473639664,23 de May de 2026,23_05_26
22-043,7,7A,recovery,0.143452289712673,0.47429223886714456,0,False,Sin Riesgo,Random Forest v2,2026-05-25,4.66,5.06,3.9,4.1,4.6,5.1,4.95,4.77,5.73,5.36,confiable,confiable,confiable,confiable,confiable,orientativo,confiable,confiable,orientativo,no_viable,3.7516766666666665,3.663333333333333,3.03,2.883809523809524,3.745,4.3999999999999995,4.231428571428571,3.33,4.915,5.066553921568627,5.218258572825024,5.93025974025974,5.124999999999999,5.941704545454545,5.329602272727273,5.735384615384615,5.6566558441558445,6.6535714285714285,6.450454545454544,5.725672268907562,1.4665819061583578,2.266926406926407,2.0949999999999993,3.057895021645021,1.584602272727273,1.3353846153846156,1.4252272727272732,3.3235714285714284,1.5354545454545443,0.6591183473389357,1.875,0,Rendimiento sólido,4.955555555555557,5.444444444444444,0.48888888888888893,0,0,49,0,0,0,3,4.0,0,4.0,4.0,5.5,4.8,4.8,5.0,4.7,4.3,4.8,4.8,4.8,4.4,5.0,6.2,4.9,4.5,5.0,5.1,4.6,7.0,3.5,6.5,7.0,4.4,5.7,5.9,5.7,,,,4.0,2.8,3.25,2.8,1.6,2.88,1.3,1.0,1.3,,69.4,8,15,15,49,0,0,0.47429223886714456,0.6177445285798175,23 de May de 2026,23_05_26
15-012,7,7A,no_risk,0.17978692971139795,0.41394931107690053,1,False,Sin Riesgo,Random Forest v2,2026-05-25,4.79,5.44,4.14,4.18,5.08,5.27,5.28,5.13,5.71,5.28,confiable,confiable,confiable,confiable,confiable,orientativo,confiable,confiable,orientativo,no_viable,4.4410787836021495,4.883809523809523,3.11,3.3676190476190473,4.352,4.766,4.889410714285714,4.250225563909775,5.153428571428572,5.003850267379678,5.129461129032258,6.039642857142857,5.03775,4.9725714285714275,5.7542727272727285,5.702222222222222,5.827619047619048,6.563256756756756,6.177499999999999,5.563970588235294,0.6883823454301083,1.1558333333333337,1.92775,1.6049523809523802,1.4022727272727282,0.9362222222222218,0.9382083333333338,2.3130311928469807,1.0240714285714274,0.5601203208556154,1.255,0,Rendimiento sólido,5.277777777777779,5.2,-0.07777777777777779,0,0,24,1,0,1,2,4.0,1,5.6,4.2,4.1,5.7,4.0,7.0,4.9,4.2,3.2,4.5,4.6,5.2,5.7,5.8,5.9,4.1,4.3,3.3,5.6,7.0,6.4,5.7,7.0,5.8,5.7,5.7,5.7,,,,2.65,2.72,3.18,3.18,1.38,3.7,1.0,1.0,1.45,,70.8,3,2,7,24,1,0,0.40626375921170166,0.5860506889230996,23 de May de 2026,23_05_26
23-120,7,7A,critical,0.35901940930708565,0.4598665151795814,3,True,Riesgo Confirmado,Random Forest v2,2026-05-25,4.63,5.25,3.71,3.81,4.37,5.1,4.83,4.07,5.78,5.34,confiable,confiable,confiable,confiable,confiable,orientativo,confiable,confiable,orientativo,no_viable,4.09582114592934,4.47,2.9657142857142857,2.470892857142857,2.786666666666667,4.565384615384615,3.130357142857143,1.8128571428571432,5.0266926605504585,5.0,5.076343010752688,5.994375000000001,4.735321100917432,5.24621212121212,5.2541090909090915,5.590000000000001,5.652857142857143,5.38376126126126,6.56,5.6764705882352935,0.9805218648233485,1.524375000000001,1.7696068152031459,2.7753192640692634,2.4674424242424244,1.0246153846153856,2.5225,3.5709041184041173,1.5333073394495411,0.6764705882352935,1.885,1,Riesgo multidimensional,4.9,4.977777777777778,0.07777777777777775,1,1,39,0,0,0,3,2.8,0,3.9,4.0,2.6,5.2,4.1,6.0,4.4,2.8,3.9,4.7,4.0,4.5,5.1,5.4,5.8,4.1,4.3,3.3,5.0,7.0,5.1,5.7,6.9,1.5,6.0,6.3,5.7,,,,4.08,3.03,4.6,3.47,2.12,3.7,1.0,1.0,1.0,,71.8,17,4,11,39,0,0,0.4598665151795814,0.8188859244866671,23 de May de 2026,23_05_26
17-027,7,7A,critical,0.438651590122777,0.45644600344146957,0,False,Riesgo Teórico,Random Forest v2,2026-05-25,4.5,5.1,3.86,3.58,4.54,5.0,5.16,3.9,5.75,5.34,confiable,confiable,confiable,confiable,confiable,orientativo,confiable,confiable,orientativo,no_viable,3.7730566666666667,4.101624999999999,3.0704545454545453,2.75,3.748333333333333,4.366666666666667,4.8225,1.8128571428571432,4.970833333333334,5.147230392156862,4.968305806451612,5.880357142857142,4.76673894912427,4.357990430622009,5.186477272727272,5.5275,5.678571428571428,5.22683277027027,6.502,5.618235294117648,1.1952491397849454,1.7787321428571428,1.6962844036697247,1.6079904306220092,1.4381439393939388,1.1608333333333327,0.8560714285714282,3.4139756274131265,1.5311666666666657,0.4710049019607858,1.515,1,Riesgo multidimensional,4.711111111111112,5.122222222222223,0.41111111111111104,1,2,25,0,0,0,2,3.6,0,3.4,3.6,6.5,4.6,4.7,5.0,4.0,4.0,5.0,4.0,4.5,4.5,5.4,5.5,4.7,4.7,3.9,4.3,4.4,7.0,5.3,5.4,7.0,4.6,6.5,5.9,5.7,,,,4.75,3.03,4.0,3.62,1.82,3.55,1.45,1.0,1.0,,52.0,4,1,12,25,0,0,0.45644600344146957,0.8950975935642466,23 de May de 2026,23_05_26
25-293,7,7A,critical,0.546708841476469,0.546708841476469,0,False,Riesgo Teórico,Random Forest v2,2026-05-25,4.62,5.41,4.24,3.88,3.82,4.86,4.12,3.96,5.88,5.23,confiable,confiable,confiable,confiable,confiable,orientativo,confiable,confiable,orientativo,no_viable,4.019665357142856,4.196666666666667,2.698042813455657,1.8999999999999997,2.2,4.368557692307692,2.1966666666666668,1.132,5.2155000000000005,5.074558823529412,5.083422867383512,6.421666666666667,5.31524186822352,6.058333333333334,4.922954545454545,5.352664835164835,5.035714285714286,6.507432432432432,6.643608562691131,5.327180727554179,1.0637575102406558,2.2249999999999996,2.617199054767863,4.158333333333334,2.722954545454545,0.9841071428571428,2.839047619047619,5.375432432432432,1.428108562691131,0.2526219040247666,2.367,0,Rendimiento sólido,,,,0,0,3,0,0,0,0,,0,,,2.6,,,4.7,,,4.6,,,4.7,,,3.7,,,3.9,,,5.3,,,4.5,,,5.0,,,,,,,,,,,,,,100.0,2,0,0,3,0,0,0.3372215990457375,0.8839304405222066,23 de May de 2026,23_05_26
21-110,7,7A,no_risk,0.01251446231811182,0.8896674840169356,0,False,Sin Riesgo,Random Forest v2,2026-05-25,5.45,6.05,4.92,5.15,5.33,5.36,5.53,5.83,6.18,5.3,confiable,confiable,confiable,confiable,confiable,orientativo,confiable,confiable,orientativo,no_viable,4.693923924731183,5.18422619047619,3.5816666666666666,4.013011363636363,4.23076923076923,4.884948717948719,5.035714285714286,4.152261904761905,5.31,5.108205882352941,6.516985,6.9662500000000005,6.303999999999999,6.399743589743589,6.255,5.942923076923076,6.338095238095238,7.0,6.951,5.58344537815126,1.823061075268817,1.7820238095238103,2.722333333333333,2.3867322261072257,2.02423076923077,1.0579743589743575,1.3023809523809522,2.8477380952380953,1.641,0.47523949579831903,1.806,0,Rendimiento sólido,5.855555555555556,5.977777777777778,0.12222222222222238,0,0,70,0,0,0,4,4.7,0,4.9,4.7,4.7,6.6,6.0,7.0,5.3,4.7,4.7,6.2,5.7,5.6,6.4,6.4,6.4,5.1,5.7,6.1,6.0,7.0,5.3,6.1,7.0,4.7,6.1,6.6,6.0,,,,2.8,1.0,2.5,1.08,1.0,1.9,1.0,1.0,1.0,,84.3,9,3,11,70,0,0,0.09781805366495248,0.1103325159830643,23 de May de 2026,23_05_26
20-179,7,7A,no_risk,0.007738298955773765,0.9223479336699718,0,False,Sin Riesgo,Random Forest v2,2026-05-25,5.87,6.28,5.48,5.41,5.72,5.42,5.66,6.1,6.19,5.34,confiable,confiable,confiable,confiable,confiable,orientativo,confiable,confiable,orientativo,no_viable,4.759255505376344,5.3435,3.8624571200638216,4.238857142857142,4.8136363636363635,4.85,5.035714285714286,4.415,4.911666666666667,5.212442810457516,6.717499999999999,7.0,6.3999999999999995,6.4317142857142855,6.5,6.166666666666667,6.281999999999999,7.0,6.959999999999999,5.615602240896358,1.9582444946236555,1.6565000000000003,2.537542879936178,2.192857142857143,1.6863636363636365,1.3166666666666673,1.2462857142857136,2.585,2.048333333333332,0.4031594304388424,1.763,0,Rendimiento sólido,6.177777777777778,6.366666666666666,0.1888888888888888,0,0,76,0,0,0,8,5.0,0,5.0,6.1,6.5,6.8,6.3,7.0,5.2,5.0,6.4,6.4,6.3,6.4,6.7,6.5,6.2,7.0,6.7,7.0,6.2,7.0,7.0,6.3,7.0,7.0,6.0,6.4,6.3,,,,1.68,1.0,2.35,1.0,1.0,1.0,1.0,1.0,1.0,,59.2,5,4,31,76,0,0,0.06991376737425439,0.07765206633002816,23 de May de 2026,23_05_26
17-037,7,7A,no_risk,0.012866745451263026,0.9159377291640927,0,False,Sin Riesgo,Random Forest v2,2026-05-25,5.44,5.97,4.96,5.11,5.36,5.39,5.59,5.32,6.22,5.34,confiable,confiable,confiable,confiable,confiable,orientativo,confiable,confiable,orientativo,no_viable,4.780924927419355,5.2,3.573055555555556,4.023094736842105,4.353626827717736,4.85,5.035714285714286,3.4400000000000004,5.617500000000001,5.145588235294117,6.4499775,6.884047619047618,6.268571428571429,6.1850000000000005,6.2025,6.0,6.16385989010989,7.0,6.9,5.5302614379084964,1.6690525725806449,1.6840476190476181,2.695515873015873,2.1619052631578954,1.8488731722822633,1.1500000000000004,1.1281456043956046,3.5599999999999996,1.2824999999999998,0.38467320261437976,1.756,0,Rendimiento sólido,5.844444444444445,5.977777777777778,0.13333333333333325,0,0,71,0,0,0,3,5.1,0,5.5,5.6,5.6,5.7,5.7,6.0,5.8,5.5,4.9,5.1,5.1,5.5,6.1,6.0,5.3,6.0,5.8,5.9,6.7,7.0,6.4,5.3,7.0,7.0,6.4,6.1,7.0,,,,1.68,1.45,1.52,2.35,1.0,1.15,1.0,1.0,1.0,,63.4,11,1,26,71,0,0,0.07119552538464437,0.0840622708359074,23 de May de 2026,23_05_26
15-089,7,7A,no_risk,0.039175488229428804,0.7219981604505867,0,False,Sin Riesgo,Random Forest v2,2026-05-25,5.3,5.97,4.89,4.99,5.23,5.26,5.41,5.83,6.08,5.28,confiable,confiable,confiable,confiable,confiable,orientativo,confiable,confiable,orientativo,no_viable,4.612723835125448,5.0811111111111105,3.5540000000000003,3.918,4.180476190476191,4.775,5.035714285714286,4.327252747252747,5.2475000000000005,5.132171945701358,6.380333333333333,7.0,6.26,6.335,6.203333333333332,5.833714285714286,6.200714285714286,7.0,6.9,5.449669117647058,1.767609498207885,1.9188888888888895,2.7059999999999995,2.417,2.0228571428571414,1.0587142857142853,1.165,2.6727472527472527,1.6524999999999999,0.3174971719457007,1.77,0,Rendimiento sólido,5.666666666666667,5.775,0.15000000000000002,0,0,28,3,0,3,3,4.4,0,4.9,4.5,4.5,5.8,6.5,7.0,4.7,4.4,3.8,5.5,5.5,5.6,6.0,6.0,5.4,5.5,5.8,5.3,6.0,,5.3,6.3,7.0,5.4,6.3,6.5,5.7,,,,2.95,1.0,3.17,1.75,1.0,1.52,,1.0,1.0,,71.4,6,0,8,28,3,0,0.23882635131998492,0.2780018395494137,23 de May de 2026,23_05_26
16-001,7,7A,recovery,0.18474783101138673,0.4768382469447732,1,False,Sin Riesgo,Random Forest v2,2026-05-25,4.58,5.02,3.8,3.77,4.7,5.04,5.16,4.56,5.68,5.34,confiable,confiable,confiable,confiable,confiable,orientativo,confiable,confiable,orientativo,no_viable,4.027526860215054,3.8935416666666662,3.006923076923077,2.883809523809524,3.899204545454545,4.326964285714285,4.798571428571428,3.5429999999999993,5.0,5.065514705882353,5.0684401075268815,5.729937888198757,4.707268093781854,4.5377777777777775,5.293799999999999,5.646005244755244,5.6566558441558445,5.491689189189189,6.337777777777777,5.672091503267973,1.0409132473118277,1.8363962215320906,1.7003450168587775,1.6539682539682534,1.394595454545454,1.3190409590409589,0.8580844155844165,1.9486891891891895,1.3377777777777773,0.6065767973856202,1.37,1,Riesgo multidimensional,4.955555555555555,5.333333333333333,0.3777777777777776,0,1,48,0,0,0,2,3.8,0,4.3,3.8,3.9,5.2,4.6,5.0,4.9,4.6,3.6,4.5,4.5,4.7,5.3,6.0,3.5,4.4,4.5,3.6,4.8,7.0,5.1,5.3,7.0,4.2,5.9,6.0,5.7,,,,3.92,2.65,2.88,3.25,1.53,3.32,1.15,1.0,1.08,,85.4,16,4,7,48,0,0,0.4768382469447732,0.66158607795616,23 de May de 2026,23_05_26
